2026-02-18T03:22:48.947+02:00  INFO 3928 --- [medical-crm] [main] c.m.backend.MedicalCrmApplication        : Starting MedicalCrmApplication using Java 17.0.6 with PID 3928 (D:\P&I\backend\target\classes started by steli in D:\P&I\backend)
2026-02-18T03:22:48.950+02:00 DEBUG 3928 --- [medical-crm] [main] c.m.backend.MedicalCrmApplication        : Running with Spring Boot v3.2.5, Spring v6.1.6
2026-02-18T03:22:48.951+02:00  INFO 3928 --- [medical-crm] [main] c.m.backend.MedicalCrmApplication        : No active profile set, falling back to 1 default profile: "default"
2026-02-18T03:22:48.952+02:00 DEBUG 3928 --- [medical-crm] [main] o.s.boot.SpringApplication               : Loading source class com.medicalcrm.backend.MedicalCrmApplication
2026-02-18T03:22:49.010+02:00 DEBUG 3928 --- [medical-crm] [main] ConfigServletWebServerApplicationContext : Refreshing org.springframework.boot.web.servlet.context.AnnotationConfigServletWebServerApplicationContext@e54303
2026-02-18T03:22:49.035+02:00 DEBUG 3928 --- [medical-crm] [main] o.s.b.f.s.DefaultListableBeanFactory     : Creating shared instance of singleton bean 'org.springframework.context.annotation.internalConfigurationAnnotationProcessor'
2026-02-18T03:22:49.054+02:00 DEBUG 3928 --- [medical-crm] [main] o.s.b.f.s.DefaultListableBeanFactory     : Creating shared instance of singleton bean 'org.springframework.boot.autoconfigure.internalCachingMetadataReaderFactory'
2026-02-18T03:22:49.152+02:00 DEBUG 3928 --- [medical-crm] [main] o.s.c.a.ClassPathBeanDefinitionScanner   : Identified candidate component class: file [D:\P&I\backend\target\classes\com\medicalcrm\backend\config\SecurityConfig.class]
2026-02-18T03:22:49.153+02:00 DEBUG 3928 --- [medical-crm] [main] o.s.c.a.ClassPathBeanDefinitionScanner   : Identified candidate component class: file [D:\P&I\backend\target\classes\com\medicalcrm\backend\config\SwaggerConfig.class]
2026-02-18T03:22:49.180+02:00 DEBUG 3928 --- [medical-crm] [main] o.s.c.a.ClassPathBeanDefinitionScanner   : Identified candidate component class: file [D:\P&I\backend\target\classes\com\medicalcrm\backend\controller\AppointmentController.class]
2026-02-18T03:22:49.181+02:00 DEBUG 3928 --- [medical-crm] [main] o.s.c.a.ClassPathBeanDefinitionScanner   : Identified candidate component class: file [D:\P&I\backend\target\classes\com\medicalcrm\backend\controller\AuthController.class]
2026-02-18T03:22:49.183+02:00 DEBUG 3928 --- [medical-crm] [main] o.s.c.a.ClassPathBeanDefinitionScanner   : Identified candidate component class: file [D:\P&I\backend\target\classes\com\medicalcrm\backend\controller\DoctorController.class]
2026-02-18T03:22:49.184+02:00 DEBUG 3928 --- [medical-crm] [main] o.s.c.a.ClassPathBeanDefinitionScanner   : Identified candidate component class: file [D:\P&I\backend\target\classes\com\medicalcrm\backend\controller\MedicalServiceController.class]
2026-02-18T03:22:49.186+02:00 DEBUG 3928 --- [medical-crm] [main] o.s.c.a.ClassPathBeanDefinitionScanner   : Identified candidate component class: file [D:\P&I\backend\target\classes\com\medicalcrm\backend\controller\PatientController.class]
2026-02-18T03:22:49.188+02:00 DEBUG 3928 --- [medical-crm] [main] o.s.c.a.ClassPathBeanDefinitionScanner   : Identified candidate component class: file [D:\P&I\backend\target\classes\com\medicalcrm\backend\controller\PaymentController.class]
2026-02-18T03:22:49.190+02:00 DEBUG 3928 --- [medical-crm] [main] o.s.c.a.ClassPathBeanDefinitionScanner   : Identified candidate component class: file [D:\P&I\backend\target\classes\com\medicalcrm\backend\controller\UserController.class]
2026-02-18T03:22:49.212+02:00 DEBUG 3928 --- [medical-crm] [main] o.s.c.a.ClassPathBeanDefinitionScanner   : Identified candidate component class: file [D:\P&I\backend\target\classes\com\medicalcrm\backend\exception\GlobalExceptionHandler.class]
2026-02-18T03:22:49.236+02:00 DEBUG 3928 --- [medical-crm] [main] o.s.c.a.ClassPathBeanDefinitionScanner   : Identified candidate component class: file [D:\P&I\backend\target\classes\com\medicalcrm\backend\security\CustomUserDetailsService.class]
2026-02-18T03:22:49.237+02:00 DEBUG 3928 --- [medical-crm] [main] o.s.c.a.ClassPathBeanDefinitionScanner   : Identified candidate component class: file [D:\P&I\backend\target\classes\com\medicalcrm\backend\security\JwtAuthenticationFilter.class]
2026-02-18T03:22:49.238+02:00 DEBUG 3928 --- [medical-crm] [main] o.s.c.a.ClassPathBeanDefinitionScanner   : Identified candidate component class: file [D:\P&I\backend\target\classes\com\medicalcrm\backend\security\JwtService.class]
2026-02-18T03:22:49.241+02:00 DEBUG 3928 --- [medical-crm] [main] o.s.c.a.ClassPathBeanDefinitionScanner   : Identified candidate component class: file [D:\P&I\backend\target\classes\com\medicalcrm\backend\service\impl\AppointmentServiceImpl.class]
2026-02-18T03:22:49.242+02:00 DEBUG 3928 --- [medical-crm] [main] o.s.c.a.ClassPathBeanDefinitionScanner   : Identified candidate component class: file [D:\P&I\backend\target\classes\com\medicalcrm\backend\service\impl\DoctorServiceImpl.class]
2026-02-18T03:22:49.243+02:00 DEBUG 3928 --- [medical-crm] [main] o.s.c.a.ClassPathBeanDefinitionScanner   : Identified candidate component class: file [D:\P&I\backend\target\classes\com\medicalcrm\backend\service\impl\MedicalServiceServiceImpl.class]
2026-02-18T03:22:49.245+02:00 DEBUG 3928 --- [medical-crm] [main] o.s.c.a.ClassPathBeanDefinitionScanner   : Identified candidate component class: file [D:\P&I\backend\target\classes\com\medicalcrm\backend\service\impl\PatientServiceImpl.class]
2026-02-18T03:22:49.246+02:00 DEBUG 3928 --- [medical-crm] [main] o.s.c.a.ClassPathBeanDefinitionScanner   : Identified candidate component class: file [D:\P&I\backend\target\classes\com\medicalcrm\backend\service\impl\PaymentServiceImpl.class]
2026-02-18T03:22:49.248+02:00 DEBUG 3928 --- [medical-crm] [main] o.s.c.a.ClassPathBeanDefinitionScanner   : Identified candidate component class: file [D:\P&I\backend\target\classes\com\medicalcrm\backend\service\impl\UserServiceImpl.class]
2026-02-18T03:22:49.250+02:00 DEBUG 3928 --- [medical-crm] [main] o.s.c.a.ClassPathBeanDefinitionScanner   : Identified candidate component class: file [D:\P&I\backend\target\classes\com\medicalcrm\backend\service\LogClass.class]
2026-02-18T03:22:50.002+02:00  INFO 3928 --- [medical-crm] [main] .s.d.r.c.RepositoryConfigurationDelegate : Bootstrapping Spring Data JPA repositories in DEFAULT mode.
2026-02-18T03:22:50.019+02:00 DEBUG 3928 --- [medical-crm] [main] o.s.b.f.s.DefaultListableBeanFactory     : Creating shared instance of singleton bean 'org.springframework.boot.autoconfigure.AutoConfigurationPackages'
2026-02-18T03:22:50.026+02:00 DEBUG 3928 --- [medical-crm] [main] o.s.b.a.AutoConfigurationPackages        : @EnableAutoConfiguration was declared on a class in the package 'com.medicalcrm.backend'. Automatic @Repository and @Entity scanning is enabled.
2026-02-18T03:22:50.028+02:00 DEBUG 3928 --- [medical-crm] [main] .s.d.r.c.RepositoryConfigurationDelegate : Scanning for JPA repositories in packages com.medicalcrm.backend.
2026-02-18T03:22:50.045+02:00 DEBUG 3928 --- [medical-crm] [main] o.s.d.r.c.RepositoryComponentProvider    : Identified candidate component class: file [D:\P&I\backend\target\classes\com\medicalcrm\backend\repository\AppointmentRepository.class]
2026-02-18T03:22:50.045+02:00 DEBUG 3928 --- [medical-crm] [main] o.s.d.r.c.RepositoryComponentProvider    : Identified candidate component class: file [D:\P&I\backend\target\classes\com\medicalcrm\backend\repository\DoctorRepository.class]
2026-02-18T03:22:50.045+02:00 DEBUG 3928 --- [medical-crm] [main] o.s.d.r.c.RepositoryComponentProvider    : Identified candidate component class: file [D:\P&I\backend\target\classes\com\medicalcrm\backend\repository\MedicalServiceRepository.class]
2026-02-18T03:22:50.046+02:00 DEBUG 3928 --- [medical-crm] [main] o.s.d.r.c.RepositoryComponentProvider    : Identified candidate component class: file [D:\P&I\backend\target\classes\com\medicalcrm\backend\repository\PatientRepository.class]
2026-02-18T03:22:50.046+02:00 DEBUG 3928 --- [medical-crm] [main] o.s.d.r.c.RepositoryComponentProvider    : Identified candidate component class: file [D:\P&I\backend\target\classes\com\medicalcrm\backend\repository\PaymentRepository.class]
2026-02-18T03:22:50.046+02:00 DEBUG 3928 --- [medical-crm] [main] o.s.d.r.c.RepositoryComponentProvider    : Identified candidate component class: file [D:\P&I\backend\target\classes\com\medicalcrm\backend\repository\UserRepository.class]
2026-02-18T03:22:50.094+02:00 DEBUG 3928 --- [medical-crm] [main] ssPathScanningCandidateComponentProvider : Identified candidate component class: file [D:\P&I\backend\target\classes\com\medicalcrm\backend\service\impl\AppointmentServiceImpl.class]
2026-02-18T03:22:50.094+02:00 DEBUG 3928 --- [medical-crm] [main] ssPathScanningCandidateComponentProvider : Identified candidate component class: file [D:\P&I\backend\target\classes\com\medicalcrm\backend\service\impl\DoctorServiceImpl.class]
2026-02-18T03:22:50.094+02:00 DEBUG 3928 --- [medical-crm] [main] ssPathScanningCandidateComponentProvider : Identified candidate component class: file [D:\P&I\backend\target\classes\com\medicalcrm\backend\service\impl\MedicalServiceServiceImpl.class]
2026-02-18T03:22:50.094+02:00 DEBUG 3928 --- [medical-crm] [main] ssPathScanningCandidateComponentProvider : Identified candidate component class: file [D:\P&I\backend\target\classes\com\medicalcrm\backend\service\impl\PatientServiceImpl.class]
2026-02-18T03:22:50.094+02:00 DEBUG 3928 --- [medical-crm] [main] ssPathScanningCandidateComponentProvider : Identified candidate component class: file [D:\P&I\backend\target\classes\com\medicalcrm\backend\service\impl\PaymentServiceImpl.class]
2026-02-18T03:22:50.095+02:00 DEBUG 3928 --- [medical-crm] [main] ssPathScanningCandidateComponentProvider : Identified candidate component class: file [D:\P&I\backend\target\classes\com\medicalcrm\backend\service\impl\UserServiceImpl.class]
2026-02-18T03:22:50.118+02:00  INFO 3928 --- [medical-crm] [main] .s.d.r.c.RepositoryConfigurationDelegate : Finished Spring Data repository scanning in 87 ms. Found 6 JPA repository interfaces.
2026-02-18T03:22:50.228+02:00 DEBUG 3928 --- [medical-crm] [main] o.s.b.f.s.DefaultListableBeanFactory     : Creating shared instance of singleton bean 'springSecurityHandlerMappingIntrospectorBeanDefinitionRegistryPostProcessor'
2026-02-18T03:22:50.343+02:00 DEBUG 3928 --- [medical-crm] [main] o.s.b.f.s.DefaultListableBeanFactory     : Creating shared instance of singleton bean 'propertySourcesPlaceholderConfigurer'
2026-02-18T03:22:50.348+02:00 DEBUG 3928 --- [medical-crm] [main] o.s.b.f.s.DefaultListableBeanFactory     : Creating shared instance of singleton bean 'emBeanDefinitionRegistrarPostProcessor'
2026-02-18T03:22:50.349+02:00 DEBUG 3928 --- [medical-crm] [main] o.s.b.f.s.DefaultListableBeanFactory     : Creating shared instance of singleton bean 'org.springframework.boot.sql.init.dependency.DatabaseInitializationDependencyConfigurer$DependsOnDatabaseInitializationPostProcessor'
2026-02-18T03:22:50.387+02:00 DEBUG 3928 --- [medical-crm] [main] o.s.b.f.s.DefaultListableBeanFactory     : Creating shared instance of singleton bean 'org.springframework.context.event.internalEventListenerProcessor'
2026-02-18T03:22:50.389+02:00 DEBUG 3928 --- [medical-crm] [main] o.s.b.f.s.DefaultListableBeanFactory     : Creating shared instance of singleton bean 'preserveErrorControllerTargetClassPostProcessor'
2026-02-18T03:22:50.389+02:00 DEBUG 3928 --- [medical-crm] [main] o.s.b.f.s.DefaultListableBeanFactory     : Creating shared instance of singleton bean 'conversionServicePostProcessor'
2026-02-18T03:22:50.396+02:00 DEBUG 3928 --- [medical-crm] [main] o.s.b.f.s.DefaultListableBeanFactory     : Creating shared instance of singleton bean 'org.springframework.context.event.internalEventListenerFactory'
2026-02-18T03:22:50.397+02:00 DEBUG 3928 --- [medical-crm] [main] o.s.b.f.s.DefaultListableBeanFactory     : Creating shared instance of singleton bean 'org.springframework.transaction.config.internalTransactionalEventListenerFactory'
2026-02-18T03:22:50.401+02:00 DEBUG 3928 --- [medical-crm] [main] o.s.b.f.s.DefaultListableBeanFactory     : Creating shared instance of singleton bean 'org.springframework.context.annotation.internalAutowiredAnnotationProcessor'
2026-02-18T03:22:50.403+02:00 DEBUG 3928 --- [medical-crm] [main] o.s.b.f.s.DefaultListableBeanFactory     : Creating shared instance of singleton bean 'org.springframework.context.annotation.internalCommonAnnotationProcessor'
2026-02-18T03:22:50.407+02:00 DEBUG 3928 --- [medical-crm] [main] o.s.b.f.s.DefaultListableBeanFactory     : Creating shared instance of singleton bean 'org.springframework.context.annotation.internalPersistenceAnnotationProcessor'
2026-02-18T03:22:50.407+02:00 DEBUG 3928 --- [medical-crm] [main] o.s.b.f.s.DefaultListableBeanFactory     : Creating shared instance of singleton bean 'org.springframework.boot.context.properties.ConfigurationPropertiesBindingPostProcessor'
2026-02-18T03:22:50.408+02:00 DEBUG 3928 --- [medical-crm] [main] o.s.b.f.s.DefaultListableBeanFactory     : Creating shared instance of singleton bean 'org.springframework.boot.context.internalConfigurationPropertiesBinder'
2026-02-18T03:22:50.410+02:00 DEBUG 3928 --- [medical-crm] [main] o.s.b.f.s.DefaultListableBeanFactory     : Creating shared instance of singleton bean 'jdbcConnectionDetailsHikariBeanPostProcessor'
2026-02-18T03:22:50.413+02:00 DEBUG 3928 --- [medical-crm] [main] o.s.b.f.s.DefaultListableBeanFactory     : Creating shared instance of singleton bean 'org.springframework.aop.config.internalAutoProxyCreator'
2026-02-18T03:22:50.436+02:00 DEBUG 3928 --- [medical-crm] [main] o.s.b.f.s.DefaultListableBeanFactory     : Creating shared instance of singleton bean 'methodValidationPostProcessor'
2026-02-18T03:22:50.472+02:00 DEBUG 3928 --- [medical-crm] [main] o.s.b.f.s.DefaultListableBeanFactory     : Autowiring by type from bean name 'methodValidationPostProcessor' via factory method to bean named 'environment'
2026-02-18T03:22:50.475+02:00 DEBUG 3928 --- [medical-crm] [main] o.s.b.f.s.DefaultListableBeanFactory     : Creating shared instance of singleton bean 'org.springframework.boot.context.properties.EnableConfigurationPropertiesRegistrar.methodValidationExcludeFilter'
2026-02-18T03:22:50.492+02:00 DEBUG 3928 --- [medical-crm] [main] o.s.b.f.s.DefaultListableBeanFactory     : Creating shared instance of singleton bean 'persistenceExceptionTranslationPostProcessor'
2026-02-18T03:22:50.494+02:00 DEBUG 3928 --- [medical-crm] [main] o.s.b.f.s.DefaultListableBeanFactory     : Autowiring by type from bean name 'persistenceExceptionTranslationPostProcessor' via factory method to bean named 'environment'
2026-02-18T03:22:50.496+02:00 DEBUG 3928 --- [medical-crm] [main] o.s.b.f.s.DefaultListableBeanFactory     : Creating shared instance of singleton bean 'webServerFactoryCustomizerBeanPostProcessor'
2026-02-18T03:22:50.497+02:00 DEBUG 3928 --- [medical-crm] [main] o.s.b.f.s.DefaultListableBeanFactory     : Creating shared instance of singleton bean 'errorPageRegistrarBeanPostProcessor'
2026-02-18T03:22:50.497+02:00 DEBUG 3928 --- [medical-crm] [main] o.s.b.f.s.DefaultListableBeanFactory     : Creating shared instance of singleton bean 'projectingArgumentResolverBeanPostProcessor'
2026-02-18T03:22:50.499+02:00 DEBUG 3928 --- [medical-crm] [main] o.s.b.f.s.DefaultListableBeanFactory     : Creating shared instance of singleton bean 'preFilterAuthorizationAdvisor'
2026-02-18T03:22:50.500+02:00 DEBUG 3928 --- [medical-crm] [main] o.s.b.f.s.DefaultListableBeanFactory     : Autowiring by type from bean name 'preFilterAuthorizationAdvisor' via factory method to bean named 'org.springframework.boot.web.servlet.context.AnnotationConfigServletWebServerApplicationContext@e54303'
2026-02-18T03:22:50.516+02:00 DEBUG 3928 --- [medical-crm] [main] o.s.b.f.s.DefaultListableBeanFactory     : Creating shared instance of singleton bean 'preAuthorizeAuthorizationAdvisor'
2026-02-18T03:22:50.517+02:00 DEBUG 3928 --- [medical-crm] [main] o.s.b.f.s.DefaultListableBeanFactory     : Autowiring by type from bean name 'preAuthorizeAuthorizationAdvisor' via factory method to bean named 'org.springframework.boot.web.servlet.context.AnnotationConfigServletWebServerApplicationContext@e54303'
2026-02-18T03:22:50.523+02:00 DEBUG 3928 --- [medical-crm] [main] o.s.b.f.s.DefaultListableBeanFactory     : Creating shared instance of singleton bean 'postFilterAuthorizationAdvisor'
2026-02-18T03:22:50.524+02:00 DEBUG 3928 --- [medical-crm] [main] o.s.b.f.s.DefaultListableBeanFactory     : Autowiring by type from bean name 'postFilterAuthorizationAdvisor' via factory method to bean named 'org.springframework.boot.web.servlet.context.AnnotationConfigServletWebServerApplicationContext@e54303'
2026-02-18T03:22:50.526+02:00 DEBUG 3928 --- [medical-crm] [main] o.s.b.f.s.DefaultListableBeanFactory     : Creating shared instance of singleton bean 'postAuthorizeAuthorizationAdvisor'
2026-02-18T03:22:50.527+02:00 DEBUG 3928 --- [medical-crm] [main] o.s.b.f.s.DefaultListableBeanFactory     : Autowiring by type from bean name 'postAuthorizeAuthorizationAdvisor' via factory method to bean named 'org.springframework.boot.web.servlet.context.AnnotationConfigServletWebServerApplicationContext@e54303'
2026-02-18T03:22:50.531+02:00 DEBUG 3928 --- [medical-crm] [main] o.s.b.f.s.DefaultListableBeanFactory     : Creating shared instance of singleton bean 'org.springframework.transaction.config.internalTransactionAdvisor'
2026-02-18T03:22:50.532+02:00 DEBUG 3928 --- [medical-crm] [main] o.s.b.f.s.DefaultListableBeanFactory     : Creating shared instance of singleton bean 'org.springframework.transaction.annotation.ProxyTransactionManagementConfiguration'
2026-02-18T03:22:50.547+02:00 DEBUG 3928 --- [medical-crm] [main] o.s.b.f.s.DefaultListableBeanFactory     : Creating shared instance of singleton bean 'transactionAttributeSource'
2026-02-18T03:22:50.553+02:00 DEBUG 3928 --- [medical-crm] [main] o.s.b.f.s.DefaultListableBeanFactory     : Creating shared instance of singleton bean 'transactionInterceptor'
2026-02-18T03:22:50.554+02:00 DEBUG 3928 --- [medical-crm] [main] o.s.b.f.s.DefaultListableBeanFactory     : Autowiring by type from bean name 'transactionInterceptor' via factory method to bean named 'transactionAttributeSource'
2026-02-18T03:22:50.559+02:00 DEBUG 3928 --- [medical-crm] [main] o.s.b.f.s.DefaultListableBeanFactory     : Autowiring by type from bean name 'org.springframework.transaction.config.internalTransactionAdvisor' via factory method to bean named 'transactionAttributeSource'
2026-02-18T03:22:50.559+02:00 DEBUG 3928 --- [medical-crm] [main] o.s.b.f.s.DefaultListableBeanFactory     : Autowiring by type from bean name 'org.springframework.transaction.config.internalTransactionAdvisor' via factory method to bean named 'transactionInterceptor'
2026-02-18T03:22:50.580+02:00 DEBUG 3928 --- [medical-crm] [main] o.s.u.c.s.UiApplicationContextUtils      : Unable to locate ThemeSource with name 'themeSource': using default [org.springframework.ui.context.support.ResourceBundleThemeSource@11f9535b]
2026-02-18T03:22:50.580+02:00 DEBUG 3928 --- [medical-crm] [main] o.s.b.f.s.DefaultListableBeanFactory     : Creating shared instance of singleton bean 'tomcatServletWebServerFactory'
2026-02-18T03:22:50.581+02:00 DEBUG 3928 --- [medical-crm] [main] o.s.b.f.s.DefaultListableBeanFactory     : Creating shared instance of singleton bean 'org.springframework.boot.autoconfigure.web.servlet.ServletWebServerFactoryConfiguration$EmbeddedTomcat'
2026-02-18T03:22:50.629+02:00 DEBUG 3928 --- [medical-crm] [main] o.s.b.f.s.DefaultListableBeanFactory     : Creating shared instance of singleton bean 'websocketServletWebServerCustomizer'
2026-02-18T03:22:50.629+02:00 DEBUG 3928 --- [medical-crm] [main] o.s.b.f.s.DefaultListableBeanFactory     : Creating shared instance of singleton bean 'org.springframework.boot.autoconfigure.websocket.servlet.WebSocketServletAutoConfiguration$TomcatWebSocketConfiguration'
2026-02-18T03:22:50.632+02:00 DEBUG 3928 --- [medical-crm] [main] o.s.b.f.s.DefaultListableBeanFactory     : Creating shared instance of singleton bean 'servletWebServerFactoryCustomizer'
2026-02-18T03:22:50.632+02:00 DEBUG 3928 --- [medical-crm] [main] o.s.b.f.s.DefaultListableBeanFactory     : Creating shared instance of singleton bean 'org.springframework.boot.autoconfigure.web.servlet.ServletWebServerFactoryAutoConfiguration'
2026-02-18T03:22:50.634+02:00 DEBUG 3928 --- [medical-crm] [main] o.s.b.f.s.DefaultListableBeanFactory     : Creating shared instance of singleton bean 'server-org.springframework.boot.autoconfigure.web.ServerProperties'
2026-02-18T03:22:50.643+02:00 DEBUG 3928 --- [medical-crm] [main] o.s.b.f.s.DefaultListableBeanFactory     : Creating shared instance of singleton bean 'org.springframework.boot.context.properties.BoundConfigurationProperties'
2026-02-18T03:22:50.661+02:00 DEBUG 3928 --- [medical-crm] [main] o.s.b.f.s.DefaultListableBeanFactory     : Autowiring by type from bean name 'servletWebServerFactoryCustomizer' via factory method to bean named 'server-org.springframework.boot.autoconfigure.web.ServerProperties'
2026-02-18T03:22:50.662+02:00 DEBUG 3928 --- [medical-crm] [main] o.s.b.f.s.DefaultListableBeanFactory     : Creating shared instance of singleton bean 'sslBundleRegistry'
2026-02-18T03:22:50.662+02:00 DEBUG 3928 --- [medical-crm] [main] o.s.b.f.s.DefaultListableBeanFactory     : Creating shared instance of singleton bean 'org.springframework.boot.autoconfigure.ssl.SslAutoConfiguration'
2026-02-18T03:22:50.663+02:00 DEBUG 3928 --- [medical-crm] [main] o.s.b.f.s.DefaultListableBeanFactory     : Creating shared instance of singleton bean 'spring.ssl-org.springframework.boot.autoconfigure.ssl.SslProperties'
2026-02-18T03:22:50.666+02:00 DEBUG 3928 --- [medical-crm] [main] o.s.b.f.s.DefaultListableBeanFactory     : Autowiring by type from bean name 'org.springframework.boot.autoconfigure.ssl.SslAutoConfiguration' via constructor to bean named 'spring.ssl-org.springframework.boot.autoconfigure.ssl.SslProperties'
2026-02-18T03:22:50.668+02:00 DEBUG 3928 --- [medical-crm] [main] o.s.b.f.s.DefaultListableBeanFactory     : Creating shared instance of singleton bean 'sslPropertiesSslBundleRegistrar'
2026-02-18T03:22:50.668+02:00 DEBUG 3928 --- [medical-crm] [main] o.s.b.f.s.DefaultListableBeanFactory     : Creating shared instance of singleton bean 'fileWatcher'
2026-02-18T03:22:50.670+02:00 DEBUG 3928 --- [medical-crm] [main] o.s.b.f.s.DefaultListableBeanFactory     : Autowiring by type from bean name 'sslPropertiesSslBundleRegistrar' via factory method to bean named 'fileWatcher'
2026-02-18T03:22:50.678+02:00 DEBUG 3928 --- [medical-crm] [main] o.s.b.f.s.DefaultListableBeanFactory     : Creating shared instance of singleton bean 'tomcatServletWebServerFactoryCustomizer'
2026-02-18T03:22:50.679+02:00 DEBUG 3928 --- [medical-crm] [main] o.s.b.f.s.DefaultListableBeanFactory     : Autowiring by type from bean name 'tomcatServletWebServerFactoryCustomizer' via factory method to bean named 'server-org.springframework.boot.autoconfigure.web.ServerProperties'
2026-02-18T03:22:50.681+02:00 DEBUG 3928 --- [medical-crm] [main] o.s.b.f.s.DefaultListableBeanFactory     : Creating shared instance of singleton bean 'tomcatWebServerFactoryCustomizer'
2026-02-18T03:22:50.681+02:00 DEBUG 3928 --- [medical-crm] [main] o.s.b.f.s.DefaultListableBeanFactory     : Creating shared instance of singleton bean 'org.springframework.boot.autoconfigure.web.embedded.EmbeddedWebServerFactoryCustomizerAutoConfiguration$TomcatWebServerFactoryCustomizerConfiguration'
2026-02-18T03:22:50.684+02:00 DEBUG 3928 --- [medical-crm] [main] o.s.b.f.s.DefaultListableBeanFactory     : Autowiring by type from bean name 'tomcatWebServerFactoryCustomizer' via factory method to bean named 'environment'
2026-02-18T03:22:50.684+02:00 DEBUG 3928 --- [medical-crm] [main] o.s.b.f.s.DefaultListableBeanFactory     : Autowiring by type from bean name 'tomcatWebServerFactoryCustomizer' via factory method to bean named 'server-org.springframework.boot.autoconfigure.web.ServerProperties'
2026-02-18T03:22:50.688+02:00 DEBUG 3928 --- [medical-crm] [main] o.s.b.f.s.DefaultListableBeanFactory     : Creating shared instance of singleton bean 'localeCharsetMappingsCustomizer'
2026-02-18T03:22:50.689+02:00 DEBUG 3928 --- [medical-crm] [main] o.s.b.f.s.DefaultListableBeanFactory     : Creating shared instance of singleton bean 'org.springframework.boot.autoconfigure.web.servlet.HttpEncodingAutoConfiguration'
2026-02-18T03:22:50.690+02:00 DEBUG 3928 --- [medical-crm] [main] o.s.b.f.s.DefaultListableBeanFactory     : Autowiring by type from bean name 'org.springframework.boot.autoconfigure.web.servlet.HttpEncodingAutoConfiguration' via constructor to bean named 'server-org.springframework.boot.autoconfigure.web.ServerProperties'
2026-02-18T03:22:50.728+02:00 DEBUG 3928 --- [medical-crm] [main] o.s.b.f.s.DefaultListableBeanFactory     : Creating shared instance of singleton bean 'errorPageCustomizer'
2026-02-18T03:22:50.729+02:00 DEBUG 3928 --- [medical-crm] [main] o.s.b.f.s.DefaultListableBeanFactory     : Creating shared instance of singleton bean 'org.springframework.boot.autoconfigure.web.servlet.error.ErrorMvcAutoConfiguration'
2026-02-18T03:22:50.730+02:00 DEBUG 3928 --- [medical-crm] [main] o.s.b.f.s.DefaultListableBeanFactory     : Autowiring by type from bean name 'org.springframework.boot.autoconfigure.web.servlet.error.ErrorMvcAutoConfiguration' via constructor to bean named 'server-org.springframework.boot.autoconfigure.web.ServerProperties'
2026-02-18T03:22:50.732+02:00 DEBUG 3928 --- [medical-crm] [main] o.s.b.f.s.DefaultListableBeanFactory     : Creating shared instance of singleton bean 'dispatcherServletRegistration'
2026-02-18T03:22:50.732+02:00 DEBUG 3928 --- [medical-crm] [main] o.s.b.f.s.DefaultListableBeanFactory     : Creating shared instance of singleton bean 'org.springframework.boot.autoconfigure.web.servlet.DispatcherServletAutoConfiguration$DispatcherServletRegistrationConfiguration'
2026-02-18T03:22:50.733+02:00 DEBUG 3928 --- [medical-crm] [main] o.s.b.f.s.DefaultListableBeanFactory     : Creating shared instance of singleton bean 'dispatcherServlet'
2026-02-18T03:22:50.734+02:00 DEBUG 3928 --- [medical-crm] [main] o.s.b.f.s.DefaultListableBeanFactory     : Creating shared instance of singleton bean 'org.springframework.boot.autoconfigure.web.servlet.DispatcherServletAutoConfiguration$DispatcherServletConfiguration'
2026-02-18T03:22:50.735+02:00 DEBUG 3928 --- [medical-crm] [main] o.s.b.f.s.DefaultListableBeanFactory     : Creating shared instance of singleton bean 'spring.mvc-org.springframework.boot.autoconfigure.web.servlet.WebMvcProperties'
2026-02-18T03:22:50.742+02:00 DEBUG 3928 --- [medical-crm] [main] o.s.b.f.s.DefaultListableBeanFactory     : Autowiring by type from bean name 'dispatcherServlet' via factory method to bean named 'spring.mvc-org.springframework.boot.autoconfigure.web.servlet.WebMvcProperties'
2026-02-18T03:22:50.764+02:00 DEBUG 3928 --- [medical-crm] [main] o.s.b.f.s.DefaultListableBeanFactory     : Autowiring by type from bean name 'dispatcherServletRegistration' via factory method to bean named 'dispatcherServlet'
2026-02-18T03:22:50.764+02:00 DEBUG 3928 --- [medical-crm] [main] o.s.b.f.s.DefaultListableBeanFactory     : Autowiring by type from bean name 'dispatcherServletRegistration' via factory method to bean named 'spring.mvc-org.springframework.boot.autoconfigure.web.servlet.WebMvcProperties'
2026-02-18T03:22:50.766+02:00 DEBUG 3928 --- [medical-crm] [main] o.s.b.f.s.DefaultListableBeanFactory     : Creating shared instance of singleton bean 'multipartConfigElement'
2026-02-18T03:22:50.766+02:00 DEBUG 3928 --- [medical-crm] [main] o.s.b.f.s.DefaultListableBeanFactory     : Creating shared instance of singleton bean 'org.springframework.boot.autoconfigure.web.servlet.MultipartAutoConfiguration'
2026-02-18T03:22:50.767+02:00 DEBUG 3928 --- [medical-crm] [main] o.s.b.f.s.DefaultListableBeanFactory     : Creating shared instance of singleton bean 'spring.servlet.multipart-org.springframework.boot.autoconfigure.web.servlet.MultipartProperties'
2026-02-18T03:22:50.773+02:00 DEBUG 3928 --- [medical-crm] [main] o.s.b.f.s.DefaultListableBeanFactory     : Autowiring by type from bean name 'org.springframework.boot.autoconfigure.web.servlet.MultipartAutoConfiguration' via constructor to bean named 'spring.servlet.multipart-org.springframework.boot.autoconfigure.web.servlet.MultipartProperties'
2026-02-18T03:22:50.780+02:00 DEBUG 3928 --- [medical-crm] [main] o.s.b.f.s.DefaultListableBeanFactory     : Autowiring by type from bean name 'errorPageCustomizer' via factory method to bean named 'dispatcherServletRegistration'
2026-02-18T03:22:50.876+02:00 DEBUG 3928 --- [medical-crm] [main] .s.b.w.e.t.TomcatServletWebServerFactory : Code archive: C:\Users\steli\.m2\repository\org\springframework\boot\spring-boot\3.2.5\spring-boot-3.2.5.jar
2026-02-18T03:22:50.876+02:00 DEBUG 3928 --- [medical-crm] [main] .s.b.w.e.t.TomcatServletWebServerFactory : Code archive: C:\Users\steli\.m2\repository\org\springframework\boot\spring-boot\3.2.5\spring-boot-3.2.5.jar
2026-02-18T03:22:50.877+02:00 DEBUG 3928 --- [medical-crm] [main] .s.b.w.e.t.TomcatServletWebServerFactory : None of the document roots [src/main/webapp, public, static] point to a directory and will be ignored.
2026-02-18T03:22:50.905+02:00  INFO 3928 --- [medical-crm] [main] o.s.b.w.embedded.tomcat.TomcatWebServer  : Tomcat initialized with port 8080 (http)
2026-02-18T03:22:50.924+02:00  INFO 3928 --- [medical-crm] [main] o.apache.catalina.core.StandardService   : Starting service [Tomcat]
2026-02-18T03:22:50.924+02:00  INFO 3928 --- [medical-crm] [main] o.apache.catalina.core.StandardEngine    : Starting Servlet engine: [Apache Tomcat/10.1.20]
2026-02-18T03:22:51.017+02:00  INFO 3928 --- [medical-crm] [main] o.a.c.c.C.[Tomcat].[localhost].[/]       : Initializing Spring embedded WebApplicationContext
2026-02-18T03:22:51.018+02:00 DEBUG 3928 --- [medical-crm] [main] w.s.c.ServletWebServerApplicationContext : Published root WebApplicationContext as ServletContext attribute with name [org.springframework.web.context.WebApplicationContext.ROOT]
2026-02-18T03:22:51.018+02:00  INFO 3928 --- [medical-crm] [main] w.s.c.ServletWebServerApplicationContext : Root WebApplicationContext: initialization completed in 2009 ms
2026-02-18T03:22:51.020+02:00 DEBUG 3928 --- [medical-crm] [main] o.s.b.f.s.DefaultListableBeanFactory     : Creating shared instance of singleton bean 'securityFilterChainRegistration'
2026-02-18T03:22:51.020+02:00 DEBUG 3928 --- [medical-crm] [main] o.s.b.f.s.DefaultListableBeanFactory     : Creating shared instance of singleton bean 'org.springframework.boot.autoconfigure.security.servlet.SecurityFilterAutoConfiguration'
2026-02-18T03:22:51.022+02:00 DEBUG 3928 --- [medical-crm] [main] o.s.b.f.s.DefaultListableBeanFactory     : Creating shared instance of singleton bean 'spring.security-org.springframework.boot.autoconfigure.security.SecurityProperties'
2026-02-18T03:22:51.025+02:00 DEBUG 3928 --- [medical-crm] [main] o.s.b.f.s.DefaultListableBeanFactory     : Autowiring by type from bean name 'securityFilterChainRegistration' via factory method to bean named 'spring.security-org.springframework.boot.autoconfigure.security.SecurityProperties'
2026-02-18T03:22:51.032+02:00 DEBUG 3928 --- [medical-crm] [main] o.s.b.f.s.DefaultListableBeanFactory     : Creating shared instance of singleton bean 'jwtAuthenticationFilter'
2026-02-18T03:22:51.033+02:00 DEBUG 3928 --- [medical-crm] [main] o.s.b.f.s.DefaultListableBeanFactory     : Creating shared instance of singleton bean 'jwtService'
2026-02-18T03:22:51.039+02:00 DEBUG 3928 --- [medical-crm] [main] o.s.b.f.s.DefaultListableBeanFactory     : Creating shared instance of singleton bean 'customUserDetailsService'
2026-02-18T03:22:51.040+02:00 DEBUG 3928 --- [medical-crm] [main] o.s.b.f.s.DefaultListableBeanFactory     : Creating shared instance of singleton bean 'userRepository'
2026-02-18T03:22:51.048+02:00 DEBUG 3928 --- [medical-crm] [main] o.s.b.f.s.DefaultListableBeanFactory     : Creating shared instance of singleton bean 'jpa.named-queries#3'
2026-02-18T03:22:51.052+02:00 DEBUG 3928 --- [medical-crm] [main] o.s.b.f.s.DefaultListableBeanFactory     : Creating shared instance of singleton bean 'jpa.UserRepository.fragments#0'
2026-02-18T03:22:51.059+02:00 DEBUG 3928 --- [medical-crm] [main] o.s.b.f.s.DefaultListableBeanFactory     : Creating shared instance of singleton bean 'jpaSharedEM_entityManagerFactory'
2026-02-18T03:22:51.060+02:00 DEBUG 3928 --- [medical-crm] [main] o.s.b.f.s.DefaultListableBeanFactory     : Creating shared instance of singleton bean 'dataSourceScriptDatabaseInitializer'
2026-02-18T03:22:51.060+02:00 DEBUG 3928 --- [medical-crm] [main] o.s.b.f.s.DefaultListableBeanFactory     : Creating shared instance of singleton bean 'org.springframework.boot.autoconfigure.sql.init.DataSourceInitializationConfiguration'
2026-02-18T03:22:51.061+02:00 DEBUG 3928 --- [medical-crm] [main] o.s.b.f.s.DefaultListableBeanFactory     : Creating shared instance of singleton bean 'dataSource'
2026-02-18T03:22:51.061+02:00 DEBUG 3928 --- [medical-crm] [main] o.s.b.f.s.DefaultListableBeanFactory     : Creating shared instance of singleton bean 'org.springframework.boot.autoconfigure.jdbc.DataSourceConfiguration$Hikari'
2026-02-18T03:22:51.062+02:00 DEBUG 3928 --- [medical-crm] [main] o.s.b.f.s.DefaultListableBeanFactory     : Creating shared instance of singleton bean 'spring.datasource-org.springframework.boot.autoconfigure.jdbc.DataSourceProperties'
2026-02-18T03:22:51.075+02:00 DEBUG 3928 --- [medical-crm] [main] o.s.b.f.s.DefaultListableBeanFactory     : Creating shared instance of singleton bean 'jdbcConnectionDetails'
2026-02-18T03:22:51.075+02:00 DEBUG 3928 --- [medical-crm] [main] o.s.b.f.s.DefaultListableBeanFactory     : Creating shared instance of singleton bean 'org.springframework.boot.autoconfigure.jdbc.DataSourceAutoConfiguration$PooledDataSourceConfiguration'
2026-02-18T03:22:51.077+02:00 DEBUG 3928 --- [medical-crm] [main] o.s.b.f.s.DefaultListableBeanFactory     : Autowiring by type from bean name 'jdbcConnectionDetails' via factory method to bean named 'spring.datasource-org.springframework.boot.autoconfigure.jdbc.DataSourceProperties'
2026-02-18T03:22:51.078+02:00 DEBUG 3928 --- [medical-crm] [main] o.s.b.f.s.DefaultListableBeanFactory     : Autowiring by type from bean name 'dataSource' via factory method to bean named 'spring.datasource-org.springframework.boot.autoconfigure.jdbc.DataSourceProperties'
2026-02-18T03:22:51.079+02:00 DEBUG 3928 --- [medical-crm] [main] o.s.b.f.s.DefaultListableBeanFactory     : Autowiring by type from bean name 'dataSource' via factory method to bean named 'jdbcConnectionDetails'
2026-02-18T03:22:51.129+02:00 DEBUG 3928 --- [medical-crm] [main] o.s.b.f.s.DefaultListableBeanFactory     : Creating shared instance of singleton bean 'spring.sql.init-org.springframework.boot.autoconfigure.sql.init.SqlInitializationProperties'
2026-02-18T03:22:51.133+02:00 DEBUG 3928 --- [medical-crm] [main] o.s.b.f.s.DefaultListableBeanFactory     : Autowiring by type from bean name 'dataSourceScriptDatabaseInitializer' via factory method to bean named 'dataSource'
2026-02-18T03:22:51.133+02:00 DEBUG 3928 --- [medical-crm] [main] o.s.b.f.s.DefaultListableBeanFactory     : Autowiring by type from bean name 'dataSourceScriptDatabaseInitializer' via factory method to bean named 'spring.sql.init-org.springframework.boot.autoconfigure.sql.init.SqlInitializationProperties'
2026-02-18T03:22:51.140+02:00 DEBUG 3928 --- [medical-crm] [main] o.s.b.f.s.DefaultListableBeanFactory     : Creating shared instance of singleton bean 'entityManagerFactory'
2026-02-18T03:22:51.141+02:00 DEBUG 3928 --- [medical-crm] [main] o.s.b.f.s.DefaultListableBeanFactory     : Creating shared instance of singleton bean 'org.springframework.boot.autoconfigure.orm.jpa.HibernateJpaConfiguration'
2026-02-18T03:22:51.142+02:00 DEBUG 3928 --- [medical-crm] [main] o.s.b.f.s.DefaultListableBeanFactory     : Creating shared instance of singleton bean 'spring.jpa-org.springframework.boot.autoconfigure.orm.jpa.JpaProperties'
2026-02-18T03:22:51.147+02:00 DEBUG 3928 --- [medical-crm] [main] o.s.b.f.s.DefaultListableBeanFactory     : Creating shared instance of singleton bean 'spring.jpa.hibernate-org.springframework.boot.autoconfigure.orm.jpa.HibernateProperties'
2026-02-18T03:22:51.149+02:00 DEBUG 3928 --- [medical-crm] [main] o.s.b.f.s.DefaultListableBeanFactory     : Autowiring by type from bean name 'org.springframework.boot.autoconfigure.orm.jpa.HibernateJpaConfiguration' via constructor to bean named 'dataSource'
2026-02-18T03:22:51.149+02:00 DEBUG 3928 --- [medical-crm] [main] o.s.b.f.s.DefaultListableBeanFactory     : Autowiring by type from bean name 'org.springframework.boot.autoconfigure.orm.jpa.HibernateJpaConfiguration' via constructor to bean named 'spring.jpa-org.springframework.boot.autoconfigure.orm.jpa.JpaProperties'
2026-02-18T03:22:51.149+02:00 DEBUG 3928 --- [medical-crm] [main] o.s.b.f.s.DefaultListableBeanFactory     : Autowiring by type from bean name 'org.springframework.boot.autoconfigure.orm.jpa.HibernateJpaConfiguration' via constructor to bean named 'org.springframework.beans.factory.support.DefaultListableBeanFactory@636e8cc'
2026-02-18T03:22:51.149+02:00 DEBUG 3928 --- [medical-crm] [main] o.s.b.f.s.DefaultListableBeanFactory     : Autowiring by type from bean name 'org.springframework.boot.autoconfigure.orm.jpa.HibernateJpaConfiguration' via constructor to bean named 'spring.jpa.hibernate-org.springframework.boot.autoconfigure.orm.jpa.HibernateProperties'
2026-02-18T03:22:51.151+02:00 DEBUG 3928 --- [medical-crm] [main] o.s.b.f.s.DefaultListableBeanFactory     : Creating shared instance of singleton bean 'hikariPoolDataSourceMetadataProvider'
2026-02-18T03:22:51.152+02:00 DEBUG 3928 --- [medical-crm] [main] o.s.b.f.s.DefaultListableBeanFactory     : Creating shared instance of singleton bean 'org.springframework.boot.autoconfigure.jdbc.metadata.DataSourcePoolMetadataProvidersConfiguration$HikariPoolDataSourceMetadataProviderConfiguration'
2026-02-18T03:22:51.158+02:00 DEBUG 3928 --- [medical-crm] [main] o.s.b.f.s.DefaultListableBeanFactory     : Creating shared instance of singleton bean 'entityManagerFactoryBuilder'
2026-02-18T03:22:51.159+02:00 DEBUG 3928 --- [medical-crm] [main] o.s.b.f.s.DefaultListableBeanFactory     : Creating shared instance of singleton bean 'jpaVendorAdapter'
2026-02-18T03:22:51.174+02:00 DEBUG 3928 --- [medical-crm] [main] o.s.b.f.s.DefaultListableBeanFactory     : Autowiring by type from bean name 'entityManagerFactoryBuilder' via factory method to bean named 'jpaVendorAdapter'
2026-02-18T03:22:51.178+02:00 DEBUG 3928 --- [medical-crm] [main] o.s.b.f.s.DefaultListableBeanFactory     : Creating shared instance of singleton bean 'persistenceManagedTypes'
2026-02-18T03:22:51.180+02:00 DEBUG 3928 --- [medical-crm] [main] o.s.b.f.s.DefaultListableBeanFactory     : Autowiring by type from bean name 'persistenceManagedTypes' via factory method to bean named 'org.springframework.beans.factory.support.DefaultListableBeanFactory@636e8cc'
2026-02-18T03:22:51.180+02:00 DEBUG 3928 --- [medical-crm] [main] o.s.b.f.s.DefaultListableBeanFactory     : Autowiring by type from bean name 'persistenceManagedTypes' via factory method to bean named 'org.springframework.boot.web.servlet.context.AnnotationConfigServletWebServerApplicationContext@e54303'
2026-02-18T03:22:51.191+02:00 DEBUG 3928 --- [medical-crm] [main] o.s.b.f.s.DefaultListableBeanFactory     : Autowiring by type from bean name 'entityManagerFactory' via factory method to bean named 'entityManagerFactoryBuilder'
2026-02-18T03:22:51.192+02:00 DEBUG 3928 --- [medical-crm] [main] o.s.b.f.s.DefaultListableBeanFactory     : Autowiring by type from bean name 'entityManagerFactory' via factory method to bean named 'persistenceManagedTypes'
2026-02-18T03:22:51.210+02:00 DEBUG 3928 --- [medical-crm] [main] j.LocalContainerEntityManagerFactoryBean : Building JPA container EntityManagerFactory for persistence unit 'default'
2026-02-18T03:22:51.229+02:00  INFO 3928 --- [medical-crm] [main] o.hibernate.jpa.internal.util.LogHelper  : HHH000204: Processing PersistenceUnitInfo [name: default]
2026-02-18T03:22:51.300+02:00  INFO 3928 --- [medical-crm] [main] org.hibernate.Version                    : HHH000412: Hibernate ORM core version 6.4.4.Final
2026-02-18T03:22:51.350+02:00  INFO 3928 --- [medical-crm] [main] o.h.c.internal.RegionFactoryInitiator    : HHH000026: Second-level cache disabled
2026-02-18T03:22:51.661+02:00  INFO 3928 --- [medical-crm] [main] o.s.o.j.p.SpringPersistenceUnitInfo      : No LoadTimeWeaver setup: ignoring JPA class transformer
2026-02-18T03:22:51.694+02:00  INFO 3928 --- [medical-crm] [main] com.zaxxer.hikari.HikariDataSource       : HikariPool-1 - Starting...
2026-02-18T03:22:51.925+02:00  INFO 3928 --- [medical-crm] [main] com.zaxxer.hikari.pool.HikariPool        : HikariPool-1 - Added connection org.postgresql.jdbc.PgConnection@58b97c15
2026-02-18T03:22:51.926+02:00  INFO 3928 --- [medical-crm] [main] com.zaxxer.hikari.HikariDataSource       : HikariPool-1 - Start completed.
2026-02-18T03:22:53.398+02:00  INFO 3928 --- [medical-crm] [main] o.h.e.t.j.p.i.JtaPlatformInitiator       : HHH000489: No JTA platform available (set 'hibernate.transaction.jta.platform' to enable JTA platform integration)
2026-02-18T03:22:53.620+02:00  INFO 3928 --- [medical-crm] [main] j.LocalContainerEntityManagerFactoryBean : Initialized JPA EntityManagerFactory for persistence unit 'default'
2026-02-18T03:22:53.680+02:00 DEBUG 3928 --- [medical-crm] [main] o.s.b.f.s.DefaultListableBeanFactory     : Creating shared instance of singleton bean 'jpaMappingContext'
2026-02-18T03:22:53.681+02:00 DEBUG 3928 --- [medical-crm] [main] .c.JpaMetamodelMappingContextFactoryBean : Initializing JpaMetamodelMappingContext…
2026-02-18T03:22:53.697+02:00 DEBUG 3928 --- [medical-crm] [main] .c.JpaMetamodelMappingContextFactoryBean : Finished initializing JpaMetamodelMappingContext
2026-02-18T03:22:53.727+02:00 DEBUG 3928 --- [medical-crm] [main] tor$SharedEntityManagerInvocationHandler : Creating new EntityManager for shared EntityManager invocation
2026-02-18T03:22:53.771+02:00 DEBUG 3928 --- [medical-crm] [main] tor$SharedEntityManagerInvocationHandler : Creating new EntityManager for shared EntityManager invocation
2026-02-18T03:22:53.817+02:00 DEBUG 3928 --- [medical-crm] [main] o.s.d.r.c.s.RepositoryFactorySupport     : Initializing repository instance for com.medicalcrm.backend.repository.UserRepository…
2026-02-18T03:22:53.841+02:00 DEBUG 3928 --- [medical-crm] [main] tor$SharedEntityManagerInvocationHandler : Creating new EntityManager for shared EntityManager invocation
2026-02-18T03:22:53.892+02:00 DEBUG 3928 --- [medical-crm] [main] o.s.d.jpa.repository.query.NamedQuery    : Looking up named query User.existsByUsername
2026-02-18T03:22:53.895+02:00 DEBUG 3928 --- [medical-crm] [main] o.s.d.jpa.repository.query.NamedQuery    : Did not find named query User.existsByUsername
2026-02-18T03:22:53.898+02:00 DEBUG 3928 --- [medical-crm] [main] tor$SharedEntityManagerInvocationHandler : Creating new EntityManager for shared EntityManager invocation
2026-02-18T03:22:53.959+02:00 DEBUG 3928 --- [medical-crm] [main] o.s.d.jpa.repository.query.NamedQuery    : Looking up named query User.existsByEmail
2026-02-18T03:22:53.960+02:00 DEBUG 3928 --- [medical-crm] [main] o.s.d.jpa.repository.query.NamedQuery    : Did not find named query User.existsByEmail
2026-02-18T03:22:53.960+02:00 DEBUG 3928 --- [medical-crm] [main] tor$SharedEntityManagerInvocationHandler : Creating new EntityManager for shared EntityManager invocation
2026-02-18T03:22:53.963+02:00 DEBUG 3928 --- [medical-crm] [main] o.s.d.jpa.repository.query.NamedQuery    : Looking up named query User.findByUsername
2026-02-18T03:22:53.963+02:00 DEBUG 3928 --- [medical-crm] [main] o.s.d.jpa.repository.query.NamedQuery    : Did not find named query User.findByUsername
2026-02-18T03:22:53.964+02:00 DEBUG 3928 --- [medical-crm] [main] tor$SharedEntityManagerInvocationHandler : Creating new EntityManager for shared EntityManager invocation
2026-02-18T03:22:53.966+02:00 DEBUG 3928 --- [medical-crm] [main] o.s.d.jpa.repository.query.NamedQuery    : Looking up named query User.findByEmail
2026-02-18T03:22:53.966+02:00 DEBUG 3928 --- [medical-crm] [main] o.s.d.jpa.repository.query.NamedQuery    : Did not find named query User.findByEmail
2026-02-18T03:22:53.967+02:00 DEBUG 3928 --- [medical-crm] [main] tor$SharedEntityManagerInvocationHandler : Creating new EntityManager for shared EntityManager invocation
2026-02-18T03:22:53.973+02:00 DEBUG 3928 --- [medical-crm] [main] o.s.d.r.c.s.RepositoryFactorySupport     : Finished creation of repository instance for com.medicalcrm.backend.repository.UserRepository.
2026-02-18T03:22:53.986+02:00 DEBUG 3928 --- [medical-crm] [main] o.s.b.f.s.DefaultListableBeanFactory     : Autowiring by type from bean name 'customUserDetailsService' via constructor to bean named 'userRepository'
2026-02-18T03:22:54.006+02:00 DEBUG 3928 --- [medical-crm] [main] o.s.b.f.s.DefaultListableBeanFactory     : Autowiring by type from bean name 'jwtAuthenticationFilter' via constructor to bean named 'jwtService'
2026-02-18T03:22:54.007+02:00 DEBUG 3928 --- [medical-crm] [main] o.s.b.f.s.DefaultListableBeanFactory     : Autowiring by type from bean name 'jwtAuthenticationFilter' via constructor to bean named 'customUserDetailsService'
2026-02-18T03:22:54.010+02:00 DEBUG 3928 --- [medical-crm] [main] o.s.b.f.s.DefaultListableBeanFactory     : Creating shared instance of singleton bean 'requestContextFilter'
2026-02-18T03:22:54.015+02:00 DEBUG 3928 --- [medical-crm] [main] o.s.b.f.s.DefaultListableBeanFactory     : Creating shared instance of singleton bean 'formContentFilter'
2026-02-18T03:22:54.015+02:00 DEBUG 3928 --- [medical-crm] [main] o.s.b.f.s.DefaultListableBeanFactory     : Creating shared instance of singleton bean 'org.springframework.boot.autoconfigure.web.servlet.WebMvcAutoConfiguration'
2026-02-18T03:22:54.021+02:00 DEBUG 3928 --- [medical-crm] [main] o.s.b.f.s.DefaultListableBeanFactory     : Creating shared instance of singleton bean 'characterEncodingFilter'
2026-02-18T03:22:54.032+02:00 DEBUG 3928 --- [medical-crm] [main] o.s.b.w.s.ServletContextInitializerBeans : Mapping filters: springSecurityFilterChain urls=[/*] order=-100, characterEncodingFilter urls=[/*] order=-2147483648, formContentFilter urls=[/*] order=-9900, requestContextFilter urls=[/*] order=-105, jwtAuthenticationFilter urls=[/*] order=2147483647
2026-02-18T03:22:54.033+02:00 DEBUG 3928 --- [medical-crm] [main] o.s.b.w.s.ServletContextInitializerBeans : Mapping servlets: dispatcherServlet urls=[/]
2026-02-18T03:22:54.062+02:00 DEBUG 3928 --- [medical-crm] [main] o.s.b.w.s.f.OrderedRequestContextFilter  : Filter 'requestContextFilter' configured for use
2026-02-18T03:22:54.065+02:00 DEBUG 3928 --- [medical-crm] [main] c.m.b.security.JwtAuthenticationFilter   : Filter 'jwtAuthenticationFilter' configured for use
2026-02-18T03:22:54.065+02:00 DEBUG 3928 --- [medical-crm] [main] s.b.w.s.f.OrderedCharacterEncodingFilter : Filter 'characterEncodingFilter' configured for use
2026-02-18T03:22:54.065+02:00 DEBUG 3928 --- [medical-crm] [main] .DelegatingFilterProxyRegistrationBean$1 : Filter 'springSecurityFilterChain' configured for use
2026-02-18T03:22:54.066+02:00 DEBUG 3928 --- [medical-crm] [main] o.s.b.w.s.f.OrderedFormContentFilter     : Filter 'formContentFilter' configured for use
2026-02-18T03:22:54.076+02:00 DEBUG 3928 --- [medical-crm] [main] o.s.b.f.s.DefaultListableBeanFactory     : Creating shared instance of singleton bean 'medicalCrmApplication'
2026-02-18T03:22:54.077+02:00 DEBUG 3928 --- [medical-crm] [main] o.s.b.f.s.DefaultListableBeanFactory     : Creating shared instance of singleton bean 'securityConfig'
2026-02-18T03:22:54.080+02:00 DEBUG 3928 --- [medical-crm] [main] o.s.b.f.s.DefaultListableBeanFactory     : Autowiring by type from bean name 'securityConfig' via constructor to bean named 'jwtAuthenticationFilter'
2026-02-18T03:22:54.082+02:00 DEBUG 3928 --- [medical-crm] [main] o.s.b.f.s.DefaultListableBeanFactory     : Creating shared instance of singleton bean 'swaggerConfig'
2026-02-18T03:22:54.083+02:00 DEBUG 3928 --- [medical-crm] [main] o.s.b.f.s.DefaultListableBeanFactory     : Creating shared instance of singleton bean 'appointmentController'
2026-02-18T03:22:54.090+02:00 DEBUG 3928 --- [medical-crm] [main] o.s.b.f.s.DefaultListableBeanFactory     : Creating shared instance of singleton bean 'appointmentServiceImpl'
2026-02-18T03:22:54.093+02:00 DEBUG 3928 --- [medical-crm] [main] o.s.b.f.s.DefaultListableBeanFactory     : Creating shared instance of singleton bean 'appointmentRepository'
2026-02-18T03:22:54.095+02:00 DEBUG 3928 --- [medical-crm] [main] o.s.b.f.s.DefaultListableBeanFactory     : Creating shared instance of singleton bean 'jpa.named-queries#4'
2026-02-18T03:22:54.097+02:00 DEBUG 3928 --- [medical-crm] [main] o.s.b.f.s.DefaultListableBeanFactory     : Creating shared instance of singleton bean 'jpa.AppointmentRepository.fragments#0'
2026-02-18T03:22:54.100+02:00 DEBUG 3928 --- [medical-crm] [main] tor$SharedEntityManagerInvocationHandler : Creating new EntityManager for shared EntityManager invocation
2026-02-18T03:22:54.129+02:00 DEBUG 3928 --- [medical-crm] [main] o.s.d.r.c.s.RepositoryFactorySupport     : Initializing repository instance for com.medicalcrm.backend.repository.AppointmentRepository…
2026-02-18T03:22:54.130+02:00 DEBUG 3928 --- [medical-crm] [main] tor$SharedEntityManagerInvocationHandler : Creating new EntityManager for shared EntityManager invocation
2026-02-18T03:22:54.136+02:00 DEBUG 3928 --- [medical-crm] [main] o.s.d.jpa.repository.query.NamedQuery    : Looking up named query Appointment.findByAppointmentDate
2026-02-18T03:22:54.137+02:00 DEBUG 3928 --- [medical-crm] [main] o.s.d.jpa.repository.query.NamedQuery    : Did not find named query Appointment.findByAppointmentDate
2026-02-18T03:22:54.137+02:00 DEBUG 3928 --- [medical-crm] [main] tor$SharedEntityManagerInvocationHandler : Creating new EntityManager for shared EntityManager invocation
2026-02-18T03:22:54.150+02:00  INFO 3928 --- [medical-crm] [main] o.s.d.j.r.query.QueryEnhancerFactory     : Hibernate is in classpath; If applicable, HQL parser will be used.
2026-02-18T03:22:54.348+02:00 DEBUG 3928 --- [medical-crm] [main] o.s.d.jpa.repository.query.NamedQuery    : Did not find named query Appointment.findDistinctDoctorsByPatientId.count
2026-02-18T03:22:54.348+02:00 DEBUG 3928 --- [medical-crm] [main] tor$SharedEntityManagerInvocationHandler : Creating new EntityManager for shared EntityManager invocation
2026-02-18T03:22:54.563+02:00 DEBUG 3928 --- [medical-crm] [main] o.s.d.jpa.repository.query.NamedQuery    : Looking up named query Appointment.findByPatientIdAndStatus
2026-02-18T03:22:54.564+02:00 DEBUG 3928 --- [medical-crm] [main] o.s.d.jpa.repository.query.NamedQuery    : Did not find named query Appointment.findByPatientIdAndStatus
2026-02-18T03:22:54.564+02:00 DEBUG 3928 --- [medical-crm] [main] tor$SharedEntityManagerInvocationHandler : Creating new EntityManager for shared EntityManager invocation
2026-02-18T03:22:54.572+02:00 DEBUG 3928 --- [medical-crm] [main] o.s.d.jpa.repository.query.NamedQuery    : Looking up named query Appointment.findByDoctorIdAndStatus
2026-02-18T03:22:54.573+02:00 DEBUG 3928 --- [medical-crm] [main] o.s.d.jpa.repository.query.NamedQuery    : Did not find named query Appointment.findByDoctorIdAndStatus
2026-02-18T03:22:54.573+02:00 DEBUG 3928 --- [medical-crm] [main] tor$SharedEntityManagerInvocationHandler : Creating new EntityManager for shared EntityManager invocation
2026-02-18T03:22:54.577+02:00 DEBUG 3928 --- [medical-crm] [main] o.s.d.jpa.repository.query.NamedQuery    : Did not find named query Appointment.findDistinctPatientsByDoctorId.count
2026-02-18T03:22:54.577+02:00 DEBUG 3928 --- [medical-crm] [main] tor$SharedEntityManagerInvocationHandler : Creating new EntityManager for shared EntityManager invocation
2026-02-18T03:22:54.623+02:00 DEBUG 3928 --- [medical-crm] [main] o.s.d.jpa.repository.query.NamedQuery    : Did not find named query Appointment.sumAppointmentPricesToDoctor.count
2026-02-18T03:22:54.624+02:00 DEBUG 3928 --- [medical-crm] [main] tor$SharedEntityManagerInvocationHandler : Creating new EntityManager for shared EntityManager invocation
2026-02-18T03:22:54.713+02:00 DEBUG 3928 --- [medical-crm] [main] o.s.d.jpa.repository.query.NamedQuery    : Did not find named query Appointment.sumAppointmentPricesByPatient.count
2026-02-18T03:22:54.714+02:00 DEBUG 3928 --- [medical-crm] [main] tor$SharedEntityManagerInvocationHandler : Creating new EntityManager for shared EntityManager invocation
2026-02-18T03:22:54.717+02:00 DEBUG 3928 --- [medical-crm] [main] o.s.d.jpa.repository.query.NamedQuery    : Looking up named query Appointment.findByPatientId
2026-02-18T03:22:54.717+02:00 DEBUG 3928 --- [medical-crm] [main] o.s.d.jpa.repository.query.NamedQuery    : Did not find named query Appointment.findByPatientId
2026-02-18T03:22:54.717+02:00 DEBUG 3928 --- [medical-crm] [main] tor$SharedEntityManagerInvocationHandler : Creating new EntityManager for shared EntityManager invocation
2026-02-18T03:22:54.719+02:00 DEBUG 3928 --- [medical-crm] [main] o.s.d.jpa.repository.query.NamedQuery    : Looking up named query Appointment.findByStatus
2026-02-18T03:22:54.719+02:00 DEBUG 3928 --- [medical-crm] [main] o.s.d.jpa.repository.query.NamedQuery    : Did not find named query Appointment.findByStatus
2026-02-18T03:22:54.719+02:00 DEBUG 3928 --- [medical-crm] [main] tor$SharedEntityManagerInvocationHandler : Creating new EntityManager for shared EntityManager invocation
2026-02-18T03:22:54.721+02:00 DEBUG 3928 --- [medical-crm] [main] o.s.d.jpa.repository.query.NamedQuery    : Looking up named query Appointment.findByDoctorId
2026-02-18T03:22:54.721+02:00 DEBUG 3928 --- [medical-crm] [main] o.s.d.jpa.repository.query.NamedQuery    : Did not find named query Appointment.findByDoctorId
2026-02-18T03:22:54.721+02:00 DEBUG 3928 --- [medical-crm] [main] tor$SharedEntityManagerInvocationHandler : Creating new EntityManager for shared EntityManager invocation
2026-02-18T03:22:54.725+02:00 DEBUG 3928 --- [medical-crm] [main] o.s.d.r.c.s.RepositoryFactorySupport     : Finished creation of repository instance for com.medicalcrm.backend.repository.AppointmentRepository.
2026-02-18T03:22:54.734+02:00 DEBUG 3928 --- [medical-crm] [main] o.s.b.f.s.DefaultListableBeanFactory     : Creating shared instance of singleton bean 'patientRepository'
2026-02-18T03:22:54.735+02:00 DEBUG 3928 --- [medical-crm] [main] o.s.b.f.s.DefaultListableBeanFactory     : Creating shared instance of singleton bean 'jpa.named-queries#1'
2026-02-18T03:22:54.736+02:00 DEBUG 3928 --- [medical-crm] [main] o.s.b.f.s.DefaultListableBeanFactory     : Creating shared instance of singleton bean 'jpa.PatientRepository.fragments#0'
2026-02-18T03:22:54.739+02:00 DEBUG 3928 --- [medical-crm] [main] tor$SharedEntityManagerInvocationHandler : Creating new EntityManager for shared EntityManager invocation
2026-02-18T03:22:54.739+02:00 DEBUG 3928 --- [medical-crm] [main] o.s.d.r.c.s.RepositoryFactorySupport     : Initializing repository instance for com.medicalcrm.backend.repository.PatientRepository…
2026-02-18T03:22:54.740+02:00 DEBUG 3928 --- [medical-crm] [main] tor$SharedEntityManagerInvocationHandler : Creating new EntityManager for shared EntityManager invocation
2026-02-18T03:22:54.743+02:00 DEBUG 3928 --- [medical-crm] [main] o.s.d.jpa.repository.query.NamedQuery    : Looking up named query Patient.findByUserId
2026-02-18T03:22:54.743+02:00 DEBUG 3928 --- [medical-crm] [main] o.s.d.jpa.repository.query.NamedQuery    : Did not find named query Patient.findByUserId
2026-02-18T03:22:54.743+02:00 DEBUG 3928 --- [medical-crm] [main] tor$SharedEntityManagerInvocationHandler : Creating new EntityManager for shared EntityManager invocation
2026-02-18T03:22:54.745+02:00 DEBUG 3928 --- [medical-crm] [main] o.s.d.jpa.repository.query.NamedQuery    : Looking up named query Patient.findByLastName
2026-02-18T03:22:54.745+02:00 DEBUG 3928 --- [medical-crm] [main] o.s.d.jpa.repository.query.NamedQuery    : Did not find named query Patient.findByLastName
2026-02-18T03:22:54.745+02:00 DEBUG 3928 --- [medical-crm] [main] tor$SharedEntityManagerInvocationHandler : Creating new EntityManager for shared EntityManager invocation
2026-02-18T03:22:54.750+02:00 DEBUG 3928 --- [medical-crm] [main] o.s.d.r.c.s.RepositoryFactorySupport     : Finished creation of repository instance for com.medicalcrm.backend.repository.PatientRepository.
2026-02-18T03:22:54.757+02:00 DEBUG 3928 --- [medical-crm] [main] o.s.b.f.s.DefaultListableBeanFactory     : Creating shared instance of singleton bean 'doctorRepository'
2026-02-18T03:22:54.758+02:00 DEBUG 3928 --- [medical-crm] [main] o.s.b.f.s.DefaultListableBeanFactory     : Creating shared instance of singleton bean 'jpa.named-queries#0'
2026-02-18T03:22:54.760+02:00 DEBUG 3928 --- [medical-crm] [main] o.s.b.f.s.DefaultListableBeanFactory     : Creating shared instance of singleton bean 'jpa.DoctorRepository.fragments#0'
2026-02-18T03:22:54.763+02:00 DEBUG 3928 --- [medical-crm] [main] tor$SharedEntityManagerInvocationHandler : Creating new EntityManager for shared EntityManager invocation
2026-02-18T03:22:54.763+02:00 DEBUG 3928 --- [medical-crm] [main] o.s.d.r.c.s.RepositoryFactorySupport     : Initializing repository instance for com.medicalcrm.backend.repository.DoctorRepository…
2026-02-18T03:22:54.764+02:00 DEBUG 3928 --- [medical-crm] [main] tor$SharedEntityManagerInvocationHandler : Creating new EntityManager for shared EntityManager invocation
2026-02-18T03:22:54.767+02:00 DEBUG 3928 --- [medical-crm] [main] o.s.d.jpa.repository.query.NamedQuery    : Looking up named query Doctor.findByUserId
2026-02-18T03:22:54.768+02:00 DEBUG 3928 --- [medical-crm] [main] o.s.d.jpa.repository.query.NamedQuery    : Did not find named query Doctor.findByUserId
2026-02-18T03:22:54.768+02:00 DEBUG 3928 --- [medical-crm] [main] tor$SharedEntityManagerInvocationHandler : Creating new EntityManager for shared EntityManager invocation
2026-02-18T03:22:54.769+02:00 DEBUG 3928 --- [medical-crm] [main] o.s.d.jpa.repository.query.NamedQuery    : Looking up named query Doctor.findBySpecialty
2026-02-18T03:22:54.770+02:00 DEBUG 3928 --- [medical-crm] [main] o.s.d.jpa.repository.query.NamedQuery    : Did not find named query Doctor.findBySpecialty
2026-02-18T03:22:54.770+02:00 DEBUG 3928 --- [medical-crm] [main] tor$SharedEntityManagerInvocationHandler : Creating new EntityManager for shared EntityManager invocation
2026-02-18T03:22:54.771+02:00 DEBUG 3928 --- [medical-crm] [main] o.s.d.jpa.repository.query.NamedQuery    : Looking up named query Doctor.findByLastName
2026-02-18T03:22:54.772+02:00 DEBUG 3928 --- [medical-crm] [main] o.s.d.jpa.repository.query.NamedQuery    : Did not find named query Doctor.findByLastName
2026-02-18T03:22:54.772+02:00 DEBUG 3928 --- [medical-crm] [main] tor$SharedEntityManagerInvocationHandler : Creating new EntityManager for shared EntityManager invocation
2026-02-18T03:22:54.776+02:00 DEBUG 3928 --- [medical-crm] [main] o.s.d.r.c.s.RepositoryFactorySupport     : Finished creation of repository instance for com.medicalcrm.backend.repository.DoctorRepository.
2026-02-18T03:22:54.788+02:00 DEBUG 3928 --- [medical-crm] [main] o.s.b.f.s.DefaultListableBeanFactory     : Creating shared instance of singleton bean 'medicalServiceRepository'
2026-02-18T03:22:54.790+02:00 DEBUG 3928 --- [medical-crm] [main] o.s.b.f.s.DefaultListableBeanFactory     : Creating shared instance of singleton bean 'jpa.named-queries#5'
2026-02-18T03:22:54.792+02:00 DEBUG 3928 --- [medical-crm] [main] o.s.b.f.s.DefaultListableBeanFactory     : Creating shared instance of singleton bean 'jpa.MedicalServiceRepository.fragments#0'
2026-02-18T03:22:54.796+02:00 DEBUG 3928 --- [medical-crm] [main] tor$SharedEntityManagerInvocationHandler : Creating new EntityManager for shared EntityManager invocation
2026-02-18T03:22:54.797+02:00 DEBUG 3928 --- [medical-crm] [main] o.s.d.r.c.s.RepositoryFactorySupport     : Initializing repository instance for com.medicalcrm.backend.repository.MedicalServiceRepository…
2026-02-18T03:22:54.797+02:00 DEBUG 3928 --- [medical-crm] [main] tor$SharedEntityManagerInvocationHandler : Creating new EntityManager for shared EntityManager invocation
2026-02-18T03:22:54.800+02:00 DEBUG 3928 --- [medical-crm] [main] o.s.d.jpa.repository.query.NamedQuery    : Looking up named query MedicalService.findByName
2026-02-18T03:22:54.800+02:00 DEBUG 3928 --- [medical-crm] [main] o.s.d.jpa.repository.query.NamedQuery    : Did not find named query MedicalService.findByName
2026-02-18T03:22:54.801+02:00 DEBUG 3928 --- [medical-crm] [main] tor$SharedEntityManagerInvocationHandler : Creating new EntityManager for shared EntityManager invocation
2026-02-18T03:22:54.802+02:00 DEBUG 3928 --- [medical-crm] [main] o.s.d.jpa.repository.query.NamedQuery    : Looking up named query MedicalService.existsByName
2026-02-18T03:22:54.803+02:00 DEBUG 3928 --- [medical-crm] [main] o.s.d.jpa.repository.query.NamedQuery    : Did not find named query MedicalService.existsByName
2026-02-18T03:22:54.803+02:00 DEBUG 3928 --- [medical-crm] [main] tor$SharedEntityManagerInvocationHandler : Creating new EntityManager for shared EntityManager invocation
2026-02-18T03:22:54.807+02:00 DEBUG 3928 --- [medical-crm] [main] o.s.d.r.c.s.RepositoryFactorySupport     : Finished creation of repository instance for com.medicalcrm.backend.repository.MedicalServiceRepository.
2026-02-18T03:22:54.816+02:00 DEBUG 3928 --- [medical-crm] [main] o.s.b.f.s.DefaultListableBeanFactory     : Creating shared instance of singleton bean 'paymentRepository'
2026-02-18T03:22:54.817+02:00 DEBUG 3928 --- [medical-crm] [main] o.s.b.f.s.DefaultListableBeanFactory     : Creating shared instance of singleton bean 'jpa.named-queries#2'
2026-02-18T03:22:54.819+02:00 DEBUG 3928 --- [medical-crm] [main] o.s.b.f.s.DefaultListableBeanFactory     : Creating shared instance of singleton bean 'jpa.PaymentRepository.fragments#0'
2026-02-18T03:22:54.822+02:00 DEBUG 3928 --- [medical-crm] [main] tor$SharedEntityManagerInvocationHandler : Creating new EntityManager for shared EntityManager invocation
2026-02-18T03:22:54.822+02:00 DEBUG 3928 --- [medical-crm] [main] o.s.d.r.c.s.RepositoryFactorySupport     : Initializing repository instance for com.medicalcrm.backend.repository.PaymentRepository…
2026-02-18T03:22:54.823+02:00 DEBUG 3928 --- [medical-crm] [main] tor$SharedEntityManagerInvocationHandler : Creating new EntityManager for shared EntityManager invocation
2026-02-18T03:22:54.827+02:00 DEBUG 3928 --- [medical-crm] [main] o.s.d.jpa.repository.query.NamedQuery    : Did not find named query Payment.sumAmountByAppointmentId.count
2026-02-18T03:22:54.827+02:00 DEBUG 3928 --- [medical-crm] [main] tor$SharedEntityManagerInvocationHandler : Creating new EntityManager for shared EntityManager invocation
2026-02-18T03:22:54.831+02:00 DEBUG 3928 --- [medical-crm] [main] o.s.d.jpa.repository.query.NamedQuery    : Did not find named query Payment.sumPaymentsToDoctor.count
2026-02-18T03:22:54.832+02:00 DEBUG 3928 --- [medical-crm] [main] tor$SharedEntityManagerInvocationHandler : Creating new EntityManager for shared EntityManager invocation
2026-02-18T03:22:54.835+02:00 DEBUG 3928 --- [medical-crm] [main] o.s.d.jpa.repository.query.NamedQuery    : Looking up named query Payment.existsByAppointmentId
2026-02-18T03:22:54.835+02:00 DEBUG 3928 --- [medical-crm] [main] o.s.d.jpa.repository.query.NamedQuery    : Did not find named query Payment.existsByAppointmentId
2026-02-18T03:22:54.836+02:00 DEBUG 3928 --- [medical-crm] [main] tor$SharedEntityManagerInvocationHandler : Creating new EntityManager for shared EntityManager invocation
2026-02-18T03:22:54.839+02:00 DEBUG 3928 --- [medical-crm] [main] o.s.d.jpa.repository.query.NamedQuery    : Did not find named query Payment.sumPaymentsByPatient.count
2026-02-18T03:22:54.839+02:00 DEBUG 3928 --- [medical-crm] [main] tor$SharedEntityManagerInvocationHandler : Creating new EntityManager for shared EntityManager invocation
2026-02-18T03:22:54.841+02:00 DEBUG 3928 --- [medical-crm] [main] o.s.d.jpa.repository.query.NamedQuery    : Looking up named query Payment.findByStatus
2026-02-18T03:22:54.841+02:00 DEBUG 3928 --- [medical-crm] [main] o.s.d.jpa.repository.query.NamedQuery    : Did not find named query Payment.findByStatus
2026-02-18T03:22:54.841+02:00 DEBUG 3928 --- [medical-crm] [main] tor$SharedEntityManagerInvocationHandler : Creating new EntityManager for shared EntityManager invocation
2026-02-18T03:22:54.843+02:00 DEBUG 3928 --- [medical-crm] [main] o.s.d.jpa.repository.query.NamedQuery    : Looking up named query Payment.findByPaidById
2026-02-18T03:22:54.843+02:00 DEBUG 3928 --- [medical-crm] [main] o.s.d.jpa.repository.query.NamedQuery    : Did not find named query Payment.findByPaidById
2026-02-18T03:22:54.843+02:00 DEBUG 3928 --- [medical-crm] [main] tor$SharedEntityManagerInvocationHandler : Creating new EntityManager for shared EntityManager invocation
2026-02-18T03:22:54.845+02:00 DEBUG 3928 --- [medical-crm] [main] o.s.d.jpa.repository.query.NamedQuery    : Looking up named query Payment.findByAppointmentId
2026-02-18T03:22:54.845+02:00 DEBUG 3928 --- [medical-crm] [main] o.s.d.jpa.repository.query.NamedQuery    : Did not find named query Payment.findByAppointmentId
2026-02-18T03:22:54.845+02:00 DEBUG 3928 --- [medical-crm] [main] tor$SharedEntityManagerInvocationHandler : Creating new EntityManager for shared EntityManager invocation
2026-02-18T03:22:54.851+02:00 DEBUG 3928 --- [medical-crm] [main] o.s.d.r.c.s.RepositoryFactorySupport     : Finished creation of repository instance for com.medicalcrm.backend.repository.PaymentRepository.
2026-02-18T03:22:54.862+02:00 DEBUG 3928 --- [medical-crm] [main] o.s.b.f.s.DefaultListableBeanFactory     : Autowiring by type from bean name 'appointmentServiceImpl' via constructor to bean named 'appointmentRepository'
2026-02-18T03:22:54.862+02:00 DEBUG 3928 --- [medical-crm] [main] o.s.b.f.s.DefaultListableBeanFactory     : Autowiring by type from bean name 'appointmentServiceImpl' via constructor to bean named 'patientRepository'
2026-02-18T03:22:54.862+02:00 DEBUG 3928 --- [medical-crm] [main] o.s.b.f.s.DefaultListableBeanFactory     : Autowiring by type from bean name 'appointmentServiceImpl' via constructor to bean named 'doctorRepository'
2026-02-18T03:22:54.862+02:00 DEBUG 3928 --- [medical-crm] [main] o.s.b.f.s.DefaultListableBeanFactory     : Autowiring by type from bean name 'appointmentServiceImpl' via constructor to bean named 'medicalServiceRepository'
2026-02-18T03:22:54.862+02:00 DEBUG 3928 --- [medical-crm] [main] o.s.b.f.s.DefaultListableBeanFactory     : Autowiring by type from bean name 'appointmentServiceImpl' via constructor to bean named 'paymentRepository'
2026-02-18T03:22:54.877+02:00 DEBUG 3928 --- [medical-crm] [main] o.s.b.f.s.DefaultListableBeanFactory     : Autowiring by type from bean name 'appointmentController' via constructor to bean named 'appointmentServiceImpl'
2026-02-18T03:22:54.889+02:00 DEBUG 3928 --- [medical-crm] [main] o.s.b.f.s.DefaultListableBeanFactory     : Creating shared instance of singleton bean 'authController'
2026-02-18T03:22:54.892+02:00 DEBUG 3928 --- [medical-crm] [main] o.s.b.f.s.DefaultListableBeanFactory     : Creating shared instance of singleton bean 'authenticationManager'
2026-02-18T03:22:54.892+02:00 DEBUG 3928 --- [medical-crm] [main] o.s.b.f.s.DefaultListableBeanFactory     : Creating shared instance of singleton bean 'org.springframework.security.config.annotation.authentication.configuration.AuthenticationConfiguration'
2026-02-18T03:22:54.895+02:00 DEBUG 3928 --- [medical-crm] [main] o.s.b.f.s.DefaultListableBeanFactory     : Creating shared instance of singleton bean 'enableGlobalAuthenticationAutowiredConfigurer'
2026-02-18T03:22:54.896+02:00 DEBUG 3928 --- [medical-crm] [main] o.s.b.f.s.DefaultListableBeanFactory     : Autowiring by type from bean name 'enableGlobalAuthenticationAutowiredConfigurer' via factory method to bean named 'org.springframework.boot.web.servlet.context.AnnotationConfigServletWebServerApplicationContext@e54303'
2026-02-18T03:22:54.898+02:00 DEBUG 3928 --- [medical-crm] [main] o.s.b.f.s.DefaultListableBeanFactory     : Creating shared instance of singleton bean 'initializeUserDetailsBeanManagerConfigurer'
2026-02-18T03:22:54.898+02:00 DEBUG 3928 --- [medical-crm] [main] o.s.b.f.s.DefaultListableBeanFactory     : Autowiring by type from bean name 'initializeUserDetailsBeanManagerConfigurer' via factory method to bean named 'org.springframework.boot.web.servlet.context.AnnotationConfigServletWebServerApplicationContext@e54303'
2026-02-18T03:22:54.900+02:00 DEBUG 3928 --- [medical-crm] [main] o.s.b.f.s.DefaultListableBeanFactory     : Creating shared instance of singleton bean 'initializeAuthenticationProviderBeanManagerConfigurer'
2026-02-18T03:22:54.900+02:00 DEBUG 3928 --- [medical-crm] [main] o.s.b.f.s.DefaultListableBeanFactory     : Autowiring by type from bean name 'initializeAuthenticationProviderBeanManagerConfigurer' via factory method to bean named 'org.springframework.boot.web.servlet.context.AnnotationConfigServletWebServerApplicationContext@e54303'
2026-02-18T03:22:54.903+02:00 DEBUG 3928 --- [medical-crm] [main] o.s.b.f.s.DefaultListableBeanFactory     : Creating shared instance of singleton bean 'objectPostProcessor'
2026-02-18T03:22:54.903+02:00 DEBUG 3928 --- [medical-crm] [main] o.s.b.f.s.DefaultListableBeanFactory     : Creating shared instance of singleton bean 'org.springframework.security.config.annotation.configuration.ObjectPostProcessorConfiguration'
2026-02-18T03:22:54.904+02:00 DEBUG 3928 --- [medical-crm] [main] o.s.b.f.s.DefaultListableBeanFactory     : Autowiring by type from bean name 'objectPostProcessor' via factory method to bean named 'org.springframework.beans.factory.support.DefaultListableBeanFactory@636e8cc'
2026-02-18T03:22:54.907+02:00 DEBUG 3928 --- [medical-crm] [main] o.s.b.f.s.DefaultListableBeanFactory     : Autowiring by type from bean name 'authenticationManager' via factory method to bean named 'org.springframework.security.config.annotation.authentication.configuration.AuthenticationConfiguration'
2026-02-18T03:22:54.907+02:00 DEBUG 3928 --- [medical-crm] [main] o.s.b.f.s.DefaultListableBeanFactory     : Creating shared instance of singleton bean 'authenticationManagerBuilder'
2026-02-18T03:22:54.908+02:00 DEBUG 3928 --- [medical-crm] [main] o.s.b.f.s.DefaultListableBeanFactory     : Autowiring by type from bean name 'authenticationManagerBuilder' via factory method to bean named 'objectPostProcessor'
2026-02-18T03:22:54.908+02:00 DEBUG 3928 --- [medical-crm] [main] o.s.b.f.s.DefaultListableBeanFactory     : Autowiring by type from bean name 'authenticationManagerBuilder' via factory method to bean named 'org.springframework.boot.web.servlet.context.AnnotationConfigServletWebServerApplicationContext@e54303'
2026-02-18T03:22:54.909+02:00 DEBUG 3928 --- [medical-crm] [main] o.s.b.f.s.DefaultListableBeanFactory     : Creating shared instance of singleton bean 'authenticationEventPublisher'
2026-02-18T03:22:54.909+02:00 DEBUG 3928 --- [medical-crm] [main] o.s.b.f.s.DefaultListableBeanFactory     : Creating shared instance of singleton bean 'org.springframework.boot.autoconfigure.security.servlet.SecurityAutoConfiguration'
2026-02-18T03:22:54.910+02:00 DEBUG 3928 --- [medical-crm] [main] o.s.b.f.s.DefaultListableBeanFactory     : Autowiring by type from bean name 'authenticationEventPublisher' via factory method to bean named 'org.springframework.boot.web.servlet.context.AnnotationConfigServletWebServerApplicationContext@e54303'
2026-02-18T03:22:54.925+02:00 DEBUG 3928 --- [medical-crm] [main] o.s.b.f.s.DefaultListableBeanFactory     : Creating shared instance of singleton bean 'org.springframework.boot.autoconfigure.security.servlet.SpringBootWebSecurityConfiguration$WebSecurityEnablerConfiguration'
2026-02-18T03:22:54.929+02:00 DEBUG 3928 --- [medical-crm] [main] o.s.b.f.s.DefaultListableBeanFactory     : Creating shared instance of singleton bean 'passwordEncoder'
2026-02-18T03:22:54.948+02:00 DEBUG 3928 --- [medical-crm] [main] o.s.b.f.s.DefaultListableBeanFactory     : Autowiring by type from bean name 'authController' via constructor to bean named 'authenticationManager'
2026-02-18T03:22:54.948+02:00 DEBUG 3928 --- [medical-crm] [main] o.s.b.f.s.DefaultListableBeanFactory     : Autowiring by type from bean name 'authController' via constructor to bean named 'jwtService'
2026-02-18T03:22:54.949+02:00 DEBUG 3928 --- [medical-crm] [main] o.s.b.f.s.DefaultListableBeanFactory     : Creating shared instance of singleton bean 'doctorController'
2026-02-18T03:22:54.951+02:00 DEBUG 3928 --- [medical-crm] [main] o.s.b.f.s.DefaultListableBeanFactory     : Creating shared instance of singleton bean 'doctorServiceImpl'
2026-02-18T03:22:54.952+02:00 DEBUG 3928 --- [medical-crm] [main] o.s.b.f.s.DefaultListableBeanFactory     : Autowiring by type from bean name 'doctorServiceImpl' via constructor to bean named 'doctorRepository'
2026-02-18T03:22:54.952+02:00 DEBUG 3928 --- [medical-crm] [main] o.s.b.f.s.DefaultListableBeanFactory     : Autowiring by type from bean name 'doctorServiceImpl' via constructor to bean named 'appointmentRepository'
2026-02-18T03:22:54.952+02:00 DEBUG 3928 --- [medical-crm] [main] o.s.b.f.s.DefaultListableBeanFactory     : Autowiring by type from bean name 'doctorServiceImpl' via constructor to bean named 'userRepository'
2026-02-18T03:22:54.958+02:00 DEBUG 3928 --- [medical-crm] [main] o.s.b.f.s.DefaultListableBeanFactory     : Autowiring by type from bean name 'doctorController' via constructor to bean named 'doctorServiceImpl'
2026-02-18T03:22:54.959+02:00 DEBUG 3928 --- [medical-crm] [main] o.s.b.f.s.DefaultListableBeanFactory     : Autowiring by type from bean name 'doctorController' via constructor to bean named 'appointmentServiceImpl'
2026-02-18T03:22:54.963+02:00 DEBUG 3928 --- [medical-crm] [main] o.s.b.f.s.DefaultListableBeanFactory     : Creating shared instance of singleton bean 'medicalServiceController'
2026-02-18T03:22:54.966+02:00 DEBUG 3928 --- [medical-crm] [main] o.s.b.f.s.DefaultListableBeanFactory     : Creating shared instance of singleton bean 'medicalServiceServiceImpl'
2026-02-18T03:22:54.966+02:00 DEBUG 3928 --- [medical-crm] [main] o.s.b.f.s.DefaultListableBeanFactory     : Autowiring by type from bean name 'medicalServiceServiceImpl' via constructor to bean named 'medicalServiceRepository'
2026-02-18T03:22:54.970+02:00 DEBUG 3928 --- [medical-crm] [main] o.s.b.f.s.DefaultListableBeanFactory     : Autowiring by type from bean name 'medicalServiceController' via constructor to bean named 'medicalServiceServiceImpl'
2026-02-18T03:22:54.976+02:00 DEBUG 3928 --- [medical-crm] [main] o.s.b.f.s.DefaultListableBeanFactory     : Creating shared instance of singleton bean 'patientController'
2026-02-18T03:22:54.979+02:00 DEBUG 3928 --- [medical-crm] [main] o.s.b.f.s.DefaultListableBeanFactory     : Creating shared instance of singleton bean 'patientServiceImpl'
2026-02-18T03:22:54.979+02:00 DEBUG 3928 --- [medical-crm] [main] o.s.b.f.s.DefaultListableBeanFactory     : Autowiring by type from bean name 'patientServiceImpl' via constructor to bean named 'patientRepository'
2026-02-18T03:22:54.979+02:00 DEBUG 3928 --- [medical-crm] [main] o.s.b.f.s.DefaultListableBeanFactory     : Autowiring by type from bean name 'patientServiceImpl' via constructor to bean named 'appointmentRepository'
2026-02-18T03:22:54.979+02:00 DEBUG 3928 --- [medical-crm] [main] o.s.b.f.s.DefaultListableBeanFactory     : Autowiring by type from bean name 'patientServiceImpl' via constructor to bean named 'paymentRepository'
2026-02-18T03:22:54.979+02:00 DEBUG 3928 --- [medical-crm] [main] o.s.b.f.s.DefaultListableBeanFactory     : Autowiring by type from bean name 'patientServiceImpl' via constructor to bean named 'userRepository'
2026-02-18T03:22:54.985+02:00 DEBUG 3928 --- [medical-crm] [main] o.s.b.f.s.DefaultListableBeanFactory     : Autowiring by type from bean name 'patientController' via constructor to bean named 'patientServiceImpl'
2026-02-18T03:22:54.991+02:00 DEBUG 3928 --- [medical-crm] [main] o.s.b.f.s.DefaultListableBeanFactory     : Creating shared instance of singleton bean 'paymentController'
2026-02-18T03:22:54.994+02:00 DEBUG 3928 --- [medical-crm] [main] o.s.b.f.s.DefaultListableBeanFactory     : Creating shared instance of singleton bean 'paymentServiceImpl'
2026-02-18T03:22:54.995+02:00 DEBUG 3928 --- [medical-crm] [main] o.s.b.f.s.DefaultListableBeanFactory     : Autowiring by type from bean name 'paymentServiceImpl' via constructor to bean named 'paymentRepository'
2026-02-18T03:22:54.995+02:00 DEBUG 3928 --- [medical-crm] [main] o.s.b.f.s.DefaultListableBeanFactory     : Autowiring by type from bean name 'paymentServiceImpl' via constructor to bean named 'appointmentRepository'
2026-02-18T03:22:54.995+02:00 DEBUG 3928 --- [medical-crm] [main] o.s.b.f.s.DefaultListableBeanFactory     : Autowiring by type from bean name 'paymentServiceImpl' via constructor to bean named 'patientRepository'
2026-02-18T03:22:54.995+02:00 DEBUG 3928 --- [medical-crm] [main] o.s.b.f.s.DefaultListableBeanFactory     : Autowiring by type from bean name 'paymentServiceImpl' via constructor to bean named 'doctorRepository'
2026-02-18T03:22:55.004+02:00 DEBUG 3928 --- [medical-crm] [main] o.s.b.f.s.DefaultListableBeanFactory     : Autowiring by type from bean name 'paymentController' via constructor to bean named 'paymentServiceImpl'
2026-02-18T03:22:55.009+02:00 DEBUG 3928 --- [medical-crm] [main] o.s.b.f.s.DefaultListableBeanFactory     : Creating shared instance of singleton bean 'userController'
2026-02-18T03:22:55.013+02:00 DEBUG 3928 --- [medical-crm] [main] o.s.b.f.s.DefaultListableBeanFactory     : Creating shared instance of singleton bean 'userServiceImpl'
2026-02-18T03:22:55.015+02:00 DEBUG 3928 --- [medical-crm] [main] o.s.b.f.s.DefaultListableBeanFactory     : Autowiring by type from bean name 'userServiceImpl' via constructor to bean named 'userRepository'
2026-02-18T03:22:55.015+02:00 DEBUG 3928 --- [medical-crm] [main] o.s.b.f.s.DefaultListableBeanFactory     : Autowiring by type from bean name 'userServiceImpl' via constructor to bean named 'passwordEncoder'
2026-02-18T03:22:55.023+02:00 DEBUG 3928 --- [medical-crm] [main] o.s.b.f.s.DefaultListableBeanFactory     : Autowiring by type from bean name 'userController' via constructor to bean named 'userServiceImpl'
2026-02-18T03:22:55.029+02:00 DEBUG 3928 --- [medical-crm] [main] o.s.b.f.s.DefaultListableBeanFactory     : Creating shared instance of singleton bean 'globalExceptionHandler'
2026-02-18T03:22:55.034+02:00 DEBUG 3928 --- [medical-crm] [main] o.s.b.f.s.DefaultListableBeanFactory     : Creating shared instance of singleton bean 'logClass'
2026-02-18T03:22:55.035+02:00 DEBUG 3928 --- [medical-crm] [main] o.s.b.f.s.DefaultListableBeanFactory     : Creating shared instance of singleton bean 'org.springframework.security.config.annotation.method.configuration.PrePostMethodSecurityConfiguration'
2026-02-18T03:22:55.037+02:00 DEBUG 3928 --- [medical-crm] [main] o.s.b.f.s.DefaultListableBeanFactory     : Creating shared instance of singleton bean 'preFilterAuthorizationMethodInterceptor'
2026-02-18T03:22:55.037+02:00 DEBUG 3928 --- [medical-crm] [main] o.s.b.f.s.DefaultListableBeanFactory     : Autowiring by type from bean name 'preFilterAuthorizationMethodInterceptor' via factory method to bean named 'org.springframework.boot.web.servlet.context.AnnotationConfigServletWebServerApplicationContext@e54303'
2026-02-18T03:22:55.038+02:00 DEBUG 3928 --- [medical-crm] [main] o.s.b.f.s.DefaultListableBeanFactory     : Creating shared instance of singleton bean 'preAuthorizeAuthorizationMethodInterceptor'
2026-02-18T03:22:55.038+02:00 DEBUG 3928 --- [medical-crm] [main] o.s.b.f.s.DefaultListableBeanFactory     : Autowiring by type from bean name 'preAuthorizeAuthorizationMethodInterceptor' via factory method to bean named 'org.springframework.boot.web.servlet.context.AnnotationConfigServletWebServerApplicationContext@e54303'
2026-02-18T03:22:55.039+02:00 DEBUG 3928 --- [medical-crm] [main] o.s.b.f.s.DefaultListableBeanFactory     : Creating shared instance of singleton bean 'postAuthorizeAuthorizationMethodInterceptor'
2026-02-18T03:22:55.040+02:00 DEBUG 3928 --- [medical-crm] [main] o.s.b.f.s.DefaultListableBeanFactory     : Autowiring by type from bean name 'postAuthorizeAuthorizationMethodInterceptor' via factory method to bean named 'org.springframework.boot.web.servlet.context.AnnotationConfigServletWebServerApplicationContext@e54303'
2026-02-18T03:22:55.040+02:00 DEBUG 3928 --- [medical-crm] [main] o.s.b.f.s.DefaultListableBeanFactory     : Creating shared instance of singleton bean 'postFilterAuthorizationMethodInterceptor'
2026-02-18T03:22:55.041+02:00 DEBUG 3928 --- [medical-crm] [main] o.s.b.f.s.DefaultListableBeanFactory     : Autowiring by type from bean name 'postFilterAuthorizationMethodInterceptor' via factory method to bean named 'org.springframework.boot.web.servlet.context.AnnotationConfigServletWebServerApplicationContext@e54303'
2026-02-18T03:22:55.041+02:00 DEBUG 3928 --- [medical-crm] [main] o.s.b.f.s.DefaultListableBeanFactory     : Creating shared instance of singleton bean 'securityFilterChain'
2026-02-18T03:22:55.042+02:00 DEBUG 3928 --- [medical-crm] [main] o.s.b.f.s.DefaultListableBeanFactory     : Creating shared instance of singleton bean 'org.springframework.security.config.annotation.web.configuration.HttpSecurityConfiguration'
2026-02-18T03:22:55.048+02:00 DEBUG 3928 --- [medical-crm] [main] o.s.b.f.s.DefaultListableBeanFactory     : Creating shared instance of singleton bean 'mvcContentNegotiationManager'
2026-02-18T03:22:55.048+02:00 DEBUG 3928 --- [medical-crm] [main] o.s.b.f.s.DefaultListableBeanFactory     : Creating shared instance of singleton bean 'org.springframework.boot.autoconfigure.web.servlet.WebMvcAutoConfiguration$EnableWebMvcConfiguration'
2026-02-18T03:22:55.050+02:00 DEBUG 3928 --- [medical-crm] [main] o.s.b.f.s.DefaultListableBeanFactory     : Creating shared instance of singleton bean 'spring.web-org.springframework.boot.autoconfigure.web.WebProperties'
2026-02-18T03:22:55.056+02:00 DEBUG 3928 --- [medical-crm] [main] o.s.b.f.s.DefaultListableBeanFactory     : Autowiring by type from bean name 'org.springframework.boot.autoconfigure.web.servlet.WebMvcAutoConfiguration$EnableWebMvcConfiguration' via constructor to bean named 'spring.mvc-org.springframework.boot.autoconfigure.web.servlet.WebMvcProperties'
2026-02-18T03:22:55.056+02:00 DEBUG 3928 --- [medical-crm] [main] o.s.b.f.s.DefaultListableBeanFactory     : Autowiring by type from bean name 'org.springframework.boot.autoconfigure.web.servlet.WebMvcAutoConfiguration$EnableWebMvcConfiguration' via constructor to bean named 'spring.web-org.springframework.boot.autoconfigure.web.WebProperties'
2026-02-18T03:22:55.056+02:00 DEBUG 3928 --- [medical-crm] [main] o.s.b.f.s.DefaultListableBeanFactory     : Autowiring by type from bean name 'org.springframework.boot.autoconfigure.web.servlet.WebMvcAutoConfiguration$EnableWebMvcConfiguration' via constructor to bean named 'org.springframework.beans.factory.support.DefaultListableBeanFactory@636e8cc'
2026-02-18T03:22:55.061+02:00 DEBUG 3928 --- [medical-crm] [main] o.s.b.f.s.DefaultListableBeanFactory     : Creating shared instance of singleton bean 'org.springframework.boot.autoconfigure.web.servlet.WebMvcAutoConfiguration$WebMvcAutoConfigurationAdapter'
2026-02-18T03:22:55.061+02:00 DEBUG 3928 --- [medical-crm] [main] o.s.b.f.s.DefaultListableBeanFactory     : Autowiring by type from bean name 'org.springframework.boot.autoconfigure.web.servlet.WebMvcAutoConfiguration$WebMvcAutoConfigurationAdapter' via constructor to bean named 'spring.web-org.springframework.boot.autoconfigure.web.WebProperties'
2026-02-18T03:22:55.062+02:00 DEBUG 3928 --- [medical-crm] [main] o.s.b.f.s.DefaultListableBeanFactory     : Autowiring by type from bean name 'org.springframework.boot.autoconfigure.web.servlet.WebMvcAutoConfiguration$WebMvcAutoConfigurationAdapter' via constructor to bean named 'spring.mvc-org.springframework.boot.autoconfigure.web.servlet.WebMvcProperties'
2026-02-18T03:22:55.062+02:00 DEBUG 3928 --- [medical-crm] [main] o.s.b.f.s.DefaultListableBeanFactory     : Autowiring by type from bean name 'org.springframework.boot.autoconfigure.web.servlet.WebMvcAutoConfiguration$WebMvcAutoConfigurationAdapter' via constructor to bean named 'org.springframework.beans.factory.support.DefaultListableBeanFactory@636e8cc'
2026-02-18T03:22:55.066+02:00 DEBUG 3928 --- [medical-crm] [main] o.s.b.f.s.DefaultListableBeanFactory     : Creating shared instance of singleton bean 'openEntityManagerInViewInterceptorConfigurer'
2026-02-18T03:22:55.066+02:00 DEBUG 3928 --- [medical-crm] [main] o.s.b.f.s.DefaultListableBeanFactory     : Creating shared instance of singleton bean 'org.springframework.boot.autoconfigure.orm.jpa.JpaBaseConfiguration$JpaWebConfiguration'
2026-02-18T03:22:55.067+02:00 DEBUG 3928 --- [medical-crm] [main] o.s.b.f.s.DefaultListableBeanFactory     : Autowiring by type from bean name 'org.springframework.boot.autoconfigure.orm.jpa.JpaBaseConfiguration$JpaWebConfiguration' via constructor to bean named 'spring.jpa-org.springframework.boot.autoconfigure.orm.jpa.JpaProperties'
2026-02-18T03:22:55.068+02:00 DEBUG 3928 --- [medical-crm] [main] o.s.b.f.s.DefaultListableBeanFactory     : Creating shared instance of singleton bean 'openEntityManagerInViewInterceptor'
2026-02-18T03:22:55.068+02:00  WARN 3928 --- [medical-crm] [main] JpaBaseConfiguration$JpaWebConfiguration : spring.jpa.open-in-view is enabled by default. Therefore, database queries may be performed during view rendering. Explicitly configure spring.jpa.open-in-view to disable this warning
2026-02-18T03:22:55.072+02:00 DEBUG 3928 --- [medical-crm] [main] o.s.b.f.s.DefaultListableBeanFactory     : Autowiring by type from bean name 'openEntityManagerInViewInterceptorConfigurer' via factory method to bean named 'openEntityManagerInViewInterceptor'
2026-02-18T03:22:55.074+02:00 DEBUG 3928 --- [medical-crm] [main] o.s.b.f.s.DefaultListableBeanFactory     : Creating shared instance of singleton bean 'org.springframework.data.web.config.SpringDataWebConfiguration'
2026-02-18T03:22:55.075+02:00 DEBUG 3928 --- [medical-crm] [main] o.s.b.f.s.DefaultListableBeanFactory     : Autowiring by type from bean name 'org.springframework.data.web.config.SpringDataWebConfiguration' via constructor to bean named 'org.springframework.boot.web.servlet.context.AnnotationConfigServletWebServerApplicationContext@e54303'
2026-02-18T03:22:55.079+02:00 DEBUG 3928 --- [medical-crm] [main] o.s.b.f.s.DefaultListableBeanFactory     : Creating shared instance of singleton bean 'org.springframework.security.config.annotation.web.configuration.WebMvcSecurityConfiguration'
2026-02-18T03:22:55.157+02:00 DEBUG 3928 --- [medical-crm] [main] o.s.b.f.s.DefaultListableBeanFactory     : Autowiring by type from bean name 'securityFilterChain' via factory method to bean named 'org.springframework.security.config.annotation.web.configuration.HttpSecurityConfiguration.httpSecurity'
2026-02-18T03:22:55.162+02:00 DEBUG 3928 --- [medical-crm] [main] o.s.b.f.s.DefaultListableBeanFactory     : Creating shared instance of singleton bean 'mvcHandlerMappingIntrospector'
2026-02-18T03:22:55.166+02:00 DEBUG 3928 --- [medical-crm] [main] o.s.b.f.s.DefaultListableBeanFactory     : Creating shared instance of singleton bean 'welcomePageHandlerMapping'
2026-02-18T03:22:55.167+02:00 DEBUG 3928 --- [medical-crm] [main] o.s.b.f.s.DefaultListableBeanFactory     : Creating shared instance of singleton bean 'mvcConversionService'
2026-02-18T03:22:55.179+02:00 DEBUG 3928 --- [medical-crm] [main] o.s.b.f.s.DefaultListableBeanFactory     : Creating shared instance of singleton bean 'mvcResourceUrlProvider'
2026-02-18T03:22:55.182+02:00 DEBUG 3928 --- [medical-crm] [main] o.s.b.f.s.DefaultListableBeanFactory     : Autowiring by type from bean name 'welcomePageHandlerMapping' via factory method to bean named 'org.springframework.boot.web.servlet.context.AnnotationConfigServletWebServerApplicationContext@e54303'
2026-02-18T03:22:55.183+02:00 DEBUG 3928 --- [medical-crm] [main] o.s.b.f.s.DefaultListableBeanFactory     : Autowiring by type from bean name 'welcomePageHandlerMapping' via factory method to bean named 'mvcConversionService'
2026-02-18T03:22:55.183+02:00 DEBUG 3928 --- [medical-crm] [main] o.s.b.f.s.DefaultListableBeanFactory     : Autowiring by type from bean name 'welcomePageHandlerMapping' via factory method to bean named 'mvcResourceUrlProvider'
2026-02-18T03:22:55.210+02:00 DEBUG 3928 --- [medical-crm] [main] o.s.b.f.s.DefaultListableBeanFactory     : Creating shared instance of singleton bean 'welcomePageNotAcceptableHandlerMapping'
2026-02-18T03:22:55.210+02:00 DEBUG 3928 --- [medical-crm] [main] o.s.b.f.s.DefaultListableBeanFactory     : Autowiring by type from bean name 'welcomePageNotAcceptableHandlerMapping' via factory method to bean named 'org.springframework.boot.web.servlet.context.AnnotationConfigServletWebServerApplicationContext@e54303'
2026-02-18T03:22:55.210+02:00 DEBUG 3928 --- [medical-crm] [main] o.s.b.f.s.DefaultListableBeanFactory     : Autowiring by type from bean name 'welcomePageNotAcceptableHandlerMapping' via factory method to bean named 'mvcConversionService'
2026-02-18T03:22:55.210+02:00 DEBUG 3928 --- [medical-crm] [main] o.s.b.f.s.DefaultListableBeanFactory     : Autowiring by type from bean name 'welcomePageNotAcceptableHandlerMapping' via factory method to bean named 'mvcResourceUrlProvider'
2026-02-18T03:22:55.219+02:00 DEBUG 3928 --- [medical-crm] [main] o.s.b.f.s.DefaultListableBeanFactory     : Creating shared instance of singleton bean 'requestMappingHandlerMapping'
2026-02-18T03:22:55.221+02:00 DEBUG 3928 --- [medical-crm] [main] o.s.b.f.s.DefaultListableBeanFactory     : Autowiring by type from bean name 'requestMappingHandlerMapping' via factory method to bean named 'mvcContentNegotiationManager'
2026-02-18T03:22:55.221+02:00 DEBUG 3928 --- [medical-crm] [main] o.s.b.f.s.DefaultListableBeanFactory     : Autowiring by type from bean name 'requestMappingHandlerMapping' via factory method to bean named 'mvcConversionService'
2026-02-18T03:22:55.221+02:00 DEBUG 3928 --- [medical-crm] [main] o.s.b.f.s.DefaultListableBeanFactory     : Autowiring by type from bean name 'requestMappingHandlerMapping' via factory method to bean named 'mvcResourceUrlProvider'
2026-02-18T03:22:55.325+02:00 DEBUG 3928 --- [medical-crm] [main] s.w.s.m.m.a.RequestMappingHandlerMapping : 61 mappings in 'requestMappingHandlerMapping'
2026-02-18T03:22:55.340+02:00 DEBUG 3928 --- [medical-crm] [main] o.s.b.f.s.DefaultListableBeanFactory     : Creating shared instance of singleton bean 'viewControllerHandlerMapping'
2026-02-18T03:22:55.341+02:00 DEBUG 3928 --- [medical-crm] [main] o.s.b.f.s.DefaultListableBeanFactory     : Autowiring by type from bean name 'viewControllerHandlerMapping' via factory method to bean named 'mvcConversionService'
2026-02-18T03:22:55.341+02:00 DEBUG 3928 --- [medical-crm] [main] o.s.b.f.s.DefaultListableBeanFactory     : Autowiring by type from bean name 'viewControllerHandlerMapping' via factory method to bean named 'mvcResourceUrlProvider'
2026-02-18T03:22:55.341+02:00 DEBUG 3928 --- [medical-crm] [main] o.s.b.f.s.DefaultListableBeanFactory     : Creating shared instance of singleton bean 'beanNameHandlerMapping'
2026-02-18T03:22:55.342+02:00 DEBUG 3928 --- [medical-crm] [main] o.s.b.f.s.DefaultListableBeanFactory     : Autowiring by type from bean name 'beanNameHandlerMapping' via factory method to bean named 'mvcConversionService'
2026-02-18T03:22:55.342+02:00 DEBUG 3928 --- [medical-crm] [main] o.s.b.f.s.DefaultListableBeanFactory     : Autowiring by type from bean name 'beanNameHandlerMapping' via factory method to bean named 'mvcResourceUrlProvider'
2026-02-18T03:22:55.351+02:00 DEBUG 3928 --- [medical-crm] [main] o.s.b.f.s.DefaultListableBeanFactory     : Creating shared instance of singleton bean 'routerFunctionMapping'
2026-02-18T03:22:55.351+02:00 DEBUG 3928 --- [medical-crm] [main] o.s.b.f.s.DefaultListableBeanFactory     : Autowiring by type from bean name 'routerFunctionMapping' via factory method to bean named 'mvcConversionService'
2026-02-18T03:22:55.351+02:00 DEBUG 3928 --- [medical-crm] [main] o.s.b.f.s.DefaultListableBeanFactory     : Autowiring by type from bean name 'routerFunctionMapping' via factory method to bean named 'mvcResourceUrlProvider'
2026-02-18T03:22:55.352+02:00 DEBUG 3928 --- [medical-crm] [main] o.s.b.f.s.DefaultListableBeanFactory     : Creating shared instance of singleton bean 'messageConverters'
2026-02-18T03:22:55.352+02:00 DEBUG 3928 --- [medical-crm] [main] o.s.b.f.s.DefaultListableBeanFactory     : Creating shared instance of singleton bean 'org.springframework.boot.autoconfigure.http.HttpMessageConvertersAutoConfiguration'
2026-02-18T03:22:55.356+02:00 DEBUG 3928 --- [medical-crm] [main] o.s.b.f.s.DefaultListableBeanFactory     : Creating shared instance of singleton bean 'stringHttpMessageConverter'
2026-02-18T03:22:55.356+02:00 DEBUG 3928 --- [medical-crm] [main] o.s.b.f.s.DefaultListableBeanFactory     : Creating shared instance of singleton bean 'org.springframework.boot.autoconfigure.http.HttpMessageConvertersAutoConfiguration$StringHttpMessageConverterConfiguration'
2026-02-18T03:22:55.357+02:00 DEBUG 3928 --- [medical-crm] [main] o.s.b.f.s.DefaultListableBeanFactory     : Autowiring by type from bean name 'stringHttpMessageConverter' via factory method to bean named 'environment'
2026-02-18T03:22:55.368+02:00 DEBUG 3928 --- [medical-crm] [main] o.s.b.f.s.DefaultListableBeanFactory     : Creating shared instance of singleton bean 'mappingJackson2HttpMessageConverter'
2026-02-18T03:22:55.368+02:00 DEBUG 3928 --- [medical-crm] [main] o.s.b.f.s.DefaultListableBeanFactory     : Creating shared instance of singleton bean 'org.springframework.boot.autoconfigure.http.JacksonHttpMessageConvertersConfiguration$MappingJackson2HttpMessageConverterConfiguration'
2026-02-18T03:22:55.369+02:00 DEBUG 3928 --- [medical-crm] [main] o.s.b.f.s.DefaultListableBeanFactory     : Creating shared instance of singleton bean 'jacksonObjectMapper'
2026-02-18T03:22:55.369+02:00 DEBUG 3928 --- [medical-crm] [main] o.s.b.f.s.DefaultListableBeanFactory     : Creating shared instance of singleton bean 'org.springframework.boot.autoconfigure.jackson.JacksonAutoConfiguration$JacksonObjectMapperConfiguration'
2026-02-18T03:22:55.370+02:00 DEBUG 3928 --- [medical-crm] [main] o.s.b.f.s.DefaultListableBeanFactory     : Creating shared instance of singleton bean 'org.springframework.boot.autoconfigure.jackson.JacksonAutoConfiguration$JacksonObjectMapperBuilderConfiguration'
2026-02-18T03:22:55.371+02:00 DEBUG 3928 --- [medical-crm] [main] o.s.b.f.s.DefaultListableBeanFactory     : Creating shared instance of singleton bean 'standardJacksonObjectMapperBuilderCustomizer'
2026-02-18T03:22:55.371+02:00 DEBUG 3928 --- [medical-crm] [main] o.s.b.f.s.DefaultListableBeanFactory     : Creating shared instance of singleton bean 'org.springframework.boot.autoconfigure.jackson.JacksonAutoConfiguration$Jackson2ObjectMapperBuilderCustomizerConfiguration'
2026-02-18T03:22:55.373+02:00 DEBUG 3928 --- [medical-crm] [main] o.s.b.f.s.DefaultListableBeanFactory     : Creating shared instance of singleton bean 'spring.jackson-org.springframework.boot.autoconfigure.jackson.JacksonProperties'
2026-02-18T03:22:55.376+02:00 DEBUG 3928 --- [medical-crm] [main] o.s.b.f.s.DefaultListableBeanFactory     : Autowiring by type from bean name 'standardJacksonObjectMapperBuilderCustomizer' via factory method to bean named 'spring.jackson-org.springframework.boot.autoconfigure.jackson.JacksonProperties'
2026-02-18T03:22:55.378+02:00 DEBUG 3928 --- [medical-crm] [main] o.s.b.f.s.DefaultListableBeanFactory     : Creating shared instance of singleton bean 'parameterNamesModule'
2026-02-18T03:22:55.378+02:00 DEBUG 3928 --- [medical-crm] [main] o.s.b.f.s.DefaultListableBeanFactory     : Creating shared instance of singleton bean 'org.springframework.boot.autoconfigure.jackson.JacksonAutoConfiguration$ParameterNamesModuleConfiguration'
2026-02-18T03:22:55.382+02:00 DEBUG 3928 --- [medical-crm] [main] o.s.b.f.s.DefaultListableBeanFactory     : Creating shared instance of singleton bean 'jsonMixinModule'
2026-02-18T03:22:55.382+02:00 DEBUG 3928 --- [medical-crm] [main] o.s.b.f.s.DefaultListableBeanFactory     : Creating shared instance of singleton bean 'org.springframework.boot.autoconfigure.jackson.JacksonAutoConfiguration$JacksonMixinConfiguration'
2026-02-18T03:22:55.383+02:00 DEBUG 3928 --- [medical-crm] [main] o.s.b.f.s.DefaultListableBeanFactory     : Creating shared instance of singleton bean 'jsonMixinModuleEntries'
2026-02-18T03:22:55.383+02:00 DEBUG 3928 --- [medical-crm] [main] o.s.b.f.s.DefaultListableBeanFactory     : Autowiring by type from bean name 'jsonMixinModuleEntries' via factory method to bean named 'org.springframework.boot.web.servlet.context.AnnotationConfigServletWebServerApplicationContext@e54303'
2026-02-18T03:22:55.395+02:00 DEBUG 3928 --- [medical-crm] [main] o.s.b.f.s.DefaultListableBeanFactory     : Autowiring by type from bean name 'jsonMixinModule' via factory method to bean named 'org.springframework.boot.web.servlet.context.AnnotationConfigServletWebServerApplicationContext@e54303'
2026-02-18T03:22:55.396+02:00 DEBUG 3928 --- [medical-crm] [main] o.s.b.f.s.DefaultListableBeanFactory     : Autowiring by type from bean name 'jsonMixinModule' via factory method to bean named 'jsonMixinModuleEntries'
2026-02-18T03:22:55.398+02:00 DEBUG 3928 --- [medical-crm] [main] o.s.b.f.s.DefaultListableBeanFactory     : Creating shared instance of singleton bean 'jsonComponentModule'
2026-02-18T03:22:55.398+02:00 DEBUG 3928 --- [medical-crm] [main] o.s.b.f.s.DefaultListableBeanFactory     : Creating shared instance of singleton bean 'org.springframework.boot.autoconfigure.jackson.JacksonAutoConfiguration'
2026-02-18T03:22:55.405+02:00 DEBUG 3928 --- [medical-crm] [main] o.s.b.f.s.DefaultListableBeanFactory     : Creating shared instance of singleton bean 'jacksonGeoModule'
2026-02-18T03:22:55.405+02:00 DEBUG 3928 --- [medical-crm] [main] o.s.b.f.s.DefaultListableBeanFactory     : Creating shared instance of singleton bean 'org.springframework.data.web.config.SpringDataJacksonConfiguration'
2026-02-18T03:22:55.410+02:00 DEBUG 3928 --- [medical-crm] [main] o.s.b.f.s.DefaultListableBeanFactory     : Creating shared instance of singleton bean 'pageModule'
2026-02-18T03:22:55.414+02:00 DEBUG 3928 --- [medical-crm] [main] o.s.b.f.s.DefaultListableBeanFactory     : Autowiring by type from bean name 'jacksonObjectMapperBuilder' via factory method to bean named 'org.springframework.boot.web.servlet.context.AnnotationConfigServletWebServerApplicationContext@e54303'
2026-02-18T03:22:55.414+02:00 DEBUG 3928 --- [medical-crm] [main] o.s.b.f.s.DefaultListableBeanFactory     : Autowiring by type from bean name 'jacksonObjectMapperBuilder' via factory method to bean named 'standardJacksonObjectMapperBuilderCustomizer'
2026-02-18T03:22:55.417+02:00 DEBUG 3928 --- [medical-crm] [main] o.s.b.f.s.DefaultListableBeanFactory     : Autowiring by type from bean name 'jacksonObjectMapper' via factory method to bean named 'jacksonObjectMapperBuilder'
2026-02-18T03:22:55.451+02:00 DEBUG 3928 --- [medical-crm] [main] o.s.b.f.s.DefaultListableBeanFactory     : Autowiring by type from bean name 'mappingJackson2HttpMessageConverter' via factory method to bean named 'jacksonObjectMapper'
2026-02-18T03:22:55.468+02:00 DEBUG 3928 --- [medical-crm] [main] o.s.b.f.s.DefaultListableBeanFactory     : Creating shared instance of singleton bean 'resourceHandlerMapping'
2026-02-18T03:22:55.469+02:00 DEBUG 3928 --- [medical-crm] [main] o.s.b.f.s.DefaultListableBeanFactory     : Autowiring by type from bean name 'resourceHandlerMapping' via factory method to bean named 'mvcContentNegotiationManager'
2026-02-18T03:22:55.469+02:00 DEBUG 3928 --- [medical-crm] [main] o.s.b.f.s.DefaultListableBeanFactory     : Autowiring by type from bean name 'resourceHandlerMapping' via factory method to bean named 'mvcConversionService'
2026-02-18T03:22:55.469+02:00 DEBUG 3928 --- [medical-crm] [main] o.s.b.f.s.DefaultListableBeanFactory     : Autowiring by type from bean name 'resourceHandlerMapping' via factory method to bean named 'mvcResourceUrlProvider'
2026-02-18T03:22:55.480+02:00 DEBUG 3928 --- [medical-crm] [main] o.s.w.s.handler.SimpleUrlHandlerMapping  : Patterns [/webjars/**, /**] in 'resourceHandlerMapping'
2026-02-18T03:22:55.487+02:00 DEBUG 3928 --- [medical-crm] [main] o.s.b.f.s.DefaultListableBeanFactory     : Creating shared instance of singleton bean 'defaultServletHandlerMapping'
2026-02-18T03:22:55.541+02:00  INFO 3928 --- [medical-crm] [main] o.s.s.web.DefaultSecurityFilterChain     : Will secure any request with [org.springframework.security.web.session.DisableEncodeUrlFilter@1e8f20bf, org.springframework.security.web.context.request.async.WebAsyncManagerIntegrationFilter@718212ef, org.springframework.security.web.context.SecurityContextHolderFilter@59a71bef, org.springframework.security.web.header.HeaderWriterFilter@18e0f894, org.springframework.web.filter.CorsFilter@70a9f4b7, org.springframework.security.web.authentication.logout.LogoutFilter@53af65eb, com.medicalcrm.backend.security.JwtAuthenticationFilter@2571bdf4, org.springframework.security.web.savedrequest.RequestCacheAwareFilter@3d36204f, org.springframework.security.web.servletapi.SecurityContextHolderAwareRequestFilter@71443983, org.springframework.security.web.authentication.AnonymousAuthenticationFilter@488bf7cd, org.springframework.security.web.session.SessionManagementFilter@7906de2f, org.springframework.security.web.access.ExceptionTranslationFilter@520b547c, org.springframework.security.web.access.intercept.AuthorizationFilter@2978d342]
2026-02-18T03:22:55.542+02:00 DEBUG 3928 --- [medical-crm] [main] o.s.b.f.s.DefaultListableBeanFactory     : Creating shared instance of singleton bean 'api'
2026-02-18T03:22:55.553+02:00 DEBUG 3928 --- [medical-crm] [main] o.s.b.f.s.DefaultListableBeanFactory     : Creating shared instance of singleton bean 'org.springframework.boot.autoconfigure.context.PropertyPlaceholderAutoConfiguration'
2026-02-18T03:22:55.554+02:00 DEBUG 3928 --- [medical-crm] [main] o.s.b.f.s.DefaultListableBeanFactory     : Creating shared instance of singleton bean 'org.springframework.boot.autoconfigure.websocket.servlet.WebSocketServletAutoConfiguration'
2026-02-18T03:22:55.554+02:00 DEBUG 3928 --- [medical-crm] [main] o.s.b.f.s.DefaultListableBeanFactory     : Creating shared instance of singleton bean 'org.springframework.boot.autoconfigure.web.servlet.DispatcherServletAutoConfiguration'
2026-02-18T03:22:55.555+02:00 DEBUG 3928 --- [medical-crm] [main] o.s.b.f.s.DefaultListableBeanFactory     : Creating shared instance of singleton bean 'org.springframework.boot.autoconfigure.task.TaskExecutorConfigurations$ThreadPoolTaskExecutorBuilderConfiguration'
2026-02-18T03:22:55.556+02:00 DEBUG 3928 --- [medical-crm] [main] o.s.b.f.s.DefaultListableBeanFactory     : Creating shared instance of singleton bean 'threadPoolTaskExecutorBuilder'
2026-02-18T03:22:55.556+02:00 DEBUG 3928 --- [medical-crm] [main] o.s.b.f.s.DefaultListableBeanFactory     : Creating shared instance of singleton bean 'spring.task.execution-org.springframework.boot.autoconfigure.task.TaskExecutionProperties'
2026-02-18T03:22:55.558+02:00 DEBUG 3928 --- [medical-crm] [main] o.s.b.f.s.DefaultListableBeanFactory     : Autowiring by type from bean name 'threadPoolTaskExecutorBuilder' via factory method to bean named 'spring.task.execution-org.springframework.boot.autoconfigure.task.TaskExecutionProperties'
2026-02-18T03:22:55.561+02:00 DEBUG 3928 --- [medical-crm] [main] o.s.b.f.s.DefaultListableBeanFactory     : Creating shared instance of singleton bean 'org.springframework.boot.autoconfigure.task.TaskExecutorConfigurations$TaskExecutorBuilderConfiguration'
2026-02-18T03:22:55.562+02:00 DEBUG 3928 --- [medical-crm] [main] o.s.b.f.s.DefaultListableBeanFactory     : Creating shared instance of singleton bean 'taskExecutorBuilder'
2026-02-18T03:22:55.562+02:00 DEBUG 3928 --- [medical-crm] [main] o.s.b.f.s.DefaultListableBeanFactory     : Autowiring by type from bean name 'taskExecutorBuilder' via factory method to bean named 'spring.task.execution-org.springframework.boot.autoconfigure.task.TaskExecutionProperties'
2026-02-18T03:22:55.564+02:00 DEBUG 3928 --- [medical-crm] [main] o.s.b.f.s.DefaultListableBeanFactory     : Creating shared instance of singleton bean 'org.springframework.boot.autoconfigure.task.TaskExecutorConfigurations$SimpleAsyncTaskExecutorBuilderConfiguration'
2026-02-18T03:22:55.564+02:00 DEBUG 3928 --- [medical-crm] [main] o.s.b.f.s.DefaultListableBeanFactory     : Autowiring by type from bean name 'org.springframework.boot.autoconfigure.task.TaskExecutorConfigurations$SimpleAsyncTaskExecutorBuilderConfiguration' via constructor to bean named 'spring.task.execution-org.springframework.boot.autoconfigure.task.TaskExecutionProperties'
2026-02-18T03:22:55.565+02:00 DEBUG 3928 --- [medical-crm] [main] o.s.b.f.s.DefaultListableBeanFactory     : Creating shared instance of singleton bean 'simpleAsyncTaskExecutorBuilder'
2026-02-18T03:22:55.566+02:00 DEBUG 3928 --- [medical-crm] [main] o.s.b.f.s.DefaultListableBeanFactory     : Creating shared instance of singleton bean 'org.springframework.boot.autoconfigure.task.TaskExecutorConfigurations$TaskExecutorConfiguration'
2026-02-18T03:22:55.567+02:00 DEBUG 3928 --- [medical-crm] [main] o.s.b.f.s.DefaultListableBeanFactory     : Creating shared instance of singleton bean 'org.springframework.boot.autoconfigure.task.TaskExecutionAutoConfiguration'
2026-02-18T03:22:55.568+02:00 DEBUG 3928 --- [medical-crm] [main] o.s.b.f.s.DefaultListableBeanFactory     : Creating shared instance of singleton bean 'org.springframework.boot.autoconfigure.validation.ValidationAutoConfiguration'
2026-02-18T03:22:55.569+02:00 DEBUG 3928 --- [medical-crm] [main] o.s.b.f.s.DefaultListableBeanFactory     : Creating shared instance of singleton bean 'defaultValidator'
2026-02-18T03:22:55.569+02:00 DEBUG 3928 --- [medical-crm] [main] o.s.b.f.s.DefaultListableBeanFactory     : Autowiring by type from bean name 'defaultValidator' via factory method to bean named 'org.springframework.boot.web.servlet.context.AnnotationConfigServletWebServerApplicationContext@e54303'
2026-02-18T03:22:55.582+02:00 DEBUG 3928 --- [medical-crm] [main] o.s.b.f.s.DefaultListableBeanFactory     : Creating shared instance of singleton bean 'org.springframework.boot.autoconfigure.web.servlet.error.ErrorMvcAutoConfiguration$WhitelabelErrorViewConfiguration'
2026-02-18T03:22:55.584+02:00 DEBUG 3928 --- [medical-crm] [main] o.s.b.f.s.DefaultListableBeanFactory     : Creating shared instance of singleton bean 'error'
2026-02-18T03:22:55.584+02:00 DEBUG 3928 --- [medical-crm] [main] o.s.b.f.s.DefaultListableBeanFactory     : Creating shared instance of singleton bean 'beanNameViewResolver'
2026-02-18T03:22:55.586+02:00 DEBUG 3928 --- [medical-crm] [main] o.s.b.f.s.DefaultListableBeanFactory     : Creating shared instance of singleton bean 'org.springframework.boot.autoconfigure.web.servlet.error.ErrorMvcAutoConfiguration$DefaultErrorViewResolverConfiguration'
2026-02-18T03:22:55.586+02:00 DEBUG 3928 --- [medical-crm] [main] o.s.b.f.s.DefaultListableBeanFactory     : Autowiring by type from bean name 'org.springframework.boot.autoconfigure.web.servlet.error.ErrorMvcAutoConfiguration$DefaultErrorViewResolverConfiguration' via constructor to bean named 'org.springframework.boot.web.servlet.context.AnnotationConfigServletWebServerApplicationContext@e54303'
2026-02-18T03:22:55.586+02:00 DEBUG 3928 --- [medical-crm] [main] o.s.b.f.s.DefaultListableBeanFactory     : Autowiring by type from bean name 'org.springframework.boot.autoconfigure.web.servlet.error.ErrorMvcAutoConfiguration$DefaultErrorViewResolverConfiguration' via constructor to bean named 'spring.web-org.springframework.boot.autoconfigure.web.WebProperties'
2026-02-18T03:22:55.587+02:00 DEBUG 3928 --- [medical-crm] [main] o.s.b.f.s.DefaultListableBeanFactory     : Creating shared instance of singleton bean 'conventionErrorViewResolver'
2026-02-18T03:22:55.588+02:00 DEBUG 3928 --- [medical-crm] [main] o.s.b.f.s.DefaultListableBeanFactory     : Creating shared instance of singleton bean 'errorAttributes'
2026-02-18T03:22:55.590+02:00 DEBUG 3928 --- [medical-crm] [main] o.s.b.f.s.DefaultListableBeanFactory     : Creating shared instance of singleton bean 'basicErrorController'
2026-02-18T03:22:55.590+02:00 DEBUG 3928 --- [medical-crm] [main] o.s.b.f.s.DefaultListableBeanFactory     : Autowiring by type from bean name 'basicErrorController' via factory method to bean named 'errorAttributes'
2026-02-18T03:22:55.592+02:00 DEBUG 3928 --- [medical-crm] [main] o.s.b.f.s.DefaultListableBeanFactory     : Creating shared instance of singleton bean 'localeResolver'
2026-02-18T03:22:55.595+02:00 DEBUG 3928 --- [medical-crm] [main] o.s.b.f.s.DefaultListableBeanFactory     : Creating shared instance of singleton bean 'themeResolver'
2026-02-18T03:22:55.597+02:00 DEBUG 3928 --- [medical-crm] [main] o.s.b.f.s.DefaultListableBeanFactory     : Creating shared instance of singleton bean 'flashMapManager'
2026-02-18T03:22:55.602+02:00 DEBUG 3928 --- [medical-crm] [main] o.s.b.f.s.DefaultListableBeanFactory     : Creating shared instance of singleton bean 'mvcValidator'
2026-02-18T03:22:55.606+02:00 DEBUG 3928 --- [medical-crm] [main] o.s.b.f.s.DefaultListableBeanFactory     : Creating shared instance of singleton bean 'mvcPatternParser'
2026-02-18T03:22:55.607+02:00 DEBUG 3928 --- [medical-crm] [main] o.s.b.f.s.DefaultListableBeanFactory     : Creating shared instance of singleton bean 'mvcUrlPathHelper'
2026-02-18T03:22:55.608+02:00 DEBUG 3928 --- [medical-crm] [main] o.s.b.f.s.DefaultListableBeanFactory     : Creating shared instance of singleton bean 'mvcPathMatcher'
2026-02-18T03:22:55.610+02:00 DEBUG 3928 --- [medical-crm] [main] o.s.b.f.s.DefaultListableBeanFactory     : Creating shared instance of singleton bean 'requestMappingHandlerAdapter'
2026-02-18T03:22:55.611+02:00 DEBUG 3928 --- [medical-crm] [main] o.s.b.f.s.DefaultListableBeanFactory     : Autowiring by type from bean name 'requestMappingHandlerAdapter' via factory method to bean named 'mvcContentNegotiationManager'
2026-02-18T03:22:55.611+02:00 DEBUG 3928 --- [medical-crm] [main] o.s.b.f.s.DefaultListableBeanFactory     : Autowiring by type from bean name 'requestMappingHandlerAdapter' via factory method to bean named 'mvcConversionService'
2026-02-18T03:22:55.611+02:00 DEBUG 3928 --- [medical-crm] [main] o.s.b.f.s.DefaultListableBeanFactory     : Autowiring by type from bean name 'requestMappingHandlerAdapter' via factory method to bean named 'mvcValidator'
2026-02-18T03:22:55.618+02:00 DEBUG 3928 --- [medical-crm] [main] o.s.b.f.s.DefaultListableBeanFactory     : Creating shared instance of singleton bean 'sortResolver'
2026-02-18T03:22:55.619+02:00 DEBUG 3928 --- [medical-crm] [main] o.s.b.f.s.DefaultListableBeanFactory     : Creating shared instance of singleton bean 'sortCustomizer'
2026-02-18T03:22:55.619+02:00 DEBUG 3928 --- [medical-crm] [main] o.s.b.f.s.DefaultListableBeanFactory     : Creating shared instance of singleton bean 'org.springframework.boot.autoconfigure.data.web.SpringDataWebAutoConfiguration'
2026-02-18T03:22:55.619+02:00 DEBUG 3928 --- [medical-crm] [main] o.s.b.f.s.DefaultListableBeanFactory     : Creating shared instance of singleton bean 'spring.data.web-org.springframework.boot.autoconfigure.data.web.SpringDataWebProperties'
2026-02-18T03:22:55.621+02:00 DEBUG 3928 --- [medical-crm] [main] o.s.b.f.s.DefaultListableBeanFactory     : Autowiring by type from bean name 'org.springframework.boot.autoconfigure.data.web.SpringDataWebAutoConfiguration' via constructor to bean named 'spring.data.web-org.springframework.boot.autoconfigure.data.web.SpringDataWebProperties'
2026-02-18T03:22:55.624+02:00 DEBUG 3928 --- [medical-crm] [main] o.s.b.f.s.DefaultListableBeanFactory     : Creating shared instance of singleton bean 'pageableResolver'
2026-02-18T03:22:55.627+02:00 DEBUG 3928 --- [medical-crm] [main] o.s.b.f.s.DefaultListableBeanFactory     : Creating shared instance of singleton bean 'pageableCustomizer'
2026-02-18T03:22:55.636+02:00 DEBUG 3928 --- [medical-crm] [main] o.s.b.f.s.DefaultListableBeanFactory     : Creating shared instance of singleton bean 'applicationTaskExecutor'
2026-02-18T03:22:55.637+02:00 DEBUG 3928 --- [medical-crm] [main] o.s.b.f.s.DefaultListableBeanFactory     : Autowiring by type from bean name 'applicationTaskExecutor' via factory method to bean named 'taskExecutorBuilder'
2026-02-18T03:22:55.642+02:00 DEBUG 3928 --- [medical-crm] [main] o.s.s.concurrent.ThreadPoolTaskExecutor  : Initializing ExecutorService 'applicationTaskExecutor'
2026-02-18T03:22:55.668+02:00 DEBUG 3928 --- [medical-crm] [main] s.w.s.m.m.a.RequestMappingHandlerAdapter : ControllerAdvice beans: 0 @ModelAttribute, 0 @InitBinder, 1 RequestBodyAdvice, 1 ResponseBodyAdvice
2026-02-18T03:22:55.717+02:00 DEBUG 3928 --- [medical-crm] [main] o.s.b.f.s.DefaultListableBeanFactory     : Creating shared instance of singleton bean 'handlerFunctionAdapter'
2026-02-18T03:22:55.719+02:00 DEBUG 3928 --- [medical-crm] [main] o.s.b.f.s.DefaultListableBeanFactory     : Creating shared instance of singleton bean 'mvcUriComponentsContributor'
2026-02-18T03:22:55.721+02:00 DEBUG 3928 --- [medical-crm] [main] o.s.b.f.s.DefaultListableBeanFactory     : Autowiring by type from bean name 'mvcUriComponentsContributor' via factory method to bean named 'mvcConversionService'
2026-02-18T03:22:55.721+02:00 DEBUG 3928 --- [medical-crm] [main] o.s.b.f.s.DefaultListableBeanFactory     : Autowiring by type from bean name 'mvcUriComponentsContributor' via factory method to bean named 'requestMappingHandlerAdapter'
2026-02-18T03:22:55.723+02:00 DEBUG 3928 --- [medical-crm] [main] o.s.b.f.s.DefaultListableBeanFactory     : Creating shared instance of singleton bean 'httpRequestHandlerAdapter'
2026-02-18T03:22:55.725+02:00 DEBUG 3928 --- [medical-crm] [main] o.s.b.f.s.DefaultListableBeanFactory     : Creating shared instance of singleton bean 'simpleControllerHandlerAdapter'
2026-02-18T03:22:55.726+02:00 DEBUG 3928 --- [medical-crm] [main] o.s.b.f.s.DefaultListableBeanFactory     : Creating shared instance of singleton bean 'handlerExceptionResolver'
2026-02-18T03:22:55.727+02:00 DEBUG 3928 --- [medical-crm] [main] o.s.b.f.s.DefaultListableBeanFactory     : Autowiring by type from bean name 'handlerExceptionResolver' via factory method to bean named 'mvcContentNegotiationManager'
2026-02-18T03:22:55.736+02:00 DEBUG 3928 --- [medical-crm] [main] .m.m.a.ExceptionHandlerExceptionResolver : ControllerAdvice beans: 1 @ExceptionHandler, 1 ResponseBodyAdvice
2026-02-18T03:22:55.739+02:00 DEBUG 3928 --- [medical-crm] [main] o.s.b.f.s.DefaultListableBeanFactory     : Creating shared instance of singleton bean 'mvcViewResolver'
2026-02-18T03:22:55.740+02:00 DEBUG 3928 --- [medical-crm] [main] o.s.b.f.s.DefaultListableBeanFactory     : Autowiring by type from bean name 'mvcViewResolver' via factory method to bean named 'mvcContentNegotiationManager'
2026-02-18T03:22:55.745+02:00 DEBUG 3928 --- [medical-crm] [main] o.s.b.f.s.DefaultListableBeanFactory     : Creating shared instance of singleton bean 'viewNameTranslator'
2026-02-18T03:22:55.747+02:00 DEBUG 3928 --- [medical-crm] [main] o.s.b.f.s.DefaultListableBeanFactory     : Creating shared instance of singleton bean 'defaultViewResolver'
2026-02-18T03:22:55.765+02:00 DEBUG 3928 --- [medical-crm] [main] o.s.b.f.s.DefaultListableBeanFactory     : Creating shared instance of singleton bean 'viewResolver'
2026-02-18T03:22:55.765+02:00 DEBUG 3928 --- [medical-crm] [main] o.s.b.f.s.DefaultListableBeanFactory     : Autowiring by type from bean name 'viewResolver' via factory method to bean named 'org.springframework.beans.factory.support.DefaultListableBeanFactory@636e8cc'
2026-02-18T03:22:55.767+02:00 DEBUG 3928 --- [medical-crm] [main] o.s.b.f.s.DefaultListableBeanFactory     : Creating shared instance of singleton bean 'viewResolver'
2026-02-18T03:22:55.770+02:00 DEBUG 3928 --- [medical-crm] [main] o.s.b.f.s.DefaultListableBeanFactory     : Creating shared instance of singleton bean 'org.springframework.boot.autoconfigure.jmx.JmxAutoConfiguration'
2026-02-18T03:22:55.770+02:00 DEBUG 3928 --- [medical-crm] [main] o.s.b.f.s.DefaultListableBeanFactory     : Creating shared instance of singleton bean 'spring.jmx-org.springframework.boot.autoconfigure.jmx.JmxProperties'
2026-02-18T03:22:55.773+02:00 DEBUG 3928 --- [medical-crm] [main] o.s.b.f.s.DefaultListableBeanFactory     : Autowiring by type from bean name 'org.springframework.boot.autoconfigure.jmx.JmxAutoConfiguration' via constructor to bean named 'spring.jmx-org.springframework.boot.autoconfigure.jmx.JmxProperties'
2026-02-18T03:22:55.774+02:00 DEBUG 3928 --- [medical-crm] [main] o.s.b.f.s.DefaultListableBeanFactory     : Creating shared instance of singleton bean 'mbeanExporter'
2026-02-18T03:22:55.774+02:00 DEBUG 3928 --- [medical-crm] [main] o.s.b.f.s.DefaultListableBeanFactory     : Creating shared instance of singleton bean 'objectNamingStrategy'
2026-02-18T03:22:55.777+02:00 DEBUG 3928 --- [medical-crm] [main] o.s.b.f.s.DefaultListableBeanFactory     : Autowiring by type from bean name 'mbeanExporter' via factory method to bean named 'objectNamingStrategy'
2026-02-18T03:22:55.777+02:00 DEBUG 3928 --- [medical-crm] [main] o.s.b.f.s.DefaultListableBeanFactory     : Autowiring by type from bean name 'mbeanExporter' via factory method to bean named 'org.springframework.beans.factory.support.DefaultListableBeanFactory@636e8cc'
2026-02-18T03:22:55.782+02:00 DEBUG 3928 --- [medical-crm] [main] o.s.b.f.s.DefaultListableBeanFactory     : Creating shared instance of singleton bean 'mbeanServer'
2026-02-18T03:22:55.784+02:00 DEBUG 3928 --- [medical-crm] [main] o.springframework.jmx.support.JmxUtils   : Found MBeanServer: com.sun.jmx.mbeanserver.JmxMBeanServer@67117f44
2026-02-18T03:22:55.796+02:00 DEBUG 3928 --- [medical-crm] [main] o.s.b.f.s.DefaultListableBeanFactory     : Creating shared instance of singleton bean 'org.springframework.boot.autoconfigure.admin.SpringApplicationAdminJmxAutoConfiguration'
2026-02-18T03:22:55.796+02:00 DEBUG 3928 --- [medical-crm] [main] o.s.b.f.s.DefaultListableBeanFactory     : Creating shared instance of singleton bean 'springApplicationAdminRegistrar'
2026-02-18T03:22:55.796+02:00 DEBUG 3928 --- [medical-crm] [main] o.s.b.f.s.DefaultListableBeanFactory     : Autowiring by type from bean name 'springApplicationAdminRegistrar' via factory method to bean named 'environment'
2026-02-18T03:22:55.799+02:00 DEBUG 3928 --- [medical-crm] [main] inMXBeanRegistrar$SpringApplicationAdmin : Application Admin MBean registered with name 'org.springframework.boot:type=Admin,name=SpringApplication'
2026-02-18T03:22:55.801+02:00 DEBUG 3928 --- [medical-crm] [main] o.s.b.f.s.DefaultListableBeanFactory     : Creating shared instance of singleton bean 'org.springframework.boot.autoconfigure.aop.AopAutoConfiguration$AspectJAutoProxyingConfiguration$CglibAutoProxyConfiguration'
2026-02-18T03:22:55.802+02:00 DEBUG 3928 --- [medical-crm] [main] o.s.b.f.s.DefaultListableBeanFactory     : Creating shared instance of singleton bean 'org.springframework.boot.autoconfigure.aop.AopAutoConfiguration$AspectJAutoProxyingConfiguration'
2026-02-18T03:22:55.803+02:00 DEBUG 3928 --- [medical-crm] [main] o.s.b.f.s.DefaultListableBeanFactory     : Creating shared instance of singleton bean 'org.springframework.boot.autoconfigure.aop.AopAutoConfiguration'
2026-02-18T03:22:55.803+02:00 DEBUG 3928 --- [medical-crm] [main] o.s.b.f.s.DefaultListableBeanFactory     : Creating shared instance of singleton bean 'org.springframework.boot.autoconfigure.availability.ApplicationAvailabilityAutoConfiguration'
2026-02-18T03:22:55.804+02:00 DEBUG 3928 --- [medical-crm] [main] o.s.b.f.s.DefaultListableBeanFactory     : Creating shared instance of singleton bean 'applicationAvailability'
2026-02-18T03:22:55.806+02:00 DEBUG 3928 --- [medical-crm] [main] o.s.b.f.s.DefaultListableBeanFactory     : Creating shared instance of singleton bean 'org.springframework.boot.autoconfigure.transaction.jta.JtaAutoConfiguration'
2026-02-18T03:22:55.807+02:00 DEBUG 3928 --- [medical-crm] [main] o.s.b.f.s.DefaultListableBeanFactory     : Creating shared instance of singleton bean 'org.springframework.boot.autoconfigure.jdbc.DataSourceJmxConfiguration$Hikari'
2026-02-18T03:22:55.807+02:00 DEBUG 3928 --- [medical-crm] [main] o.s.b.f.s.DefaultListableBeanFactory     : Autowiring by type from bean name 'org.springframework.boot.autoconfigure.jdbc.DataSourceJmxConfiguration$Hikari' via constructor to bean named 'dataSource'
2026-02-18T03:22:55.808+02:00 DEBUG 3928 --- [medical-crm] [main] o.s.b.f.s.DefaultListableBeanFactory     : Creating shared instance of singleton bean 'org.springframework.boot.autoconfigure.jdbc.DataSourceJmxConfiguration'
2026-02-18T03:22:55.808+02:00 DEBUG 3928 --- [medical-crm] [main] o.s.b.f.s.DefaultListableBeanFactory     : Creating shared instance of singleton bean 'org.springframework.boot.autoconfigure.jdbc.metadata.DataSourcePoolMetadataProvidersConfiguration'
2026-02-18T03:22:55.809+02:00 DEBUG 3928 --- [medical-crm] [main] o.s.b.f.s.DefaultListableBeanFactory     : Creating shared instance of singleton bean 'org.springframework.boot.autoconfigure.jdbc.DataSourceAutoConfiguration'
2026-02-18T03:22:55.810+02:00 DEBUG 3928 --- [medical-crm] [main] o.s.b.f.s.DefaultListableBeanFactory     : Creating shared instance of singleton bean 'org.springframework.boot.autoconfigure.transaction.TransactionManagerCustomizationAutoConfiguration'
2026-02-18T03:22:55.811+02:00 DEBUG 3928 --- [medical-crm] [main] o.s.b.f.s.DefaultListableBeanFactory     : Creating shared instance of singleton bean 'platformTransactionManagerCustomizers'
2026-02-18T03:22:55.812+02:00 DEBUG 3928 --- [medical-crm] [main] o.s.b.f.s.DefaultListableBeanFactory     : Creating shared instance of singleton bean 'transactionExecutionListeners'
2026-02-18T03:22:55.814+02:00 DEBUG 3928 --- [medical-crm] [main] o.s.b.f.s.DefaultListableBeanFactory     : Creating shared instance of singleton bean 'spring.transaction-org.springframework.boot.autoconfigure.transaction.TransactionProperties'
2026-02-18T03:22:55.818+02:00 DEBUG 3928 --- [medical-crm] [main] o.s.b.f.s.DefaultListableBeanFactory     : Creating shared instance of singleton bean 'org.springframework.boot.autoconfigure.orm.jpa.JpaBaseConfiguration$PersistenceManagedTypesConfiguration'
2026-02-18T03:22:55.819+02:00 DEBUG 3928 --- [medical-crm] [main] o.s.b.f.s.DefaultListableBeanFactory     : Creating shared instance of singleton bean 'transactionManager'
2026-02-18T03:22:55.831+02:00 DEBUG 3928 --- [medical-crm] [main] o.s.b.f.s.DefaultListableBeanFactory     : Creating shared instance of singleton bean 'org.springframework.boot.autoconfigure.orm.jpa.HibernateJpaAutoConfiguration'
2026-02-18T03:22:55.833+02:00 DEBUG 3928 --- [medical-crm] [main] o.s.b.f.s.DefaultListableBeanFactory     : Creating shared instance of singleton bean 'org.springframework.boot.autoconfigure.context.ConfigurationPropertiesAutoConfiguration'
2026-02-18T03:22:55.833+02:00 DEBUG 3928 --- [medical-crm] [main] o.s.b.f.s.DefaultListableBeanFactory     : Creating shared instance of singleton bean 'org.springframework.boot.autoconfigure.context.LifecycleAutoConfiguration'
2026-02-18T03:22:55.834+02:00 DEBUG 3928 --- [medical-crm] [main] o.s.b.f.s.DefaultListableBeanFactory     : Creating shared instance of singleton bean 'lifecycleProcessor'
2026-02-18T03:22:55.834+02:00 DEBUG 3928 --- [medical-crm] [main] o.s.b.f.s.DefaultListableBeanFactory     : Creating shared instance of singleton bean 'spring.lifecycle-org.springframework.boot.autoconfigure.context.LifecycleProperties'
2026-02-18T03:22:55.836+02:00 DEBUG 3928 --- [medical-crm] [main] o.s.b.f.s.DefaultListableBeanFactory     : Autowiring by type from bean name 'lifecycleProcessor' via factory method to bean named 'spring.lifecycle-org.springframework.boot.autoconfigure.context.LifecycleProperties'
2026-02-18T03:22:55.838+02:00 DEBUG 3928 --- [medical-crm] [main] o.s.b.f.s.DefaultListableBeanFactory     : Creating shared instance of singleton bean 'org.springframework.boot.autoconfigure.dao.PersistenceExceptionTranslationAutoConfiguration'
2026-02-18T03:22:55.839+02:00 DEBUG 3928 --- [medical-crm] [main] o.s.b.f.s.DefaultListableBeanFactory     : Creating shared instance of singleton bean 'org.springframework.boot.autoconfigure.data.jpa.JpaRepositoriesAutoConfiguration'
2026-02-18T03:22:55.840+02:00 DEBUG 3928 --- [medical-crm] [main] o.s.b.f.s.DefaultListableBeanFactory     : Creating shared instance of singleton bean 'org.springframework.data.jpa.util.JpaMetamodelCacheCleanup'
2026-02-18T03:22:55.841+02:00 DEBUG 3928 --- [medical-crm] [main] o.s.b.f.s.DefaultListableBeanFactory     : Creating shared instance of singleton bean 'org.springframework.data.jpa.repository.support.JpaEvaluationContextExtension'
2026-02-18T03:22:55.842+02:00 DEBUG 3928 --- [medical-crm] [main] o.s.b.f.s.DefaultListableBeanFactory     : Creating shared instance of singleton bean 'data-jpa.repository-aot-processor#0'
2026-02-18T03:22:55.848+02:00 DEBUG 3928 --- [medical-crm] [main] o.s.b.f.s.DefaultListableBeanFactory     : Creating shared instance of singleton bean 'org.springframework.boot.autoconfigure.http.JacksonHttpMessageConvertersConfiguration'
2026-02-18T03:22:55.849+02:00 DEBUG 3928 --- [medical-crm] [main] o.s.b.f.s.DefaultListableBeanFactory     : Creating shared instance of singleton bean 'org.springframework.data.web.config.ProjectingArgumentResolverRegistrar'
2026-02-18T03:22:55.849+02:00 DEBUG 3928 --- [medical-crm] [main] o.s.b.f.s.DefaultListableBeanFactory     : Creating shared instance of singleton bean 'offsetResolver'
2026-02-18T03:22:55.852+02:00 DEBUG 3928 --- [medical-crm] [main] o.s.b.f.s.DefaultListableBeanFactory     : Creating shared instance of singleton bean 'org.springframework.boot.autoconfigure.info.ProjectInfoAutoConfiguration'
2026-02-18T03:22:55.853+02:00 DEBUG 3928 --- [medical-crm] [main] o.s.b.f.s.DefaultListableBeanFactory     : Creating shared instance of singleton bean 'spring.info-org.springframework.boot.autoconfigure.info.ProjectInfoProperties'
2026-02-18T03:22:55.854+02:00 DEBUG 3928 --- [medical-crm] [main] o.s.b.f.s.DefaultListableBeanFactory     : Autowiring by type from bean name 'org.springframework.boot.autoconfigure.info.ProjectInfoAutoConfiguration' via constructor to bean named 'spring.info-org.springframework.boot.autoconfigure.info.ProjectInfoProperties'
2026-02-18T03:22:55.855+02:00 DEBUG 3928 --- [medical-crm] [main] o.s.b.f.s.DefaultListableBeanFactory     : Creating shared instance of singleton bean 'org.springframework.boot.autoconfigure.jdbc.JdbcTemplateConfiguration'
2026-02-18T03:22:55.856+02:00 DEBUG 3928 --- [medical-crm] [main] o.s.b.f.s.DefaultListableBeanFactory     : Creating shared instance of singleton bean 'jdbcTemplate'
2026-02-18T03:22:55.857+02:00 DEBUG 3928 --- [medical-crm] [main] o.s.b.f.s.DefaultListableBeanFactory     : Creating shared instance of singleton bean 'spring.jdbc-org.springframework.boot.autoconfigure.jdbc.JdbcProperties'
2026-02-18T03:22:55.858+02:00 DEBUG 3928 --- [medical-crm] [main] o.s.b.f.s.DefaultListableBeanFactory     : Autowiring by type from bean name 'jdbcTemplate' via factory method to bean named 'dataSource'
2026-02-18T03:22:55.858+02:00 DEBUG 3928 --- [medical-crm] [main] o.s.b.f.s.DefaultListableBeanFactory     : Autowiring by type from bean name 'jdbcTemplate' via factory method to bean named 'spring.jdbc-org.springframework.boot.autoconfigure.jdbc.JdbcProperties'
2026-02-18T03:22:55.873+02:00 DEBUG 3928 --- [medical-crm] [main] o.s.b.f.s.DefaultListableBeanFactory     : Creating shared instance of singleton bean 'org.springframework.boot.autoconfigure.jdbc.NamedParameterJdbcTemplateConfiguration'
2026-02-18T03:22:55.874+02:00 DEBUG 3928 --- [medical-crm] [main] o.s.b.f.s.DefaultListableBeanFactory     : Creating shared instance of singleton bean 'namedParameterJdbcTemplate'
2026-02-18T03:22:55.875+02:00 DEBUG 3928 --- [medical-crm] [main] o.s.b.f.s.DefaultListableBeanFactory     : Autowiring by type from bean name 'namedParameterJdbcTemplate' via factory method to bean named 'jdbcTemplate'
2026-02-18T03:22:55.881+02:00 DEBUG 3928 --- [medical-crm] [main] o.s.b.f.s.DefaultListableBeanFactory     : Creating shared instance of singleton bean 'org.springframework.boot.autoconfigure.jdbc.JdbcTemplateAutoConfiguration'
2026-02-18T03:22:55.883+02:00 DEBUG 3928 --- [medical-crm] [main] o.s.b.f.s.DefaultListableBeanFactory     : Creating shared instance of singleton bean 'org.springframework.boot.autoconfigure.jdbc.JdbcClientAutoConfiguration'
2026-02-18T03:22:55.884+02:00 DEBUG 3928 --- [medical-crm] [main] o.s.b.f.s.DefaultListableBeanFactory     : Creating shared instance of singleton bean 'jdbcClient'
2026-02-18T03:22:55.884+02:00 DEBUG 3928 --- [medical-crm] [main] o.s.b.f.s.DefaultListableBeanFactory     : Autowiring by type from bean name 'jdbcClient' via factory method to bean named 'namedParameterJdbcTemplate'
2026-02-18T03:22:55.886+02:00 DEBUG 3928 --- [medical-crm] [main] o.s.b.f.s.DefaultListableBeanFactory     : Creating shared instance of singleton bean 'org.springframework.security.config.annotation.web.configuration.WebSecurityConfiguration'
2026-02-18T03:22:55.894+02:00 DEBUG 3928 --- [medical-crm] [main] o.s.b.f.s.DefaultListableBeanFactory     : Creating shared instance of singleton bean 'mvcHandlerMappingIntrospectorRequestTransformer'
2026-02-18T03:22:55.901+02:00 DEBUG 3928 --- [medical-crm] [main] o.s.b.f.s.DefaultListableBeanFactory     : Creating shared instance of singleton bean 'delegatingApplicationListener'
2026-02-18T03:22:55.902+02:00 DEBUG 3928 --- [medical-crm] [main] o.s.b.f.s.DefaultListableBeanFactory     : Creating shared instance of singleton bean 'springSecurityFilterChain'
2026-02-18T03:22:55.928+02:00 DEBUG 3928 --- [medical-crm] [main] o.s.b.f.s.DefaultListableBeanFactory     : Creating shared instance of singleton bean 'webSecurityExpressionHandler'
2026-02-18T03:22:55.928+02:00 DEBUG 3928 --- [medical-crm] [main] o.s.b.f.s.DefaultListableBeanFactory     : Creating shared instance of singleton bean 'privilegeEvaluator'
2026-02-18T03:22:55.929+02:00 DEBUG 3928 --- [medical-crm] [main] o.s.b.f.s.DefaultListableBeanFactory     : Creating shared instance of singleton bean 'requestDataValueProcessor'
2026-02-18T03:22:55.930+02:00 DEBUG 3928 --- [medical-crm] [main] o.s.b.f.s.DefaultListableBeanFactory     : Creating shared instance of singleton bean 'org.springframework.boot.autoconfigure.security.servlet.SpringBootWebSecurityConfiguration'
2026-02-18T03:22:55.931+02:00 DEBUG 3928 --- [medical-crm] [main] o.s.b.f.s.DefaultListableBeanFactory     : Creating shared instance of singleton bean 'org.springframework.boot.autoconfigure.sql.init.SqlInitializationAutoConfiguration'
2026-02-18T03:22:55.932+02:00 DEBUG 3928 --- [medical-crm] [main] o.s.b.f.s.DefaultListableBeanFactory     : Creating shared instance of singleton bean 'org.springframework.boot.autoconfigure.task.TaskSchedulingConfigurations$ThreadPoolTaskSchedulerBuilderConfiguration'
2026-02-18T03:22:55.932+02:00 DEBUG 3928 --- [medical-crm] [main] o.s.b.f.s.DefaultListableBeanFactory     : Creating shared instance of singleton bean 'threadPoolTaskSchedulerBuilder'
2026-02-18T03:22:55.933+02:00 DEBUG 3928 --- [medical-crm] [main] o.s.b.f.s.DefaultListableBeanFactory     : Creating shared instance of singleton bean 'spring.task.scheduling-org.springframework.boot.autoconfigure.task.TaskSchedulingProperties'
2026-02-18T03:22:55.934+02:00 DEBUG 3928 --- [medical-crm] [main] o.s.b.f.s.DefaultListableBeanFactory     : Autowiring by type from bean name 'threadPoolTaskSchedulerBuilder' via factory method to bean named 'spring.task.scheduling-org.springframework.boot.autoconfigure.task.TaskSchedulingProperties'
2026-02-18T03:22:55.937+02:00 DEBUG 3928 --- [medical-crm] [main] o.s.b.f.s.DefaultListableBeanFactory     : Creating shared instance of singleton bean 'org.springframework.boot.autoconfigure.task.TaskSchedulingConfigurations$TaskSchedulerBuilderConfiguration'
2026-02-18T03:22:55.937+02:00 DEBUG 3928 --- [medical-crm] [main] o.s.b.f.s.DefaultListableBeanFactory     : Creating shared instance of singleton bean 'taskSchedulerBuilder'
2026-02-18T03:22:55.937+02:00 DEBUG 3928 --- [medical-crm] [main] o.s.b.f.s.DefaultListableBeanFactory     : Autowiring by type from bean name 'taskSchedulerBuilder' via factory method to bean named 'spring.task.scheduling-org.springframework.boot.autoconfigure.task.TaskSchedulingProperties'
2026-02-18T03:22:55.938+02:00 DEBUG 3928 --- [medical-crm] [main] o.s.b.f.s.DefaultListableBeanFactory     : Creating shared instance of singleton bean 'org.springframework.boot.autoconfigure.task.TaskSchedulingConfigurations$SimpleAsyncTaskSchedulerBuilderConfiguration'
2026-02-18T03:22:55.939+02:00 DEBUG 3928 --- [medical-crm] [main] o.s.b.f.s.DefaultListableBeanFactory     : Autowiring by type from bean name 'org.springframework.boot.autoconfigure.task.TaskSchedulingConfigurations$SimpleAsyncTaskSchedulerBuilderConfiguration' via constructor to bean named 'spring.task.scheduling-org.springframework.boot.autoconfigure.task.TaskSchedulingProperties'
2026-02-18T03:22:55.939+02:00 DEBUG 3928 --- [medical-crm] [main] o.s.b.f.s.DefaultListableBeanFactory     : Creating shared instance of singleton bean 'simpleAsyncTaskSchedulerBuilder'
2026-02-18T03:22:55.941+02:00 DEBUG 3928 --- [medical-crm] [main] o.s.b.f.s.DefaultListableBeanFactory     : Creating shared instance of singleton bean 'org.springframework.boot.autoconfigure.task.TaskSchedulingAutoConfiguration'
2026-02-18T03:22:55.942+02:00 DEBUG 3928 --- [medical-crm] [main] o.s.b.f.s.DefaultListableBeanFactory     : Creating shared instance of singleton bean 'org.springframework.boot.autoconfigure.jdbc.DataSourceTransactionManagerAutoConfiguration$JdbcTransactionManagerConfiguration'
2026-02-18T03:22:55.944+02:00 DEBUG 3928 --- [medical-crm] [main] o.s.b.f.s.DefaultListableBeanFactory     : Creating shared instance of singleton bean 'org.springframework.boot.autoconfigure.jdbc.DataSourceTransactionManagerAutoConfiguration'
2026-02-18T03:22:55.945+02:00 DEBUG 3928 --- [medical-crm] [main] o.s.b.f.s.DefaultListableBeanFactory     : Creating shared instance of singleton bean 'org.springframework.boot.autoconfigure.transaction.TransactionAutoConfiguration$EnableTransactionManagementConfiguration$CglibAutoProxyConfiguration'
2026-02-18T03:22:55.945+02:00 DEBUG 3928 --- [medical-crm] [main] o.s.b.f.s.DefaultListableBeanFactory     : Creating shared instance of singleton bean 'org.springframework.boot.autoconfigure.transaction.TransactionAutoConfiguration$EnableTransactionManagementConfiguration'
2026-02-18T03:22:55.946+02:00 DEBUG 3928 --- [medical-crm] [main] o.s.b.f.s.DefaultListableBeanFactory     : Creating shared instance of singleton bean 'org.springframework.boot.autoconfigure.transaction.TransactionAutoConfiguration$TransactionTemplateConfiguration'
2026-02-18T03:22:55.946+02:00 DEBUG 3928 --- [medical-crm] [main] o.s.b.f.s.DefaultListableBeanFactory     : Creating shared instance of singleton bean 'transactionTemplate'
2026-02-18T03:22:55.947+02:00 DEBUG 3928 --- [medical-crm] [main] o.s.b.f.s.DefaultListableBeanFactory     : Autowiring by type from bean name 'transactionTemplate' via factory method to bean named 'transactionManager'
2026-02-18T03:22:55.949+02:00 DEBUG 3928 --- [medical-crm] [main] o.s.b.f.s.DefaultListableBeanFactory     : Creating shared instance of singleton bean 'org.springframework.boot.autoconfigure.transaction.TransactionAutoConfiguration'
2026-02-18T03:22:55.950+02:00 DEBUG 3928 --- [medical-crm] [main] o.s.b.f.s.DefaultListableBeanFactory     : Creating shared instance of singleton bean 'org.springframework.boot.autoconfigure.web.client.RestClientAutoConfiguration'
2026-02-18T03:22:55.951+02:00 DEBUG 3928 --- [medical-crm] [main] o.s.b.f.s.DefaultListableBeanFactory     : Creating shared instance of singleton bean 'httpMessageConvertersRestClientCustomizer'
2026-02-18T03:22:55.951+02:00 DEBUG 3928 --- [medical-crm] [main] o.s.b.f.s.DefaultListableBeanFactory     : Creating shared instance of singleton bean 'restClientSsl'
2026-02-18T03:22:55.952+02:00 DEBUG 3928 --- [medical-crm] [main] o.s.b.f.s.DefaultListableBeanFactory     : Autowiring by type from bean name 'restClientSsl' via factory method to bean named 'sslBundleRegistry'
2026-02-18T03:22:55.952+02:00 DEBUG 3928 --- [medical-crm] [main] o.s.b.f.s.DefaultListableBeanFactory     : Creating shared instance of singleton bean 'restClientBuilderConfigurer'
2026-02-18T03:22:55.953+02:00 DEBUG 3928 --- [medical-crm] [main] o.s.b.f.s.DefaultListableBeanFactory     : Creating shared instance of singleton bean 'org.springframework.boot.autoconfigure.web.client.RestTemplateAutoConfiguration'
2026-02-18T03:22:55.954+02:00 DEBUG 3928 --- [medical-crm] [main] o.s.b.f.s.DefaultListableBeanFactory     : Creating shared instance of singleton bean 'org.springframework.boot.autoconfigure.web.embedded.EmbeddedWebServerFactoryCustomizerAutoConfiguration'
2026-02-18T03:22:55.954+02:00 DEBUG 3928 --- [medical-crm] [main] o.s.b.f.s.DefaultListableBeanFactory     : Creating shared instance of singleton bean 'multipartResolver'
2026-02-18T03:22:55.967+02:00 DEBUG 3928 --- [medical-crm] [main] o.s.j.e.a.AnnotationMBeanExporter        : Registering beans for JMX exposure on startup
2026-02-18T03:22:55.967+02:00 DEBUG 3928 --- [medical-crm] [main] o.s.j.e.a.AnnotationMBeanExporter        : Auto-detecting user-defined JMX MBeans
2026-02-18T03:22:55.969+02:00 DEBUG 3928 --- [medical-crm] [main] o.s.j.e.a.AnnotationMBeanExporter        : Bean with name 'dataSource' has been autodetected for JMX exposure
2026-02-18T03:22:55.975+02:00 DEBUG 3928 --- [medical-crm] [main] o.s.j.e.a.AnnotationMBeanExporter        : Located MBean 'dataSource': registering with JMX server as MBean [com.zaxxer.hikari:name=dataSource,type=HikariDataSource]
2026-02-18T03:22:55.980+02:00 DEBUG 3928 --- [medical-crm] [main] o.s.c.support.DefaultLifecycleProcessor  : Starting beans in phase -2147483647
2026-02-18T03:22:55.980+02:00 DEBUG 3928 --- [medical-crm] [main] o.s.c.support.DefaultLifecycleProcessor  : Successfully started bean 'springBootLoggingLifecycle'
2026-02-18T03:22:55.980+02:00 DEBUG 3928 --- [medical-crm] [main] o.s.c.support.DefaultLifecycleProcessor  : Starting beans in phase 2147481599
2026-02-18T03:22:56.001+02:00  INFO 3928 --- [medical-crm] [main] o.s.b.w.embedded.tomcat.TomcatWebServer  : Tomcat started on port 8080 (http) with context path ''
2026-02-18T03:22:56.002+02:00 DEBUG 3928 --- [medical-crm] [main] o.s.c.support.DefaultLifecycleProcessor  : Successfully started bean 'webServerStartStop'
2026-02-18T03:22:56.002+02:00 DEBUG 3928 --- [medical-crm] [main] o.s.c.support.DefaultLifecycleProcessor  : Starting beans in phase 2147482623
2026-02-18T03:22:56.002+02:00 DEBUG 3928 --- [medical-crm] [main] o.s.c.support.DefaultLifecycleProcessor  : Successfully started bean 'webServerGracefulShutdown'
2026-02-18T03:22:56.002+02:00 DEBUG 3928 --- [medical-crm] [main] o.s.c.support.DefaultLifecycleProcessor  : Starting beans in phase 2147483647
2026-02-18T03:22:56.019+02:00 DEBUG 3928 --- [medical-crm] [main] .s.b.a.l.ConditionEvaluationReportLogger : 


============================
CONDITIONS EVALUATION REPORT
============================


Positive matches:
-----------------

   AopAutoConfiguration matched:
      - @ConditionalOnProperty (spring.aop.auto=true) matched (OnPropertyCondition)

   AopAutoConfiguration.AspectJAutoProxyingConfiguration matched:
      - @ConditionalOnClass found required class 'org.aspectj.weaver.Advice' (OnClassCondition)

   AopAutoConfiguration.AspectJAutoProxyingConfiguration.CglibAutoProxyConfiguration matched:
      - @ConditionalOnProperty (spring.aop.proxy-target-class=true) matched (OnPropertyCondition)

   ApplicationAvailabilityAutoConfiguration#applicationAvailability matched:
      - @ConditionalOnMissingBean (types: org.springframework.boot.availability.ApplicationAvailability; SearchStrategy: all) did not find any beans (OnBeanCondition)

   DataSourceAutoConfiguration matched:
      - @ConditionalOnClass found required classes 'javax.sql.DataSource', 'org.springframework.jdbc.datasource.embedded.EmbeddedDatabaseType' (OnClassCondition)
      - @ConditionalOnMissingBean (types: io.r2dbc.spi.ConnectionFactory; SearchStrategy: all) did not find any beans (OnBeanCondition)

   DataSourceAutoConfiguration.PooledDataSourceConfiguration matched:
      - AnyNestedCondition 1 matched 1 did not; NestedCondition on DataSourceAutoConfiguration.PooledDataSourceCondition.PooledDataSourceAvailable PooledDataSource found supported DataSource; NestedCondition on DataSourceAutoConfiguration.PooledDataSourceCondition.ExplicitType @ConditionalOnProperty (spring.datasource.type) did not find property 'type' (DataSourceAutoConfiguration.PooledDataSourceCondition)
      - @ConditionalOnMissingBean (types: javax.sql.DataSource,javax.sql.XADataSource; SearchStrategy: all) did not find any beans (OnBeanCondition)

   DataSourceAutoConfiguration.PooledDataSourceConfiguration#jdbcConnectionDetails matched:
      - @ConditionalOnMissingBean (types: org.springframework.boot.autoconfigure.jdbc.JdbcConnectionDetails; SearchStrategy: all) did not find any beans (OnBeanCondition)

   DataSourceConfiguration.Hikari matched:
      - @ConditionalOnClass found required class 'com.zaxxer.hikari.HikariDataSource' (OnClassCondition)
      - @ConditionalOnProperty (spring.datasource.type=com.zaxxer.hikari.HikariDataSource) matched (OnPropertyCondition)
      - @ConditionalOnMissingBean (types: javax.sql.DataSource; SearchStrategy: all) did not find any beans (OnBeanCondition)

   DataSourceInitializationConfiguration matched:
      - @ConditionalOnClass found required class 'org.springframework.jdbc.datasource.init.DatabasePopulator' (OnClassCondition)
      - @ConditionalOnSingleCandidate (types: javax.sql.DataSource; SearchStrategy: all) found a single bean 'dataSource'; @ConditionalOnMissingBean (types: org.springframework.boot.autoconfigure.sql.init.SqlDataSourceScriptDatabaseInitializer,org.springframework.boot.autoconfigure.sql.init.SqlR2dbcScriptDatabaseInitializer; SearchStrategy: all) did not find any beans (OnBeanCondition)

   DataSourceJmxConfiguration matched:
      - @ConditionalOnProperty (spring.jmx.enabled=true) matched (OnPropertyCondition)

   DataSourceJmxConfiguration.Hikari matched:
      - @ConditionalOnClass found required class 'com.zaxxer.hikari.HikariDataSource' (OnClassCondition)
      - @ConditionalOnSingleCandidate (types: javax.sql.DataSource; SearchStrategy: all) found a single bean 'dataSource' (OnBeanCondition)

   DataSourcePoolMetadataProvidersConfiguration.HikariPoolDataSourceMetadataProviderConfiguration matched:
      - @ConditionalOnClass found required class 'com.zaxxer.hikari.HikariDataSource' (OnClassCondition)

   DataSourceTransactionManagerAutoConfiguration matched:
      - @ConditionalOnClass found required classes 'org.springframework.jdbc.core.JdbcTemplate', 'org.springframework.transaction.TransactionManager' (OnClassCondition)

   DataSourceTransactionManagerAutoConfiguration.JdbcTransactionManagerConfiguration matched:
      - @ConditionalOnSingleCandidate (types: javax.sql.DataSource; SearchStrategy: all) found a single bean 'dataSource' (OnBeanCondition)

   DispatcherServletAutoConfiguration matched:
      - @ConditionalOnClass found required class 'org.springframework.web.servlet.DispatcherServlet' (OnClassCondition)
      - found 'session' scope (OnWebApplicationCondition)

   DispatcherServletAutoConfiguration.DispatcherServletConfiguration matched:
      - @ConditionalOnClass found required class 'jakarta.servlet.ServletRegistration' (OnClassCondition)
      - Default DispatcherServlet did not find dispatcher servlet beans (DispatcherServletAutoConfiguration.DefaultDispatcherServletCondition)

   DispatcherServletAutoConfiguration.DispatcherServletRegistrationConfiguration matched:
      - @ConditionalOnClass found required class 'jakarta.servlet.ServletRegistration' (OnClassCondition)
      - DispatcherServlet Registration did not find servlet registration bean (DispatcherServletAutoConfiguration.DispatcherServletRegistrationCondition)

   DispatcherServletAutoConfiguration.DispatcherServletRegistrationConfiguration#dispatcherServletRegistration matched:
      - @ConditionalOnBean (names: dispatcherServlet types: org.springframework.web.servlet.DispatcherServlet; SearchStrategy: all) found bean 'dispatcherServlet' (OnBeanCondition)

   EmbeddedWebServerFactoryCustomizerAutoConfiguration matched:
      - @ConditionalOnWebApplication (required) found 'session' scope (OnWebApplicationCondition)
      - @ConditionalOnWarDeployment the application is not deployed as a WAR file. (OnWarDeploymentCondition)

   EmbeddedWebServerFactoryCustomizerAutoConfiguration.TomcatWebServerFactoryCustomizerConfiguration matched:
      - @ConditionalOnClass found required classes 'org.apache.catalina.startup.Tomcat', 'org.apache.coyote.UpgradeProtocol' (OnClassCondition)

   ErrorMvcAutoConfiguration matched:
      - @ConditionalOnClass found required classes 'jakarta.servlet.Servlet', 'org.springframework.web.servlet.DispatcherServlet' (OnClassCondition)
      - found 'session' scope (OnWebApplicationCondition)

   ErrorMvcAutoConfiguration#basicErrorController matched:
      - @ConditionalOnMissingBean (types: org.springframework.boot.web.servlet.error.ErrorController; SearchStrategy: current) did not find any beans (OnBeanCondition)

   ErrorMvcAutoConfiguration#errorAttributes matched:
      - @ConditionalOnMissingBean (types: org.springframework.boot.web.servlet.error.ErrorAttributes; SearchStrategy: current) did not find any beans (OnBeanCondition)

   ErrorMvcAutoConfiguration.DefaultErrorViewResolverConfiguration#conventionErrorViewResolver matched:
      - @ConditionalOnBean (types: org.springframework.web.servlet.DispatcherServlet; SearchStrategy: all) found bean 'dispatcherServlet'; @ConditionalOnMissingBean (types: org.springframework.boot.autoconfigure.web.servlet.error.ErrorViewResolver; SearchStrategy: all) did not find any beans (OnBeanCondition)

   ErrorMvcAutoConfiguration.WhitelabelErrorViewConfiguration matched:
      - @ConditionalOnProperty (server.error.whitelabel.enabled) matched (OnPropertyCondition)
      - ErrorTemplate Missing did not find error template view (ErrorMvcAutoConfiguration.ErrorTemplateMissingCondition)

   ErrorMvcAutoConfiguration.WhitelabelErrorViewConfiguration#beanNameViewResolver matched:
      - @ConditionalOnMissingBean (types: org.springframework.web.servlet.view.BeanNameViewResolver; SearchStrategy: all) did not find any beans (OnBeanCondition)

   ErrorMvcAutoConfiguration.WhitelabelErrorViewConfiguration#defaultErrorView matched:
      - @ConditionalOnMissingBean (names: error; SearchStrategy: all) did not find any beans (OnBeanCondition)

   GenericCacheConfiguration matched:
      - Cache org.springframework.boot.autoconfigure.cache.GenericCacheConfiguration automatic cache type (CacheCondition)

   HibernateJpaAutoConfiguration matched:
      - @ConditionalOnClass found required classes 'org.springframework.orm.jpa.LocalContainerEntityManagerFactoryBean', 'jakarta.persistence.EntityManager', 'org.hibernate.engine.spi.SessionImplementor' (OnClassCondition)

   HibernateJpaConfiguration matched:
      - @ConditionalOnSingleCandidate (types: javax.sql.DataSource; SearchStrategy: all) found a single bean 'dataSource' (OnBeanCondition)

   HttpEncodingAutoConfiguration matched:
      - @ConditionalOnClass found required class 'org.springframework.web.filter.CharacterEncodingFilter' (OnClassCondition)
      - found 'session' scope (OnWebApplicationCondition)
      - @ConditionalOnProperty (server.servlet.encoding.enabled) matched (OnPropertyCondition)

   HttpEncodingAutoConfiguration#characterEncodingFilter matched:
      - @ConditionalOnMissingBean (types: org.springframework.web.filter.CharacterEncodingFilter; SearchStrategy: all) did not find any beans (OnBeanCondition)

   HttpMessageConvertersAutoConfiguration matched:
      - @ConditionalOnClass found required class 'org.springframework.http.converter.HttpMessageConverter' (OnClassCondition)
      - NoneNestedConditions 0 matched 1 did not; NestedCondition on HttpMessageConvertersAutoConfiguration.NotReactiveWebApplicationCondition.ReactiveWebApplication did not find reactive web application classes (HttpMessageConvertersAutoConfiguration.NotReactiveWebApplicationCondition)

   HttpMessageConvertersAutoConfiguration#messageConverters matched:
      - @ConditionalOnMissingBean (types: org.springframework.boot.autoconfigure.http.HttpMessageConverters; SearchStrategy: all) did not find any beans (OnBeanCondition)

   HttpMessageConvertersAutoConfiguration.StringHttpMessageConverterConfiguration matched:
      - @ConditionalOnClass found required class 'org.springframework.http.converter.StringHttpMessageConverter' (OnClassCondition)

   HttpMessageConvertersAutoConfiguration.StringHttpMessageConverterConfiguration#stringHttpMessageConverter matched:
      - @ConditionalOnMissingBean (types: org.springframework.http.converter.StringHttpMessageConverter; SearchStrategy: all) did not find any beans (OnBeanCondition)

   JacksonAutoConfiguration matched:
      - @ConditionalOnClass found required class 'com.fasterxml.jackson.databind.ObjectMapper' (OnClassCondition)

   JacksonAutoConfiguration.Jackson2ObjectMapperBuilderCustomizerConfiguration matched:
      - @ConditionalOnClass found required class 'org.springframework.http.converter.json.Jackson2ObjectMapperBuilder' (OnClassCondition)

   JacksonAutoConfiguration.JacksonObjectMapperBuilderConfiguration matched:
      - @ConditionalOnClass found required class 'org.springframework.http.converter.json.Jackson2ObjectMapperBuilder' (OnClassCondition)

   JacksonAutoConfiguration.JacksonObjectMapperBuilderConfiguration#jacksonObjectMapperBuilder matched:
      - @ConditionalOnMissingBean (types: org.springframework.http.converter.json.Jackson2ObjectMapperBuilder; SearchStrategy: all) did not find any beans (OnBeanCondition)

   JacksonAutoConfiguration.JacksonObjectMapperConfiguration matched:
      - @ConditionalOnClass found required class 'org.springframework.http.converter.json.Jackson2ObjectMapperBuilder' (OnClassCondition)

   JacksonAutoConfiguration.JacksonObjectMapperConfiguration#jacksonObjectMapper matched:
      - @ConditionalOnMissingBean (types: com.fasterxml.jackson.databind.ObjectMapper; SearchStrategy: all) did not find any beans (OnBeanCondition)

   JacksonAutoConfiguration.ParameterNamesModuleConfiguration matched:
      - @ConditionalOnClass found required class 'com.fasterxml.jackson.module.paramnames.ParameterNamesModule' (OnClassCondition)

   JacksonAutoConfiguration.ParameterNamesModuleConfiguration#parameterNamesModule matched:
      - @ConditionalOnMissingBean (types: com.fasterxml.jackson.module.paramnames.ParameterNamesModule; SearchStrategy: all) did not find any beans (OnBeanCondition)

   JacksonHttpMessageConvertersConfiguration.MappingJackson2HttpMessageConverterConfiguration matched:
      - @ConditionalOnClass found required class 'com.fasterxml.jackson.databind.ObjectMapper' (OnClassCondition)
      - @ConditionalOnProperty (spring.mvc.converters.preferred-json-mapper=jackson) matched (OnPropertyCondition)
      - @ConditionalOnBean (types: com.fasterxml.jackson.databind.ObjectMapper; SearchStrategy: all) found bean 'jacksonObjectMapper' (OnBeanCondition)

   JacksonHttpMessageConvertersConfiguration.MappingJackson2HttpMessageConverterConfiguration#mappingJackson2HttpMessageConverter matched:
      - @ConditionalOnMissingBean (types: org.springframework.http.converter.json.MappingJackson2HttpMessageConverter ignored: org.springframework.hateoas.server.mvc.TypeConstrainedMappingJackson2HttpMessageConverter,org.springframework.data.rest.webmvc.alps.AlpsJsonHttpMessageConverter; SearchStrategy: all) did not find any beans (OnBeanCondition)

   JdbcClientAutoConfiguration matched:
      - @ConditionalOnSingleCandidate (types: org.springframework.jdbc.core.namedparam.NamedParameterJdbcTemplate; SearchStrategy: all) found a single bean 'namedParameterJdbcTemplate'; @ConditionalOnMissingBean (types: org.springframework.jdbc.core.simple.JdbcClient; SearchStrategy: all) did not find any beans (OnBeanCondition)

   JdbcTemplateAutoConfiguration matched:
      - @ConditionalOnClass found required classes 'javax.sql.DataSource', 'org.springframework.jdbc.core.JdbcTemplate' (OnClassCondition)
      - @ConditionalOnSingleCandidate (types: javax.sql.DataSource; SearchStrategy: all) found a single bean 'dataSource' (OnBeanCondition)

   JdbcTemplateConfiguration matched:
      - @ConditionalOnMissingBean (types: org.springframework.jdbc.core.JdbcOperations; SearchStrategy: all) did not find any beans (OnBeanCondition)

   JmxAutoConfiguration matched:
      - @ConditionalOnClass found required class 'org.springframework.jmx.export.MBeanExporter' (OnClassCondition)
      - @ConditionalOnProperty (spring.jmx.enabled=true) matched (OnPropertyCondition)

   JmxAutoConfiguration#mbeanExporter matched:
      - @ConditionalOnMissingBean (types: org.springframework.jmx.export.MBeanExporter; SearchStrategy: current) did not find any beans (OnBeanCondition)

   JmxAutoConfiguration#mbeanServer matched:
      - @ConditionalOnMissingBean (types: javax.management.MBeanServer; SearchStrategy: all) did not find any beans (OnBeanCondition)

   JmxAutoConfiguration#objectNamingStrategy matched:
      - @ConditionalOnMissingBean (types: org.springframework.jmx.export.naming.ObjectNamingStrategy; SearchStrategy: current) did not find any beans (OnBeanCondition)

   JpaBaseConfiguration#entityManagerFactory matched:
      - @ConditionalOnMissingBean (types: org.springframework.orm.jpa.LocalContainerEntityManagerFactoryBean,jakarta.persistence.EntityManagerFactory; SearchStrategy: all) did not find any beans (OnBeanCondition)

   JpaBaseConfiguration#entityManagerFactoryBuilder matched:
      - @ConditionalOnMissingBean (types: org.springframework.boot.orm.jpa.EntityManagerFactoryBuilder; SearchStrategy: all) did not find any beans (OnBeanCondition)

   JpaBaseConfiguration#jpaVendorAdapter matched:
      - @ConditionalOnMissingBean (types: org.springframework.orm.jpa.JpaVendorAdapter; SearchStrategy: all) did not find any beans (OnBeanCondition)

   JpaBaseConfiguration#transactionManager matched:
      - @ConditionalOnMissingBean (types: org.springframework.transaction.TransactionManager; SearchStrategy: all) did not find any beans (OnBeanCondition)

   JpaBaseConfiguration.JpaWebConfiguration matched:
      - @ConditionalOnClass found required class 'org.springframework.web.servlet.config.annotation.WebMvcConfigurer' (OnClassCondition)
      - found 'session' scope (OnWebApplicationCondition)
      - @ConditionalOnProperty (spring.jpa.open-in-view=true) matched (OnPropertyCondition)
      - @ConditionalOnMissingBean (types: org.springframework.orm.jpa.support.OpenEntityManagerInViewInterceptor,org.springframework.orm.jpa.support.OpenEntityManagerInViewFilter; SearchStrategy: all) did not find any beans (OnBeanCondition)

   JpaBaseConfiguration.PersistenceManagedTypesConfiguration matched:
      - @ConditionalOnMissingBean (types: org.springframework.orm.jpa.LocalContainerEntityManagerFactoryBean,jakarta.persistence.EntityManagerFactory; SearchStrategy: all) did not find any beans (OnBeanCondition)

   JpaBaseConfiguration.PersistenceManagedTypesConfiguration#persistenceManagedTypes matched:
      - @ConditionalOnMissingBean (types: org.springframework.orm.jpa.persistenceunit.PersistenceManagedTypes; SearchStrategy: all) did not find any beans (OnBeanCondition)

   JpaRepositoriesAutoConfiguration matched:
      - @ConditionalOnClass found required class 'org.springframework.data.jpa.repository.JpaRepository' (OnClassCondition)
      - @ConditionalOnProperty (spring.data.jpa.repositories.enabled=true) matched (OnPropertyCondition)
      - @ConditionalOnBean (types: javax.sql.DataSource; SearchStrategy: all) found bean 'dataSource'; @ConditionalOnMissingBean (types: org.springframework.data.jpa.repository.support.JpaRepositoryFactoryBean,org.springframework.data.jpa.repository.config.JpaRepositoryConfigExtension; SearchStrategy: all) did not find any beans (OnBeanCondition)

   JtaAutoConfiguration matched:
      - @ConditionalOnClass found required class 'jakarta.transaction.Transaction' (OnClassCondition)
      - @ConditionalOnProperty (spring.jta.enabled) matched (OnPropertyCondition)

   LifecycleAutoConfiguration#defaultLifecycleProcessor matched:
      - @ConditionalOnMissingBean (names: lifecycleProcessor; SearchStrategy: current) did not find any beans (OnBeanCondition)

   MultipartAutoConfiguration matched:
      - @ConditionalOnClass found required classes 'jakarta.servlet.Servlet', 'org.springframework.web.multipart.support.StandardServletMultipartResolver', 'jakarta.servlet.MultipartConfigElement' (OnClassCondition)
      - found 'session' scope (OnWebApplicationCondition)
      - @ConditionalOnProperty (spring.servlet.multipart.enabled) matched (OnPropertyCondition)

   MultipartAutoConfiguration#multipartConfigElement matched:
      - @ConditionalOnMissingBean (types: jakarta.servlet.MultipartConfigElement; SearchStrategy: all) did not find any beans (OnBeanCondition)

   MultipartAutoConfiguration#multipartResolver matched:
      - @ConditionalOnMissingBean (types: org.springframework.web.multipart.MultipartResolver; SearchStrategy: all) did not find any beans (OnBeanCondition)

   NamedParameterJdbcTemplateConfiguration matched:
      - @ConditionalOnSingleCandidate (types: org.springframework.jdbc.core.JdbcTemplate; SearchStrategy: all) found a single bean 'jdbcTemplate'; @ConditionalOnMissingBean (types: org.springframework.jdbc.core.namedparam.NamedParameterJdbcOperations; SearchStrategy: all) did not find any beans (OnBeanCondition)

   NoOpCacheConfiguration matched:
      - Cache org.springframework.boot.autoconfigure.cache.NoOpCacheConfiguration automatic cache type (CacheCondition)

   PersistenceExceptionTranslationAutoConfiguration matched:
      - @ConditionalOnClass found required class 'org.springframework.dao.annotation.PersistenceExceptionTranslationPostProcessor' (OnClassCondition)

   PersistenceExceptionTranslationAutoConfiguration#persistenceExceptionTranslationPostProcessor matched:
      - @ConditionalOnProperty (spring.dao.exceptiontranslation.enabled) matched (OnPropertyCondition)
      - @ConditionalOnMissingBean (types: org.springframework.dao.annotation.PersistenceExceptionTranslationPostProcessor; SearchStrategy: all) did not find any beans (OnBeanCondition)

   PropertyPlaceholderAutoConfiguration#propertySourcesPlaceholderConfigurer matched:
      - @ConditionalOnMissingBean (types: org.springframework.context.support.PropertySourcesPlaceholderConfigurer; SearchStrategy: current) did not find any beans (OnBeanCondition)

   RestClientAutoConfiguration matched:
      - @ConditionalOnClass found required class 'org.springframework.web.client.RestClient' (OnClassCondition)
      - NoneNestedConditions 0 matched 1 did not; NestedCondition on NotReactiveWebApplicationCondition.ReactiveWebApplication did not find reactive web application classes (NotReactiveWebApplicationCondition)

   RestClientAutoConfiguration#httpMessageConvertersRestClientCustomizer matched:
      - @ConditionalOnMissingBean (types: org.springframework.boot.autoconfigure.web.client.HttpMessageConvertersRestClientCustomizer; SearchStrategy: all) did not find any beans (OnBeanCondition)

   RestClientAutoConfiguration#restClientBuilder matched:
      - @ConditionalOnMissingBean (types: org.springframework.web.client.RestClient$Builder; SearchStrategy: all) did not find any beans (OnBeanCondition)

   RestClientAutoConfiguration#restClientBuilderConfigurer matched:
      - @ConditionalOnMissingBean (types: org.springframework.boot.autoconfigure.web.client.RestClientBuilderConfigurer; SearchStrategy: all) did not find any beans (OnBeanCondition)

   RestClientAutoConfiguration#restClientSsl matched:
      - @ConditionalOnBean (types: org.springframework.boot.ssl.SslBundles; SearchStrategy: all) found bean 'sslBundleRegistry'; @ConditionalOnMissingBean (types: org.springframework.boot.autoconfigure.web.client.RestClientSsl; SearchStrategy: all) did not find any beans (OnBeanCondition)

   RestTemplateAutoConfiguration matched:
      - @ConditionalOnClass found required class 'org.springframework.web.client.RestTemplate' (OnClassCondition)
      - NoneNestedConditions 0 matched 1 did not; NestedCondition on NotReactiveWebApplicationCondition.ReactiveWebApplication did not find reactive web application classes (NotReactiveWebApplicationCondition)

   RestTemplateAutoConfiguration#restTemplateBuilder matched:
      - @ConditionalOnMissingBean (types: org.springframework.boot.web.client.RestTemplateBuilder; SearchStrategy: all) did not find any beans (OnBeanCondition)

   SecurityAutoConfiguration matched:
      - @ConditionalOnClass found required class 'org.springframework.security.authentication.DefaultAuthenticationEventPublisher' (OnClassCondition)

   SecurityAutoConfiguration#authenticationEventPublisher matched:
      - @ConditionalOnMissingBean (types: org.springframework.security.authentication.AuthenticationEventPublisher; SearchStrategy: all) did not find any beans (OnBeanCondition)

   SecurityFilterAutoConfiguration matched:
      - @ConditionalOnClass found required classes 'org.springframework.security.web.context.AbstractSecurityWebApplicationInitializer', 'org.springframework.security.config.http.SessionCreationPolicy' (OnClassCondition)
      - found 'session' scope (OnWebApplicationCondition)

   SecurityFilterAutoConfiguration#securityFilterChainRegistration matched:
      - @ConditionalOnBean (names: springSecurityFilterChain; SearchStrategy: all) found bean 'springSecurityFilterChain' (OnBeanCondition)

   ServletWebServerFactoryAutoConfiguration matched:
      - @ConditionalOnClass found required class 'jakarta.servlet.ServletRequest' (OnClassCondition)
      - found 'session' scope (OnWebApplicationCondition)

   ServletWebServerFactoryAutoConfiguration#tomcatServletWebServerFactoryCustomizer matched:
      - @ConditionalOnClass found required class 'org.apache.catalina.startup.Tomcat' (OnClassCondition)

   ServletWebServerFactoryConfiguration.EmbeddedTomcat matched:
      - @ConditionalOnClass found required classes 'jakarta.servlet.Servlet', 'org.apache.catalina.startup.Tomcat', 'org.apache.coyote.UpgradeProtocol' (OnClassCondition)
      - @ConditionalOnMissingBean (types: org.springframework.boot.web.servlet.server.ServletWebServerFactory; SearchStrategy: current) did not find any beans (OnBeanCondition)

   SimpleCacheConfiguration matched:
      - Cache org.springframework.boot.autoconfigure.cache.SimpleCacheConfiguration automatic cache type (CacheCondition)

   SpringApplicationAdminJmxAutoConfiguration matched:
      - @ConditionalOnProperty (spring.application.admin.enabled=true) matched (OnPropertyCondition)

   SpringApplicationAdminJmxAutoConfiguration#springApplicationAdminRegistrar matched:
      - @ConditionalOnMissingBean (types: org.springframework.boot.admin.SpringApplicationAdminMXBeanRegistrar; SearchStrategy: all) did not find any beans (OnBeanCondition)

   SpringBootWebSecurityConfiguration matched:
      - found 'session' scope (OnWebApplicationCondition)

   SpringBootWebSecurityConfiguration.WebSecurityEnablerConfiguration matched:
      - @ConditionalOnClass found required class 'org.springframework.security.config.annotation.web.configuration.EnableWebSecurity' (OnClassCondition)
      - @ConditionalOnMissingBean (names: springSecurityFilterChain; SearchStrategy: all) did not find any beans (OnBeanCondition)

   SpringDataWebAutoConfiguration matched:
      - @ConditionalOnClass found required classes 'org.springframework.data.web.PageableHandlerMethodArgumentResolver', 'org.springframework.web.servlet.config.annotation.WebMvcConfigurer' (OnClassCondition)
      - found 'session' scope (OnWebApplicationCondition)
      - @ConditionalOnMissingBean (types: org.springframework.data.web.PageableHandlerMethodArgumentResolver; SearchStrategy: all) did not find any beans (OnBeanCondition)

   SpringDataWebAutoConfiguration#pageableCustomizer matched:
      - @ConditionalOnMissingBean (types: org.springframework.data.web.config.PageableHandlerMethodArgumentResolverCustomizer; SearchStrategy: all) did not find any beans (OnBeanCondition)

   SpringDataWebAutoConfiguration#sortCustomizer matched:
      - @ConditionalOnMissingBean (types: org.springframework.data.web.config.SortHandlerMethodArgumentResolverCustomizer; SearchStrategy: all) did not find any beans (OnBeanCondition)

   SqlInitializationAutoConfiguration matched:
      - @ConditionalOnProperty (spring.sql.init.enabled) matched (OnPropertyCondition)
      - NoneNestedConditions 0 matched 1 did not; NestedCondition on SqlInitializationAutoConfiguration.SqlInitializationModeCondition.ModeIsNever @ConditionalOnProperty (spring.sql.init.mode=never) did not find property 'mode' (SqlInitializationAutoConfiguration.SqlInitializationModeCondition)

   SslAutoConfiguration#sslBundleRegistry matched:
      - @ConditionalOnMissingBean (types: org.springframework.boot.ssl.SslBundleRegistry,org.springframework.boot.ssl.SslBundles; SearchStrategy: all) did not find any beans (OnBeanCondition)

   TaskExecutionAutoConfiguration matched:
      - @ConditionalOnClass found required class 'org.springframework.scheduling.concurrent.ThreadPoolTaskExecutor' (OnClassCondition)

   TaskExecutorConfigurations.SimpleAsyncTaskExecutorBuilderConfiguration#simpleAsyncTaskExecutorBuilder matched:
      - @ConditionalOnMissingBean (types: org.springframework.boot.task.SimpleAsyncTaskExecutorBuilder; SearchStrategy: all) did not find any beans (OnBeanCondition)
      - @ConditionalOnThreading found PLATFORM (OnThreadingCondition)

   TaskExecutorConfigurations.TaskExecutorBuilderConfiguration#taskExecutorBuilder matched:
      - @ConditionalOnMissingBean (types: org.springframework.boot.task.TaskExecutorBuilder; SearchStrategy: all) did not find any beans (OnBeanCondition)

   TaskExecutorConfigurations.TaskExecutorConfiguration matched:
      - @ConditionalOnMissingBean (types: java.util.concurrent.Executor; SearchStrategy: all) did not find any beans (OnBeanCondition)

   TaskExecutorConfigurations.TaskExecutorConfiguration#applicationTaskExecutor matched:
      - @ConditionalOnThreading found PLATFORM (OnThreadingCondition)

   TaskExecutorConfigurations.ThreadPoolTaskExecutorBuilderConfiguration#threadPoolTaskExecutorBuilder matched:
      - @ConditionalOnMissingBean (types: org.springframework.boot.task.TaskExecutorBuilder,org.springframework.boot.task.ThreadPoolTaskExecutorBuilder; SearchStrategy: all) did not find any beans (OnBeanCondition)

   TaskSchedulingAutoConfiguration matched:
      - @ConditionalOnClass found required class 'org.springframework.scheduling.concurrent.ThreadPoolTaskScheduler' (OnClassCondition)

   TaskSchedulingConfigurations.SimpleAsyncTaskSchedulerBuilderConfiguration#simpleAsyncTaskSchedulerBuilder matched:
      - @ConditionalOnMissingBean (types: org.springframework.boot.task.SimpleAsyncTaskSchedulerBuilder; SearchStrategy: all) did not find any beans (OnBeanCondition)
      - @ConditionalOnThreading found PLATFORM (OnThreadingCondition)

   TaskSchedulingConfigurations.TaskSchedulerBuilderConfiguration#taskSchedulerBuilder matched:
      - @ConditionalOnMissingBean (types: org.springframework.boot.task.TaskSchedulerBuilder; SearchStrategy: all) did not find any beans (OnBeanCondition)

   TaskSchedulingConfigurations.ThreadPoolTaskSchedulerBuilderConfiguration#threadPoolTaskSchedulerBuilder matched:
      - @ConditionalOnMissingBean (types: org.springframework.boot.task.TaskSchedulerBuilder,org.springframework.boot.task.ThreadPoolTaskSchedulerBuilder; SearchStrategy: all) did not find any beans (OnBeanCondition)

   TransactionAutoConfiguration matched:
      - @ConditionalOnClass found required class 'org.springframework.transaction.PlatformTransactionManager' (OnClassCondition)

   TransactionAutoConfiguration.EnableTransactionManagementConfiguration matched:
      - @ConditionalOnBean (types: org.springframework.transaction.TransactionManager; SearchStrategy: all) found bean 'transactionManager'; @ConditionalOnMissingBean (types: org.springframework.transaction.annotation.AbstractTransactionManagementConfiguration; SearchStrategy: all) did not find any beans (OnBeanCondition)

   TransactionAutoConfiguration.EnableTransactionManagementConfiguration.CglibAutoProxyConfiguration matched:
      - @ConditionalOnProperty (spring.aop.proxy-target-class=true) matched (OnPropertyCondition)

   TransactionAutoConfiguration.TransactionTemplateConfiguration matched:
      - @ConditionalOnSingleCandidate (types: org.springframework.transaction.PlatformTransactionManager; SearchStrategy: all) found a single bean 'transactionManager' (OnBeanCondition)

   TransactionAutoConfiguration.TransactionTemplateConfiguration#transactionTemplate matched:
      - @ConditionalOnMissingBean (types: org.springframework.transaction.support.TransactionOperations; SearchStrategy: all) did not find any beans (OnBeanCondition)

   TransactionManagerCustomizationAutoConfiguration matched:
      - @ConditionalOnClass found required class 'org.springframework.transaction.PlatformTransactionManager' (OnClassCondition)

   TransactionManagerCustomizationAutoConfiguration#platformTransactionManagerCustomizers matched:
      - @ConditionalOnMissingBean (types: org.springframework.boot.autoconfigure.transaction.TransactionManagerCustomizers; SearchStrategy: all) did not find any beans (OnBeanCondition)

   ValidationAutoConfiguration matched:
      - @ConditionalOnClass found required class 'jakarta.validation.executable.ExecutableValidator' (OnClassCondition)
      - @ConditionalOnResource found location classpath:META-INF/services/jakarta.validation.spi.ValidationProvider (OnResourceCondition)

   ValidationAutoConfiguration#defaultValidator matched:
      - @ConditionalOnMissingBean (types: jakarta.validation.Validator; SearchStrategy: all) did not find any beans (OnBeanCondition)

   ValidationAutoConfiguration#methodValidationPostProcessor matched:
      - @ConditionalOnMissingBean (types: org.springframework.validation.beanvalidation.MethodValidationPostProcessor; SearchStrategy: current) did not find any beans (OnBeanCondition)

   WebMvcAutoConfiguration matched:
      - @ConditionalOnClass found required classes 'jakarta.servlet.Servlet', 'org.springframework.web.servlet.DispatcherServlet', 'org.springframework.web.servlet.config.annotation.WebMvcConfigurer' (OnClassCondition)
      - found 'session' scope (OnWebApplicationCondition)
      - @ConditionalOnMissingBean (types: org.springframework.web.servlet.config.annotation.WebMvcConfigurationSupport; SearchStrategy: all) did not find any beans (OnBeanCondition)

   WebMvcAutoConfiguration#formContentFilter matched:
      - @ConditionalOnProperty (spring.mvc.formcontent.filter.enabled) matched (OnPropertyCondition)
      - @ConditionalOnMissingBean (types: org.springframework.web.filter.FormContentFilter; SearchStrategy: all) did not find any beans (OnBeanCondition)

   WebMvcAutoConfiguration.EnableWebMvcConfiguration#flashMapManager matched:
      - @ConditionalOnMissingBean (names: flashMapManager; SearchStrategy: all) did not find any beans (OnBeanCondition)

   WebMvcAutoConfiguration.EnableWebMvcConfiguration#localeResolver matched:
      - @ConditionalOnMissingBean (names: localeResolver; SearchStrategy: all) did not find any beans (OnBeanCondition)

   WebMvcAutoConfiguration.EnableWebMvcConfiguration#themeResolver matched:
      - @ConditionalOnMissingBean (names: themeResolver; SearchStrategy: all) did not find any beans (OnBeanCondition)

   WebMvcAutoConfiguration.WebMvcAutoConfigurationAdapter#defaultViewResolver matched:
      - @ConditionalOnMissingBean (types: org.springframework.web.servlet.view.InternalResourceViewResolver; SearchStrategy: all) did not find any beans (OnBeanCondition)

   WebMvcAutoConfiguration.WebMvcAutoConfigurationAdapter#requestContextFilter matched:
      - @ConditionalOnMissingBean (types: org.springframework.web.context.request.RequestContextListener,org.springframework.web.filter.RequestContextFilter; SearchStrategy: all) did not find any beans (OnBeanCondition)

   WebMvcAutoConfiguration.WebMvcAutoConfigurationAdapter#viewResolver matched:
      - @ConditionalOnBean (types: org.springframework.web.servlet.ViewResolver; SearchStrategy: all) found beans 'defaultViewResolver', 'beanNameViewResolver', 'mvcViewResolver'; @ConditionalOnMissingBean (names: viewResolver types: org.springframework.web.servlet.view.ContentNegotiatingViewResolver; SearchStrategy: all) did not find any beans (OnBeanCondition)

   WebSocketServletAutoConfiguration matched:
      - @ConditionalOnClass found required classes 'jakarta.servlet.Servlet', 'jakarta.websocket.server.ServerContainer' (OnClassCondition)
      - found 'session' scope (OnWebApplicationCondition)

   WebSocketServletAutoConfiguration.TomcatWebSocketConfiguration matched:
      - @ConditionalOnClass found required classes 'org.apache.catalina.startup.Tomcat', 'org.apache.tomcat.websocket.server.WsSci' (OnClassCondition)

   WebSocketServletAutoConfiguration.TomcatWebSocketConfiguration#websocketServletWebServerCustomizer matched:
      - @ConditionalOnMissingBean (names: websocketServletWebServerCustomizer; SearchStrategy: all) did not find any beans (OnBeanCondition)


Negative matches:
-----------------

   ActiveMQAutoConfiguration:
      Did not match:
         - @ConditionalOnClass did not find required class 'jakarta.jms.ConnectionFactory' (OnClassCondition)

   AopAutoConfiguration.AspectJAutoProxyingConfiguration.JdkDynamicAutoProxyConfiguration:
      Did not match:
         - @ConditionalOnProperty (spring.aop.proxy-target-class=false) did not find property 'proxy-target-class' (OnPropertyCondition)

   AopAutoConfiguration.ClassProxyingConfiguration:
      Did not match:
         - @ConditionalOnMissingClass found unwanted class 'org.aspectj.weaver.Advice' (OnClassCondition)

   ArtemisAutoConfiguration:
      Did not match:
         - @ConditionalOnClass did not find required class 'jakarta.jms.ConnectionFactory' (OnClassCondition)

   BatchAutoConfiguration:
      Did not match:
         - @ConditionalOnClass did not find required class 'org.springframework.batch.core.launch.JobLauncher' (OnClassCondition)

   Cache2kCacheConfiguration:
      Did not match:
         - @ConditionalOnClass did not find required class 'org.cache2k.Cache2kBuilder' (OnClassCondition)

   CacheAutoConfiguration:
      Did not match:
         - @ConditionalOnBean (types: org.springframework.cache.interceptor.CacheAspectSupport; SearchStrategy: all) did not find any beans of type org.springframework.cache.interceptor.CacheAspectSupport (OnBeanCondition)
      Matched:
         - @ConditionalOnClass found required class 'org.springframework.cache.CacheManager' (OnClassCondition)

   CacheAutoConfiguration.CacheManagerEntityManagerFactoryDependsOnPostProcessor:
      Did not match:
         - Ancestor org.springframework.boot.autoconfigure.cache.CacheAutoConfiguration did not match (ConditionEvaluationReport.AncestorsMatchedCondition)
      Matched:
         - @ConditionalOnClass found required class 'org.springframework.orm.jpa.LocalContainerEntityManagerFactoryBean' (OnClassCondition)

   CaffeineCacheConfiguration:
      Did not match:
         - @ConditionalOnClass did not find required class 'com.github.benmanes.caffeine.cache.Caffeine' (OnClassCondition)

   CassandraAutoConfiguration:
      Did not match:
         - @ConditionalOnClass did not find required class 'com.datastax.oss.driver.api.core.CqlSession' (OnClassCondition)

   CassandraDataAutoConfiguration:
      Did not match:
         - @ConditionalOnClass did not find required class 'com.datastax.oss.driver.api.core.CqlSession' (OnClassCondition)

   CassandraReactiveDataAutoConfiguration:
      Did not match:
         - @ConditionalOnClass did not find required class 'com.datastax.oss.driver.api.core.CqlSession' (OnClassCondition)

   CassandraReactiveRepositoriesAutoConfiguration:
      Did not match:
         - @ConditionalOnClass did not find required class 'org.springframework.data.cassandra.ReactiveSession' (OnClassCondition)

   CassandraRepositoriesAutoConfiguration:
      Did not match:
         - @ConditionalOnClass did not find required class 'com.datastax.oss.driver.api.core.CqlSession' (OnClassCondition)

   ClientHttpConnectorAutoConfiguration:
      Did not match:
         - @ConditionalOnClass did not find required class 'org.springframework.web.reactive.function.client.WebClient' (OnClassCondition)

   CodecsAutoConfiguration:
      Did not match:
         - @ConditionalOnClass did not find required class 'org.springframework.web.reactive.function.client.WebClient' (OnClassCondition)

   CouchbaseAutoConfiguration:
      Did not match:
         - @ConditionalOnClass did not find required class 'com.couchbase.client.java.Cluster' (OnClassCondition)

   CouchbaseCacheConfiguration:
      Did not match:
         - @ConditionalOnClass did not find required class 'com.couchbase.client.java.Cluster' (OnClassCondition)

   CouchbaseDataAutoConfiguration:
      Did not match:
         - @ConditionalOnClass did not find required class 'com.couchbase.client.java.Bucket' (OnClassCondition)

   CouchbaseReactiveDataAutoConfiguration:
      Did not match:
         - @ConditionalOnClass did not find required class 'com.couchbase.client.java.Cluster' (OnClassCondition)

   CouchbaseReactiveRepositoriesAutoConfiguration:
      Did not match:
         - @ConditionalOnClass did not find required class 'com.couchbase.client.java.Cluster' (OnClassCondition)

   CouchbaseRepositoriesAutoConfiguration:
      Did not match:
         - @ConditionalOnClass did not find required class 'com.couchbase.client.java.Bucket' (OnClassCondition)

   DataSourceAutoConfiguration.EmbeddedDatabaseConfiguration:
      Did not match:
         - EmbeddedDataSource spring.datasource.url is set (DataSourceAutoConfiguration.EmbeddedDatabaseCondition)

   DataSourceCheckpointRestoreConfiguration:
      Did not match:
         - @ConditionalOnClass did not find required class 'org.crac.Resource' (OnClassCondition)

   DataSourceConfiguration.Dbcp2:
      Did not match:
         - @ConditionalOnClass did not find required class 'org.apache.commons.dbcp2.BasicDataSource' (OnClassCondition)

   DataSourceConfiguration.Generic:
      Did not match:
         - @ConditionalOnProperty (spring.datasource.type) did not find property 'spring.datasource.type' (OnPropertyCondition)

   DataSourceConfiguration.OracleUcp:
      Did not match:
         - @ConditionalOnClass did not find required classes 'oracle.ucp.jdbc.PoolDataSourceImpl', 'oracle.jdbc.OracleConnection' (OnClassCondition)

   DataSourceConfiguration.Tomcat:
      Did not match:
         - @ConditionalOnClass did not find required class 'org.apache.tomcat.jdbc.pool.DataSource' (OnClassCondition)

   DataSourceJmxConfiguration.TomcatDataSourceJmxConfiguration:
      Did not match:
         - @ConditionalOnClass did not find required class 'org.apache.tomcat.jdbc.pool.DataSourceProxy' (OnClassCondition)

   DataSourcePoolMetadataProvidersConfiguration.CommonsDbcp2PoolDataSourceMetadataProviderConfiguration:
      Did not match:
         - @ConditionalOnClass did not find required class 'org.apache.commons.dbcp2.BasicDataSource' (OnClassCondition)

   DataSourcePoolMetadataProvidersConfiguration.OracleUcpPoolDataSourceMetadataProviderConfiguration:
      Did not match:
         - @ConditionalOnClass did not find required classes 'oracle.ucp.jdbc.PoolDataSource', 'oracle.jdbc.OracleConnection' (OnClassCondition)

   DataSourcePoolMetadataProvidersConfiguration.TomcatDataSourcePoolMetadataProviderConfiguration:
      Did not match:
         - @ConditionalOnClass did not find required class 'org.apache.tomcat.jdbc.pool.DataSource' (OnClassCondition)

   DataSourceTransactionManagerAutoConfiguration.JdbcTransactionManagerConfiguration#transactionManager:
      Did not match:
         - @ConditionalOnMissingBean (types: org.springframework.transaction.TransactionManager; SearchStrategy: all) found beans of type 'org.springframework.transaction.TransactionManager' transactionManager (OnBeanCondition)

   DispatcherServletAutoConfiguration.DispatcherServletConfiguration#multipartResolver:
      Did not match:
         - @ConditionalOnBean (types: org.springframework.web.multipart.MultipartResolver; SearchStrategy: all) did not find any beans of type org.springframework.web.multipart.MultipartResolver (OnBeanCondition)

   ElasticsearchClientAutoConfiguration:
      Did not match:
         - @ConditionalOnClass did not find required class 'co.elastic.clients.elasticsearch.ElasticsearchClient' (OnClassCondition)

   ElasticsearchDataAutoConfiguration:
      Did not match:
         - @ConditionalOnClass did not find required class 'org.springframework.data.elasticsearch.client.elc.ElasticsearchTemplate' (OnClassCondition)

   ElasticsearchRepositoriesAutoConfiguration:
      Did not match:
         - @ConditionalOnClass did not find required class 'org.springframework.data.elasticsearch.repository.ElasticsearchRepository' (OnClassCondition)

   ElasticsearchRestClientAutoConfiguration:
      Did not match:
         - @ConditionalOnClass did not find required class 'org.elasticsearch.client.RestClientBuilder' (OnClassCondition)

   EmbeddedLdapAutoConfiguration:
      Did not match:
         - @ConditionalOnClass did not find required class 'com.unboundid.ldap.listener.InMemoryDirectoryServer' (OnClassCondition)

   EmbeddedWebServerFactoryCustomizerAutoConfiguration.JettyWebServerFactoryCustomizerConfiguration:
      Did not match:
         - @ConditionalOnClass did not find required classes 'org.eclipse.jetty.server.Server', 'org.eclipse.jetty.util.Loader', 'org.eclipse.jetty.ee10.webapp.WebAppContext' (OnClassCondition)

   EmbeddedWebServerFactoryCustomizerAutoConfiguration.NettyWebServerFactoryCustomizerConfiguration:
      Did not match:
         - @ConditionalOnClass did not find required class 'reactor.netty.http.server.HttpServer' (OnClassCondition)

   EmbeddedWebServerFactoryCustomizerAutoConfiguration.TomcatWebServerFactoryCustomizerConfiguration#tomcatVirtualThreadsProtocolHandlerCustomizer:
      Did not match:
         - @ConditionalOnThreading did not find VIRTUAL (OnThreadingCondition)

   EmbeddedWebServerFactoryCustomizerAutoConfiguration.UndertowWebServerFactoryCustomizerConfiguration:
      Did not match:
         - @ConditionalOnClass did not find required classes 'io.undertow.Undertow', 'org.xnio.SslClientAuthMode' (OnClassCondition)

   ErrorWebFluxAutoConfiguration:
      Did not match:
         - @ConditionalOnClass did not find required class 'org.springframework.web.reactive.config.WebFluxConfigurer' (OnClassCondition)

   FlywayAutoConfiguration:
      Did not match:
         - @ConditionalOnClass did not find required class 'org.flywaydb.core.Flyway' (OnClassCondition)

   FreeMarkerAutoConfiguration:
      Did not match:
         - @ConditionalOnClass did not find required class 'freemarker.template.Configuration' (OnClassCondition)

   GraphQlAutoConfiguration:
      Did not match:
         - @ConditionalOnClass did not find required class 'graphql.GraphQL' (OnClassCondition)

   GraphQlQueryByExampleAutoConfiguration:
      Did not match:
         - @ConditionalOnClass did not find required class 'graphql.GraphQL' (OnClassCondition)

   GraphQlQuerydslAutoConfiguration:
      Did not match:
         - @ConditionalOnClass did not find required class 'com.querydsl.core.Query' (OnClassCondition)

   GraphQlRSocketAutoConfiguration:
      Did not match:
         - @ConditionalOnClass did not find required class 'graphql.GraphQL' (OnClassCondition)

   GraphQlReactiveQueryByExampleAutoConfiguration:
      Did not match:
         - @ConditionalOnClass did not find required class 'graphql.GraphQL' (OnClassCondition)

   GraphQlReactiveQuerydslAutoConfiguration:
      Did not match:
         - @ConditionalOnClass did not find required class 'com.querydsl.core.Query' (OnClassCondition)

   GraphQlWebFluxAutoConfiguration:
      Did not match:
         - @ConditionalOnClass did not find required class 'graphql.GraphQL' (OnClassCondition)

   GraphQlWebFluxSecurityAutoConfiguration:
      Did not match:
         - @ConditionalOnClass did not find required class 'graphql.GraphQL' (OnClassCondition)

   GraphQlWebMvcAutoConfiguration:
      Did not match:
         - @ConditionalOnClass did not find required class 'graphql.GraphQL' (OnClassCondition)

   GraphQlWebMvcSecurityAutoConfiguration:
      Did not match:
         - @ConditionalOnClass did not find required class 'graphql.GraphQL' (OnClassCondition)

   GroovyTemplateAutoConfiguration:
      Did not match:
         - @ConditionalOnClass did not find required class 'groovy.text.markup.MarkupTemplateEngine' (OnClassCondition)

   GsonAutoConfiguration:
      Did not match:
         - @ConditionalOnClass did not find required class 'com.google.gson.Gson' (OnClassCondition)

   GsonHttpMessageConvertersConfiguration:
      Did not match:
         - @ConditionalOnClass did not find required class 'com.google.gson.Gson' (OnClassCondition)

   H2ConsoleAutoConfiguration:
      Did not match:
         - @ConditionalOnClass did not find required class 'org.h2.server.web.JakartaWebServlet' (OnClassCondition)

   HazelcastAutoConfiguration:
      Did not match:
         - @ConditionalOnClass did not find required class 'com.hazelcast.core.HazelcastInstance' (OnClassCondition)

   HazelcastCacheConfiguration:
      Did not match:
         - @ConditionalOnClass did not find required class 'com.hazelcast.core.HazelcastInstance' (OnClassCondition)

   HazelcastJpaDependencyAutoConfiguration:
      Did not match:
         - @ConditionalOnClass did not find required class 'com.hazelcast.core.HazelcastInstance' (OnClassCondition)

   HttpHandlerAutoConfiguration:
      Did not match:
         - @ConditionalOnClass did not find required class 'org.springframework.web.reactive.DispatcherHandler' (OnClassCondition)

   HypermediaAutoConfiguration:
      Did not match:
         - @ConditionalOnClass did not find required class 'org.springframework.hateoas.EntityModel' (OnClassCondition)

   InfinispanCacheConfiguration:
      Did not match:
         - @ConditionalOnClass did not find required class 'org.infinispan.spring.embedded.provider.SpringEmbeddedCacheManager' (OnClassCondition)

   InfluxDbAutoConfiguration:
      Did not match:
         - @ConditionalOnClass did not find required class 'org.influxdb.InfluxDB' (OnClassCondition)

   IntegrationAutoConfiguration:
      Did not match:
         - @ConditionalOnClass did not find required class 'org.springframework.integration.config.EnableIntegration' (OnClassCondition)

   JCacheCacheConfiguration:
      Did not match:
         - @ConditionalOnClass did not find required class 'javax.cache.Caching' (OnClassCondition)

   JacksonHttpMessageConvertersConfiguration.MappingJackson2XmlHttpMessageConverterConfiguration:
      Did not match:
         - @ConditionalOnClass did not find required class 'com.fasterxml.jackson.dataformat.xml.XmlMapper' (OnClassCondition)

   JdbcRepositoriesAutoConfiguration:
      Did not match:
         - @ConditionalOnClass did not find required class 'org.springframework.data.jdbc.repository.config.AbstractJdbcConfiguration' (OnClassCondition)

   JerseyAutoConfiguration:
      Did not match:
         - @ConditionalOnClass did not find required class 'org.glassfish.jersey.server.spring.SpringComponentProvider' (OnClassCondition)

   JmsAutoConfiguration:
      Did not match:
         - @ConditionalOnClass did not find required class 'jakarta.jms.Message' (OnClassCondition)

   JndiConnectionFactoryAutoConfiguration:
      Did not match:
         - @ConditionalOnClass did not find required class 'org.springframework.jms.core.JmsTemplate' (OnClassCondition)

   JndiDataSourceAutoConfiguration:
      Did not match:
         - @ConditionalOnProperty (spring.datasource.jndi-name) did not find property 'jndi-name' (OnPropertyCondition)
      Matched:
         - @ConditionalOnClass found required classes 'javax.sql.DataSource', 'org.springframework.jdbc.datasource.embedded.EmbeddedDatabaseType' (OnClassCondition)

   JndiJtaConfiguration:
      Did not match:
         - @ConditionalOnJndi JNDI environment is not available (OnJndiCondition)
      Matched:
         - @ConditionalOnClass found required class 'org.springframework.transaction.jta.JtaTransactionManager' (OnClassCondition)

   JooqAutoConfiguration:
      Did not match:
         - @ConditionalOnClass did not find required class 'org.jooq.DSLContext' (OnClassCondition)

   JpaRepositoriesAutoConfiguration#entityManagerFactoryBootstrapExecutorCustomizer:
      Did not match:
         - AnyNestedCondition 0 matched 2 did not; NestedCondition on JpaRepositoriesAutoConfiguration.BootstrapExecutorCondition.LazyBootstrapMode @ConditionalOnProperty (spring.data.jpa.repositories.bootstrap-mode=lazy) did not find property 'bootstrap-mode'; NestedCondition on JpaRepositoriesAutoConfiguration.BootstrapExecutorCondition.DeferredBootstrapMode @ConditionalOnProperty (spring.data.jpa.repositories.bootstrap-mode=deferred) did not find property 'bootstrap-mode' (JpaRepositoriesAutoConfiguration.BootstrapExecutorCondition)

   JsonbAutoConfiguration:
      Did not match:
         - @ConditionalOnClass did not find required class 'jakarta.json.bind.Jsonb' (OnClassCondition)

   JsonbHttpMessageConvertersConfiguration:
      Did not match:
         - @ConditionalOnClass did not find required class 'jakarta.json.bind.Jsonb' (OnClassCondition)

   KafkaAutoConfiguration:
      Did not match:
         - @ConditionalOnClass did not find required class 'org.springframework.kafka.core.KafkaTemplate' (OnClassCondition)

   LdapAutoConfiguration:
      Did not match:
         - @ConditionalOnClass did not find required class 'org.springframework.ldap.core.ContextSource' (OnClassCondition)

   LdapRepositoriesAutoConfiguration:
      Did not match:
         - @ConditionalOnClass did not find required class 'org.springframework.data.ldap.repository.LdapRepository' (OnClassCondition)

   LiquibaseAutoConfiguration:
      Did not match:
         - @ConditionalOnClass did not find required class 'liquibase.change.DatabaseChange' (OnClassCondition)

   MailSenderAutoConfiguration:
      Did not match:
         - @ConditionalOnClass did not find required class 'jakarta.mail.internet.MimeMessage' (OnClassCondition)

   MailSenderValidatorAutoConfiguration:
      Did not match:
         - @ConditionalOnSingleCandidate did not find required type 'org.springframework.mail.javamail.JavaMailSenderImpl' (OnBeanCondition)

   MessageSourceAutoConfiguration:
      Did not match:
         - ResourceBundle did not find bundle with basename messages (MessageSourceAutoConfiguration.ResourceBundleCondition)

   MongoAutoConfiguration:
      Did not match:
         - @ConditionalOnClass did not find required class 'com.mongodb.client.MongoClient' (OnClassCondition)

   MongoDataAutoConfiguration:
      Did not match:
         - @ConditionalOnClass did not find required class 'com.mongodb.client.MongoClient' (OnClassCondition)

   MongoReactiveAutoConfiguration:
      Did not match:
         - @ConditionalOnClass did not find required class 'com.mongodb.reactivestreams.client.MongoClient' (OnClassCondition)

   MongoReactiveDataAutoConfiguration:
      Did not match:
         - @ConditionalOnClass did not find required class 'com.mongodb.reactivestreams.client.MongoClient' (OnClassCondition)

   MongoReactiveRepositoriesAutoConfiguration:
      Did not match:
         - @ConditionalOnClass did not find required class 'com.mongodb.reactivestreams.client.MongoClient' (OnClassCondition)

   MongoRepositoriesAutoConfiguration:
      Did not match:
         - @ConditionalOnClass did not find required class 'com.mongodb.client.MongoClient' (OnClassCondition)

   MustacheAutoConfiguration:
      Did not match:
         - @ConditionalOnClass did not find required class 'com.samskivert.mustache.Mustache' (OnClassCondition)

   Neo4jAutoConfiguration:
      Did not match:
         - @ConditionalOnClass did not find required class 'org.neo4j.driver.Driver' (OnClassCondition)

   Neo4jDataAutoConfiguration:
      Did not match:
         - @ConditionalOnClass did not find required class 'org.neo4j.driver.Driver' (OnClassCondition)

   Neo4jReactiveDataAutoConfiguration:
      Did not match:
         - @ConditionalOnClass did not find required class 'org.neo4j.driver.Driver' (OnClassCondition)

   Neo4jReactiveRepositoriesAutoConfiguration:
      Did not match:
         - @ConditionalOnClass did not find required class 'org.neo4j.driver.Driver' (OnClassCondition)

   Neo4jRepositoriesAutoConfiguration:
      Did not match:
         - @ConditionalOnClass did not find required class 'org.neo4j.driver.Driver' (OnClassCondition)

   NettyAutoConfiguration:
      Did not match:
         - @ConditionalOnClass did not find required class 'io.netty.util.NettyRuntime' (OnClassCondition)

   OAuth2AuthorizationServerAutoConfiguration:
      Did not match:
         - @ConditionalOnClass did not find required class 'org.springframework.security.oauth2.server.authorization.OAuth2Authorization' (OnClassCondition)

   OAuth2AuthorizationServerJwtAutoConfiguration:
      Did not match:
         - @ConditionalOnClass did not find required class 'org.springframework.security.oauth2.server.authorization.OAuth2Authorization' (OnClassCondition)

   OAuth2ClientAutoConfiguration:
      Did not match:
         - @ConditionalOnClass did not find required class 'org.springframework.security.oauth2.client.registration.ClientRegistration' (OnClassCondition)

   OAuth2ResourceServerAutoConfiguration:
      Did not match:
         - @ConditionalOnClass did not find required class 'org.springframework.security.oauth2.server.resource.authentication.BearerTokenAuthenticationToken' (OnClassCondition)

   ProjectInfoAutoConfiguration#buildProperties:
      Did not match:
         - @ConditionalOnResource did not find resource '${spring.info.build.location:classpath:META-INF/build-info.properties}' (OnResourceCondition)

   ProjectInfoAutoConfiguration#gitProperties:
      Did not match:
         - GitResource did not find git info at classpath:git.properties (ProjectInfoAutoConfiguration.GitResourceAvailableCondition)

   PulsarAutoConfiguration:
      Did not match:
         - @ConditionalOnClass did not find required class 'org.apache.pulsar.client.api.PulsarClient' (OnClassCondition)

   PulsarReactiveAutoConfiguration:
      Did not match:
         - @ConditionalOnClass did not find required class 'org.apache.pulsar.client.api.PulsarClient' (OnClassCondition)

   QuartzAutoConfiguration:
      Did not match:
         - @ConditionalOnClass did not find required class 'org.quartz.Scheduler' (OnClassCondition)

   R2dbcAutoConfiguration:
      Did not match:
         - @ConditionalOnClass did not find required class 'io.r2dbc.spi.ConnectionFactory' (OnClassCondition)

   R2dbcDataAutoConfiguration:
      Did not match:
         - @ConditionalOnClass did not find required class 'org.springframework.data.r2dbc.core.R2dbcEntityTemplate' (OnClassCondition)

   R2dbcInitializationConfiguration:
      Did not match:
         - @ConditionalOnClass did not find required classes 'io.r2dbc.spi.ConnectionFactory', 'org.springframework.r2dbc.connection.init.DatabasePopulator' (OnClassCondition)

   R2dbcRepositoriesAutoConfiguration:
      Did not match:
         - @ConditionalOnClass did not find required class 'io.r2dbc.spi.ConnectionFactory' (OnClassCondition)

   R2dbcTransactionManagerAutoConfiguration:
      Did not match:
         - @ConditionalOnClass did not find required class 'org.springframework.r2dbc.connection.R2dbcTransactionManager' (OnClassCondition)

   RSocketGraphQlClientAutoConfiguration:
      Did not match:
         - @ConditionalOnClass did not find required class 'graphql.GraphQL' (OnClassCondition)

   RSocketMessagingAutoConfiguration:
      Did not match:
         - @ConditionalOnClass did not find required class 'io.rsocket.RSocket' (OnClassCondition)

   RSocketRequesterAutoConfiguration:
      Did not match:
         - @ConditionalOnClass did not find required class 'io.rsocket.RSocket' (OnClassCondition)

   RSocketSecurityAutoConfiguration:
      Did not match:
         - @ConditionalOnClass did not find required class 'org.springframework.security.rsocket.core.SecuritySocketAcceptorInterceptor' (OnClassCondition)

   RSocketServerAutoConfiguration:
      Did not match:
         - @ConditionalOnClass did not find required class 'io.rsocket.core.RSocketServer' (OnClassCondition)

   RSocketStrategiesAutoConfiguration:
      Did not match:
         - @ConditionalOnClass did not find required class 'io.netty.buffer.PooledByteBufAllocator' (OnClassCondition)

   RabbitAutoConfiguration:
      Did not match:
         - @ConditionalOnClass did not find required class 'com.rabbitmq.client.Channel' (OnClassCondition)

   ReactiveElasticsearchClientAutoConfiguration:
      Did not match:
         - @ConditionalOnClass did not find required class 'co.elastic.clients.transport.ElasticsearchTransport' (OnClassCondition)

   ReactiveElasticsearchRepositoriesAutoConfiguration:
      Did not match:
         - @ConditionalOnClass did not find required class 'org.springframework.data.elasticsearch.client.elc.ReactiveElasticsearchClient' (OnClassCondition)

   ReactiveMultipartAutoConfiguration:
      Did not match:
         - @ConditionalOnClass did not find required class 'org.springframework.web.reactive.config.WebFluxConfigurer' (OnClassCondition)

   ReactiveOAuth2ClientAutoConfiguration:
      Did not match:
         - @ConditionalOnClass did not find required class 'reactor.core.publisher.Flux' (OnClassCondition)

   ReactiveOAuth2ResourceServerAutoConfiguration:
      Did not match:
         - @ConditionalOnWebApplication did not find reactive web application classes (OnWebApplicationCondition)

   ReactiveSecurityAutoConfiguration:
      Did not match:
         - @ConditionalOnClass did not find required class 'reactor.core.publisher.Flux' (OnClassCondition)

   ReactiveUserDetailsServiceAutoConfiguration:
      Did not match:
         - AnyNestedCondition 0 matched 2 did not; NestedCondition on ReactiveUserDetailsServiceAutoConfiguration.RSocketEnabledOrReactiveWebApplication.ReactiveWebApplicationCondition did not find reactive web application classes; NestedCondition on ReactiveUserDetailsServiceAutoConfiguration.RSocketEnabledOrReactiveWebApplication.RSocketSecurityEnabledCondition @ConditionalOnBean (types: org.springframework.messaging.rsocket.annotation.support.RSocketMessageHandler; SearchStrategy: all) did not find any beans of type org.springframework.messaging.rsocket.annotation.support.RSocketMessageHandler (ReactiveUserDetailsServiceAutoConfiguration.RSocketEnabledOrReactiveWebApplication)
      Matched:
         - @ConditionalOnClass found required class 'org.springframework.security.authentication.ReactiveAuthenticationManager' (OnClassCondition)
         - AnyNestedCondition 1 matched 2 did not; NestedCondition on ReactiveUserDetailsServiceAutoConfiguration.MissingAlternativeOrUserPropertiesConfigured.PasswordConfigured @ConditionalOnProperty (spring.security.user.password) did not find property 'password'; NestedCondition on ReactiveUserDetailsServiceAutoConfiguration.MissingAlternativeOrUserPropertiesConfigured.NameConfigured @ConditionalOnProperty (spring.security.user.name) did not find property 'name'; NestedCondition on ReactiveUserDetailsServiceAutoConfiguration.MissingAlternativeOrUserPropertiesConfigured.MissingAlternative @ConditionalOnMissingClass did not find unwanted classes 'org.springframework.security.oauth2.client.registration.ClientRegistrationRepository', 'org.springframework.security.oauth2.server.resource.introspection.ReactiveOpaqueTokenIntrospector' (ReactiveUserDetailsServiceAutoConfiguration.MissingAlternativeOrUserPropertiesConfigured)

   ReactiveWebServerFactoryAutoConfiguration:
      Did not match:
         - @ConditionalOnWebApplication did not find reactive web application classes (OnWebApplicationCondition)

   ReactorAutoConfiguration:
      Did not match:
         - @ConditionalOnClass did not find required class 'reactor.core.publisher.Hooks' (OnClassCondition)

   RedisAutoConfiguration:
      Did not match:
         - @ConditionalOnClass did not find required class 'org.springframework.data.redis.core.RedisOperations' (OnClassCondition)

   RedisCacheConfiguration:
      Did not match:
         - @ConditionalOnClass did not find required class 'org.springframework.data.redis.connection.RedisConnectionFactory' (OnClassCondition)

   RedisReactiveAutoConfiguration:
      Did not match:
         - @ConditionalOnClass did not find required class 'reactor.core.publisher.Flux' (OnClassCondition)

   RedisRepositoriesAutoConfiguration:
      Did not match:
         - @ConditionalOnClass did not find required class 'org.springframework.data.redis.repository.configuration.EnableRedisRepositories' (OnClassCondition)

   RepositoryRestMvcAutoConfiguration:
      Did not match:
         - @ConditionalOnClass did not find required class 'org.springframework.data.rest.webmvc.config.RepositoryRestMvcConfiguration' (OnClassCondition)

   Saml2RelyingPartyAutoConfiguration:
      Did not match:
         - @ConditionalOnClass did not find required class 'org.springframework.security.saml2.provider.service.registration.RelyingPartyRegistrationRepository' (OnClassCondition)

   SecurityDataConfiguration:
      Did not match:
         - @ConditionalOnClass did not find required class 'org.springframework.security.data.repository.query.SecurityEvaluationContextExtension' (OnClassCondition)

   SendGridAutoConfiguration:
      Did not match:
         - @ConditionalOnClass did not find required class 'com.sendgrid.SendGrid' (OnClassCondition)

   ServletWebServerFactoryAutoConfiguration.ForwardedHeaderFilterConfiguration:
      Did not match:
         - @ConditionalOnProperty (server.forward-headers-strategy=framework) did not find property 'server.forward-headers-strategy' (OnPropertyCondition)

   ServletWebServerFactoryConfiguration.EmbeddedJetty:
      Did not match:
         - @ConditionalOnClass did not find required classes 'org.eclipse.jetty.server.Server', 'org.eclipse.jetty.util.Loader', 'org.eclipse.jetty.ee10.webapp.WebAppContext' (OnClassCondition)

   ServletWebServerFactoryConfiguration.EmbeddedUndertow:
      Did not match:
         - @ConditionalOnClass did not find required classes 'io.undertow.Undertow', 'org.xnio.SslClientAuthMode' (OnClassCondition)

   SessionAutoConfiguration:
      Did not match:
         - @ConditionalOnClass did not find required class 'org.springframework.session.Session' (OnClassCondition)

   SpringBootWebSecurityConfiguration.SecurityFilterChainConfiguration:
      Did not match:
         - AllNestedConditions 1 matched 1 did not; NestedCondition on DefaultWebSecurityCondition.Beans @ConditionalOnMissingBean (types: org.springframework.security.web.SecurityFilterChain; SearchStrategy: all) found beans of type 'org.springframework.security.web.SecurityFilterChain' securityFilterChain; NestedCondition on DefaultWebSecurityCondition.Classes @ConditionalOnClass found required classes 'org.springframework.security.web.SecurityFilterChain', 'org.springframework.security.config.annotation.web.builders.HttpSecurity' (DefaultWebSecurityCondition)

   TaskExecutorConfigurations.SimpleAsyncTaskExecutorBuilderConfiguration#simpleAsyncTaskExecutorBuilderVirtualThreads:
      Did not match:
         - @ConditionalOnMissingBean (types: org.springframework.boot.task.SimpleAsyncTaskExecutorBuilder; SearchStrategy: all) found beans of type 'org.springframework.boot.task.SimpleAsyncTaskExecutorBuilder' simpleAsyncTaskExecutorBuilder (OnBeanCondition)

   TaskExecutorConfigurations.TaskExecutorConfiguration#applicationTaskExecutorVirtualThreads:
      Did not match:
         - @ConditionalOnThreading did not find VIRTUAL (OnThreadingCondition)

   TaskSchedulingAutoConfiguration#scheduledBeanLazyInitializationExcludeFilter:
      Did not match:
         - @ConditionalOnBean (names: org.springframework.context.annotation.internalScheduledAnnotationProcessor; SearchStrategy: all) did not find any beans named org.springframework.context.annotation.internalScheduledAnnotationProcessor (OnBeanCondition)

   TaskSchedulingConfigurations.SimpleAsyncTaskSchedulerBuilderConfiguration#simpleAsyncTaskSchedulerBuilderVirtualThreads:
      Did not match:
         - @ConditionalOnMissingBean (types: org.springframework.boot.task.SimpleAsyncTaskSchedulerBuilder; SearchStrategy: all) found beans of type 'org.springframework.boot.task.SimpleAsyncTaskSchedulerBuilder' simpleAsyncTaskSchedulerBuilder (OnBeanCondition)

   TaskSchedulingConfigurations.TaskSchedulerConfiguration:
      Did not match:
         - @ConditionalOnBean (names: org.springframework.context.annotation.internalScheduledAnnotationProcessor; SearchStrategy: all) did not find any beans named org.springframework.context.annotation.internalScheduledAnnotationProcessor (OnBeanCondition)

   ThymeleafAutoConfiguration:
      Did not match:
         - @ConditionalOnClass did not find required class 'org.thymeleaf.spring6.SpringTemplateEngine' (OnClassCondition)

   TransactionAutoConfiguration#transactionalOperator:
      Did not match:
         - @ConditionalOnSingleCandidate (types: org.springframework.transaction.ReactiveTransactionManager; SearchStrategy: all) did not find any beans (OnBeanCondition)

   TransactionAutoConfiguration.AspectJTransactionManagementConfiguration:
      Did not match:
         - @ConditionalOnBean (types: org.springframework.transaction.aspectj.AbstractTransactionAspect; SearchStrategy: all) did not find any beans of type org.springframework.transaction.aspectj.AbstractTransactionAspect (OnBeanCondition)

   TransactionAutoConfiguration.EnableTransactionManagementConfiguration.JdkDynamicAutoProxyConfiguration:
      Did not match:
         - @ConditionalOnProperty (spring.aop.proxy-target-class=false) did not find property 'proxy-target-class' (OnPropertyCondition)

   UserDetailsServiceAutoConfiguration:
      Did not match:
         - @ConditionalOnMissingBean (types: org.springframework.security.authentication.AuthenticationManager,org.springframework.security.authentication.AuthenticationProvider,org.springframework.security.core.userdetails.UserDetailsService,org.springframework.security.authentication.AuthenticationManagerResolver,org.springframework.security.oauth2.jwt.JwtDecoder; SearchStrategy: all) found beans of type 'org.springframework.security.authentication.AuthenticationManager' authenticationManager and found beans of type 'org.springframework.security.core.userdetails.UserDetailsService' customUserDetailsService (OnBeanCondition)
      Matched:
         - @ConditionalOnClass found required class 'org.springframework.security.authentication.AuthenticationManager' (OnClassCondition)
         - AnyNestedCondition 1 matched 2 did not; NestedCondition on UserDetailsServiceAutoConfiguration.MissingAlternativeOrUserPropertiesConfigured.PasswordConfigured @ConditionalOnProperty (spring.security.user.password) did not find property 'password'; NestedCondition on UserDetailsServiceAutoConfiguration.MissingAlternativeOrUserPropertiesConfigured.NameConfigured @ConditionalOnProperty (spring.security.user.name) did not find property 'name'; NestedCondition on UserDetailsServiceAutoConfiguration.MissingAlternativeOrUserPropertiesConfigured.MissingAlternative @ConditionalOnMissingClass did not find unwanted classes 'org.springframework.security.oauth2.client.registration.ClientRegistrationRepository', 'org.springframework.security.oauth2.server.resource.introspection.OpaqueTokenIntrospector', 'org.springframework.security.saml2.provider.service.registration.RelyingPartyRegistrationRepository' (UserDetailsServiceAutoConfiguration.MissingAlternativeOrUserPropertiesConfigured)

   WebClientAutoConfiguration:
      Did not match:
         - @ConditionalOnClass did not find required class 'org.springframework.web.reactive.function.client.WebClient' (OnClassCondition)

   WebFluxAutoConfiguration:
      Did not match:
         - @ConditionalOnClass did not find required class 'org.springframework.web.reactive.config.WebFluxConfigurer' (OnClassCondition)

   WebMvcAutoConfiguration#hiddenHttpMethodFilter:
      Did not match:
         - @ConditionalOnProperty (spring.mvc.hiddenmethod.filter.enabled) did not find property 'enabled' (OnPropertyCondition)

   WebMvcAutoConfiguration.ProblemDetailsErrorHandlingConfiguration:
      Did not match:
         - @ConditionalOnProperty (spring.mvc.problemdetails.enabled=true) did not find property 'enabled' (OnPropertyCondition)

   WebMvcAutoConfiguration.ResourceChainCustomizerConfiguration:
      Did not match:
         - @ConditionalOnEnabledResourceChain did not find class org.webjars.WebJarAssetLocator (OnEnabledResourceChainCondition)

   WebMvcAutoConfiguration.WebMvcAutoConfigurationAdapter#beanNameViewResolver:
      Did not match:
         - @ConditionalOnMissingBean (types: org.springframework.web.servlet.view.BeanNameViewResolver; SearchStrategy: all) found beans of type 'org.springframework.web.servlet.view.BeanNameViewResolver' beanNameViewResolver (OnBeanCondition)

   WebServiceTemplateAutoConfiguration:
      Did not match:
         - @ConditionalOnClass did not find required class 'org.springframework.oxm.Marshaller' (OnClassCondition)

   WebServicesAutoConfiguration:
      Did not match:
         - @ConditionalOnClass did not find required class 'org.springframework.ws.transport.http.MessageDispatcherServlet' (OnClassCondition)

   WebSessionIdResolverAutoConfiguration:
      Did not match:
         - @ConditionalOnClass did not find required class 'reactor.core.publisher.Mono' (OnClassCondition)

   WebSocketMessagingAutoConfiguration:
      Did not match:
         - @ConditionalOnClass did not find required class 'org.springframework.web.socket.config.annotation.WebSocketMessageBrokerConfigurer' (OnClassCondition)

   WebSocketReactiveAutoConfiguration:
      Did not match:
         - @ConditionalOnWebApplication did not find reactive web application classes (OnWebApplicationCondition)

   WebSocketServletAutoConfiguration.JettyWebSocketConfiguration:
      Did not match:
         - @ConditionalOnClass did not find required class 'org.eclipse.jetty.ee10.websocket.jakarta.server.config.JakartaWebSocketServletContainerInitializer' (OnClassCondition)

   WebSocketServletAutoConfiguration.UndertowWebSocketConfiguration:
      Did not match:
         - @ConditionalOnClass did not find required class 'io.undertow.websockets.jsr.Bootstrap' (OnClassCondition)

   XADataSourceAutoConfiguration:
      Did not match:
         - @ConditionalOnBean (types: org.springframework.boot.jdbc.XADataSourceWrapper; SearchStrategy: all) did not find any beans of type org.springframework.boot.jdbc.XADataSourceWrapper (OnBeanCondition)
      Matched:
         - @ConditionalOnClass found required classes 'javax.sql.DataSource', 'jakarta.transaction.TransactionManager', 'org.springframework.jdbc.datasource.embedded.EmbeddedDatabaseType' (OnClassCondition)


Exclusions:
-----------

    None


Unconditional classes:
----------------------

    org.springframework.boot.autoconfigure.context.ConfigurationPropertiesAutoConfiguration

    org.springframework.boot.autoconfigure.ssl.SslAutoConfiguration

    org.springframework.boot.autoconfigure.context.LifecycleAutoConfiguration

    org.springframework.boot.autoconfigure.context.PropertyPlaceholderAutoConfiguration

    org.springframework.boot.autoconfigure.availability.ApplicationAvailabilityAutoConfiguration

    org.springframework.boot.autoconfigure.info.ProjectInfoAutoConfiguration



2026-02-18T03:22:56.025+02:00  INFO 3928 --- [medical-crm] [main] c.m.backend.MedicalCrmApplication        : Started MedicalCrmApplication in 7.771 seconds (process running for 8.639)
2026-02-18T03:22:56.026+02:00 DEBUG 3928 --- [medical-crm] [main] o.s.b.a.ApplicationAvailabilityBean      : Application availability state LivenessState changed to CORRECT
2026-02-18T03:22:56.028+02:00 DEBUG 3928 --- [medical-crm] [main] o.s.b.a.ApplicationAvailabilityBean      : Application availability state ReadinessState changed to ACCEPTING_TRAFFIC
2026-02-18T03:24:38.458+02:00 DEBUG 3928 --- [medical-crm] [SpringApplicationShutdownHook] o.s.b.a.ApplicationAvailabilityBean      : Application availability state ReadinessState changed from ACCEPTING_TRAFFIC to REFUSING_TRAFFIC
2026-02-18T03:24:38.459+02:00 DEBUG 3928 --- [medical-crm] [SpringApplicationShutdownHook] ConfigServletWebServerApplicationContext : Closing org.springframework.boot.web.servlet.context.AnnotationConfigServletWebServerApplicationContext@e54303, started on Wed Feb 18 03:22:49 EET 2026
2026-02-18T03:24:38.461+02:00 DEBUG 3928 --- [medical-crm] [SpringApplicationShutdownHook] o.s.c.support.DefaultLifecycleProcessor  : Stopping beans in phase 2147483647
2026-02-18T03:24:38.461+02:00 DEBUG 3928 --- [medical-crm] [SpringApplicationShutdownHook] o.s.c.support.DefaultLifecycleProcessor  : Bean 'applicationTaskExecutor' completed its stop procedure
2026-02-18T03:24:38.461+02:00 DEBUG 3928 --- [medical-crm] [SpringApplicationShutdownHook] o.s.c.support.DefaultLifecycleProcessor  : Stopping beans in phase 2147482623
2026-02-18T03:24:38.462+02:00 DEBUG 3928 --- [medical-crm] [SpringApplicationShutdownHook] o.s.c.support.DefaultLifecycleProcessor  : Bean 'webServerGracefulShutdown' completed its stop procedure
2026-02-18T03:24:38.462+02:00 DEBUG 3928 --- [medical-crm] [SpringApplicationShutdownHook] o.s.c.support.DefaultLifecycleProcessor  : Stopping beans in phase 2147481599
2026-02-18T03:24:38.478+02:00 DEBUG 3928 --- [medical-crm] [SpringApplicationShutdownHook] o.s.c.support.DefaultLifecycleProcessor  : Bean 'webServerStartStop' completed its stop procedure
2026-02-18T03:24:38.478+02:00 DEBUG 3928 --- [medical-crm] [SpringApplicationShutdownHook] o.s.c.support.DefaultLifecycleProcessor  : Stopping beans in phase -2147483647
2026-02-18T03:24:38.478+02:00 DEBUG 3928 --- [medical-crm] [SpringApplicationShutdownHook] o.s.c.support.DefaultLifecycleProcessor  : Bean 'springBootLoggingLifecycle' completed its stop procedure
2026-02-18T03:24:38.479+02:00 DEBUG 3928 --- [medical-crm] [SpringApplicationShutdownHook] o.s.j.e.a.AnnotationMBeanExporter        : Unregistering JMX-exposed beans on shutdown
2026-02-18T03:24:38.480+02:00 DEBUG 3928 --- [medical-crm] [SpringApplicationShutdownHook] o.s.j.e.a.AnnotationMBeanExporter        : Unregistering JMX-exposed beans
2026-02-18T03:24:38.480+02:00 DEBUG 3928 --- [medical-crm] [SpringApplicationShutdownHook] o.s.s.concurrent.ThreadPoolTaskExecutor  : Shutting down ExecutorService 'applicationTaskExecutor'
2026-02-18T03:24:38.481+02:00  INFO 3928 --- [medical-crm] [SpringApplicationShutdownHook] j.LocalContainerEntityManagerFactoryBean : Closing JPA EntityManagerFactory for persistence unit 'default'
2026-02-18T03:24:38.483+02:00  INFO 3928 --- [medical-crm] [SpringApplicationShutdownHook] com.zaxxer.hikari.HikariDataSource       : HikariPool-1 - Shutdown initiated...
2026-02-18T03:24:38.487+02:00  INFO 3928 --- [medical-crm] [SpringApplicationShutdownHook] com.zaxxer.hikari.HikariDataSource       : HikariPool-1 - Shutdown completed.
2026-02-18T03:25:05.289+02:00  INFO 704 --- [medical-crm] [main] c.m.backend.MedicalCrmApplication        : Starting MedicalCrmApplication using Java 17.0.6 with PID 704 (D:\P&I\backend\target\classes started by steli in D:\P&I\backend)
2026-02-18T03:25:05.292+02:00 DEBUG 704 --- [medical-crm] [main] c.m.backend.MedicalCrmApplication        : Running with Spring Boot v3.2.5, Spring v6.1.6
2026-02-18T03:25:05.293+02:00  INFO 704 --- [medical-crm] [main] c.m.backend.MedicalCrmApplication        : No active profile set, falling back to 1 default profile: "default"
2026-02-18T03:25:05.294+02:00 DEBUG 704 --- [medical-crm] [main] o.s.boot.SpringApplication               : Loading source class com.medicalcrm.backend.MedicalCrmApplication
2026-02-18T03:25:05.360+02:00 DEBUG 704 --- [medical-crm] [main] ConfigServletWebServerApplicationContext : Refreshing org.springframework.boot.web.servlet.context.AnnotationConfigServletWebServerApplicationContext@2dc995f4
2026-02-18T03:25:05.397+02:00 DEBUG 704 --- [medical-crm] [main] o.s.b.f.s.DefaultListableBeanFactory     : Creating shared instance of singleton bean 'org.springframework.context.annotation.internalConfigurationAnnotationProcessor'
2026-02-18T03:25:05.420+02:00 DEBUG 704 --- [medical-crm] [main] o.s.b.f.s.DefaultListableBeanFactory     : Creating shared instance of singleton bean 'org.springframework.boot.autoconfigure.internalCachingMetadataReaderFactory'
2026-02-18T03:25:05.506+02:00 DEBUG 704 --- [medical-crm] [main] o.s.c.a.ClassPathBeanDefinitionScanner   : Identified candidate component class: file [D:\P&I\backend\target\classes\com\medicalcrm\backend\config\SecurityConfig.class]
2026-02-18T03:25:05.507+02:00 DEBUG 704 --- [medical-crm] [main] o.s.c.a.ClassPathBeanDefinitionScanner   : Identified candidate component class: file [D:\P&I\backend\target\classes\com\medicalcrm\backend\config\SwaggerConfig.class]
2026-02-18T03:25:05.531+02:00 DEBUG 704 --- [medical-crm] [main] o.s.c.a.ClassPathBeanDefinitionScanner   : Identified candidate component class: file [D:\P&I\backend\target\classes\com\medicalcrm\backend\controller\AppointmentController.class]
2026-02-18T03:25:05.532+02:00 DEBUG 704 --- [medical-crm] [main] o.s.c.a.ClassPathBeanDefinitionScanner   : Identified candidate component class: file [D:\P&I\backend\target\classes\com\medicalcrm\backend\controller\AuthController.class]
2026-02-18T03:25:05.534+02:00 DEBUG 704 --- [medical-crm] [main] o.s.c.a.ClassPathBeanDefinitionScanner   : Identified candidate component class: file [D:\P&I\backend\target\classes\com\medicalcrm\backend\controller\DoctorController.class]
2026-02-18T03:25:05.536+02:00 DEBUG 704 --- [medical-crm] [main] o.s.c.a.ClassPathBeanDefinitionScanner   : Identified candidate component class: file [D:\P&I\backend\target\classes\com\medicalcrm\backend\controller\MedicalServiceController.class]
2026-02-18T03:25:05.537+02:00 DEBUG 704 --- [medical-crm] [main] o.s.c.a.ClassPathBeanDefinitionScanner   : Identified candidate component class: file [D:\P&I\backend\target\classes\com\medicalcrm\backend\controller\PatientController.class]
2026-02-18T03:25:05.540+02:00 DEBUG 704 --- [medical-crm] [main] o.s.c.a.ClassPathBeanDefinitionScanner   : Identified candidate component class: file [D:\P&I\backend\target\classes\com\medicalcrm\backend\controller\PaymentController.class]
2026-02-18T03:25:05.542+02:00 DEBUG 704 --- [medical-crm] [main] o.s.c.a.ClassPathBeanDefinitionScanner   : Identified candidate component class: file [D:\P&I\backend\target\classes\com\medicalcrm\backend\controller\UserController.class]
2026-02-18T03:25:05.568+02:00 DEBUG 704 --- [medical-crm] [main] o.s.c.a.ClassPathBeanDefinitionScanner   : Identified candidate component class: file [D:\P&I\backend\target\classes\com\medicalcrm\backend\exception\GlobalExceptionHandler.class]
2026-02-18T03:25:05.602+02:00 DEBUG 704 --- [medical-crm] [main] o.s.c.a.ClassPathBeanDefinitionScanner   : Identified candidate component class: file [D:\P&I\backend\target\classes\com\medicalcrm\backend\security\CustomUserDetailsService.class]
2026-02-18T03:25:05.605+02:00 DEBUG 704 --- [medical-crm] [main] o.s.c.a.ClassPathBeanDefinitionScanner   : Identified candidate component class: file [D:\P&I\backend\target\classes\com\medicalcrm\backend\security\JwtAuthenticationFilter.class]
2026-02-18T03:25:05.606+02:00 DEBUG 704 --- [medical-crm] [main] o.s.c.a.ClassPathBeanDefinitionScanner   : Identified candidate component class: file [D:\P&I\backend\target\classes\com\medicalcrm\backend\security\JwtService.class]
2026-02-18T03:25:05.610+02:00 DEBUG 704 --- [medical-crm] [main] o.s.c.a.ClassPathBeanDefinitionScanner   : Identified candidate component class: file [D:\P&I\backend\target\classes\com\medicalcrm\backend\service\impl\AppointmentServiceImpl.class]
2026-02-18T03:25:05.612+02:00 DEBUG 704 --- [medical-crm] [main] o.s.c.a.ClassPathBeanDefinitionScanner   : Identified candidate component class: file [D:\P&I\backend\target\classes\com\medicalcrm\backend\service\impl\DoctorServiceImpl.class]
2026-02-18T03:25:05.616+02:00 DEBUG 704 --- [medical-crm] [main] o.s.c.a.ClassPathBeanDefinitionScanner   : Identified candidate component class: file [D:\P&I\backend\target\classes\com\medicalcrm\backend\service\impl\MedicalServiceServiceImpl.class]
2026-02-18T03:25:05.619+02:00 DEBUG 704 --- [medical-crm] [main] o.s.c.a.ClassPathBeanDefinitionScanner   : Identified candidate component class: file [D:\P&I\backend\target\classes\com\medicalcrm\backend\service\impl\PatientServiceImpl.class]
2026-02-18T03:25:05.622+02:00 DEBUG 704 --- [medical-crm] [main] o.s.c.a.ClassPathBeanDefinitionScanner   : Identified candidate component class: file [D:\P&I\backend\target\classes\com\medicalcrm\backend\service\impl\PaymentServiceImpl.class]
2026-02-18T03:25:05.623+02:00 DEBUG 704 --- [medical-crm] [main] o.s.c.a.ClassPathBeanDefinitionScanner   : Identified candidate component class: file [D:\P&I\backend\target\classes\com\medicalcrm\backend\service\impl\UserServiceImpl.class]
2026-02-18T03:25:05.625+02:00 DEBUG 704 --- [medical-crm] [main] o.s.c.a.ClassPathBeanDefinitionScanner   : Identified candidate component class: file [D:\P&I\backend\target\classes\com\medicalcrm\backend\service\LogClass.class]
2026-02-18T03:25:06.511+02:00  INFO 704 --- [medical-crm] [main] .s.d.r.c.RepositoryConfigurationDelegate : Bootstrapping Spring Data JPA repositories in DEFAULT mode.
2026-02-18T03:25:06.518+02:00 DEBUG 704 --- [medical-crm] [main] o.s.b.f.s.DefaultListableBeanFactory     : Creating shared instance of singleton bean 'org.springframework.boot.autoconfigure.AutoConfigurationPackages'
2026-02-18T03:25:06.539+02:00 DEBUG 704 --- [medical-crm] [main] o.s.b.a.AutoConfigurationPackages        : @EnableAutoConfiguration was declared on a class in the package 'com.medicalcrm.backend'. Automatic @Repository and @Entity scanning is enabled.
2026-02-18T03:25:06.540+02:00 DEBUG 704 --- [medical-crm] [main] .s.d.r.c.RepositoryConfigurationDelegate : Scanning for JPA repositories in packages com.medicalcrm.backend.
2026-02-18T03:25:06.558+02:00 DEBUG 704 --- [medical-crm] [main] o.s.d.r.c.RepositoryComponentProvider    : Identified candidate component class: file [D:\P&I\backend\target\classes\com\medicalcrm\backend\repository\AppointmentRepository.class]
2026-02-18T03:25:06.558+02:00 DEBUG 704 --- [medical-crm] [main] o.s.d.r.c.RepositoryComponentProvider    : Identified candidate component class: file [D:\P&I\backend\target\classes\com\medicalcrm\backend\repository\DoctorRepository.class]
2026-02-18T03:25:06.558+02:00 DEBUG 704 --- [medical-crm] [main] o.s.d.r.c.RepositoryComponentProvider    : Identified candidate component class: file [D:\P&I\backend\target\classes\com\medicalcrm\backend\repository\MedicalServiceRepository.class]
2026-02-18T03:25:06.559+02:00 DEBUG 704 --- [medical-crm] [main] o.s.d.r.c.RepositoryComponentProvider    : Identified candidate component class: file [D:\P&I\backend\target\classes\com\medicalcrm\backend\repository\PatientRepository.class]
2026-02-18T03:25:06.559+02:00 DEBUG 704 --- [medical-crm] [main] o.s.d.r.c.RepositoryComponentProvider    : Identified candidate component class: file [D:\P&I\backend\target\classes\com\medicalcrm\backend\repository\PaymentRepository.class]
2026-02-18T03:25:06.559+02:00 DEBUG 704 --- [medical-crm] [main] o.s.d.r.c.RepositoryComponentProvider    : Identified candidate component class: file [D:\P&I\backend\target\classes\com\medicalcrm\backend\repository\UserRepository.class]
2026-02-18T03:25:06.615+02:00 DEBUG 704 --- [medical-crm] [main] ssPathScanningCandidateComponentProvider : Identified candidate component class: file [D:\P&I\backend\target\classes\com\medicalcrm\backend\service\impl\AppointmentServiceImpl.class]
2026-02-18T03:25:06.615+02:00 DEBUG 704 --- [medical-crm] [main] ssPathScanningCandidateComponentProvider : Identified candidate component class: file [D:\P&I\backend\target\classes\com\medicalcrm\backend\service\impl\DoctorServiceImpl.class]
2026-02-18T03:25:06.615+02:00 DEBUG 704 --- [medical-crm] [main] ssPathScanningCandidateComponentProvider : Identified candidate component class: file [D:\P&I\backend\target\classes\com\medicalcrm\backend\service\impl\MedicalServiceServiceImpl.class]
2026-02-18T03:25:06.615+02:00 DEBUG 704 --- [medical-crm] [main] ssPathScanningCandidateComponentProvider : Identified candidate component class: file [D:\P&I\backend\target\classes\com\medicalcrm\backend\service\impl\PatientServiceImpl.class]
2026-02-18T03:25:06.616+02:00 DEBUG 704 --- [medical-crm] [main] ssPathScanningCandidateComponentProvider : Identified candidate component class: file [D:\P&I\backend\target\classes\com\medicalcrm\backend\service\impl\PaymentServiceImpl.class]
2026-02-18T03:25:06.616+02:00 DEBUG 704 --- [medical-crm] [main] ssPathScanningCandidateComponentProvider : Identified candidate component class: file [D:\P&I\backend\target\classes\com\medicalcrm\backend\service\impl\UserServiceImpl.class]
2026-02-18T03:25:06.644+02:00  INFO 704 --- [medical-crm] [main] .s.d.r.c.RepositoryConfigurationDelegate : Finished Spring Data repository scanning in 101 ms. Found 6 JPA repository interfaces.
2026-02-18T03:25:06.811+02:00 DEBUG 704 --- [medical-crm] [main] o.s.b.f.s.DefaultListableBeanFactory     : Creating shared instance of singleton bean 'springSecurityHandlerMappingIntrospectorBeanDefinitionRegistryPostProcessor'
2026-02-18T03:25:06.943+02:00 DEBUG 704 --- [medical-crm] [main] o.s.b.f.s.DefaultListableBeanFactory     : Creating shared instance of singleton bean 'propertySourcesPlaceholderConfigurer'
2026-02-18T03:25:06.949+02:00 DEBUG 704 --- [medical-crm] [main] o.s.b.f.s.DefaultListableBeanFactory     : Creating shared instance of singleton bean 'emBeanDefinitionRegistrarPostProcessor'
2026-02-18T03:25:06.950+02:00 DEBUG 704 --- [medical-crm] [main] o.s.b.f.s.DefaultListableBeanFactory     : Creating shared instance of singleton bean 'org.springframework.boot.sql.init.dependency.DatabaseInitializationDependencyConfigurer$DependsOnDatabaseInitializationPostProcessor'
2026-02-18T03:25:07.020+02:00 DEBUG 704 --- [medical-crm] [main] o.s.b.f.s.DefaultListableBeanFactory     : Creating shared instance of singleton bean 'org.springframework.context.event.internalEventListenerProcessor'
2026-02-18T03:25:07.024+02:00 DEBUG 704 --- [medical-crm] [main] o.s.b.f.s.DefaultListableBeanFactory     : Creating shared instance of singleton bean 'preserveErrorControllerTargetClassPostProcessor'
2026-02-18T03:25:07.027+02:00 DEBUG 704 --- [medical-crm] [main] o.s.b.f.s.DefaultListableBeanFactory     : Creating shared instance of singleton bean 'conversionServicePostProcessor'
2026-02-18T03:25:07.083+02:00 DEBUG 704 --- [medical-crm] [main] o.s.b.f.s.DefaultListableBeanFactory     : Creating shared instance of singleton bean 'org.springframework.context.event.internalEventListenerFactory'
2026-02-18T03:25:07.084+02:00 DEBUG 704 --- [medical-crm] [main] o.s.b.f.s.DefaultListableBeanFactory     : Creating shared instance of singleton bean 'org.springframework.transaction.config.internalTransactionalEventListenerFactory'
2026-02-18T03:25:07.135+02:00 DEBUG 704 --- [medical-crm] [main] o.s.b.f.s.DefaultListableBeanFactory     : Creating shared instance of singleton bean 'org.springframework.context.annotation.internalAutowiredAnnotationProcessor'
2026-02-18T03:25:07.139+02:00 DEBUG 704 --- [medical-crm] [main] o.s.b.f.s.DefaultListableBeanFactory     : Creating shared instance of singleton bean 'org.springframework.context.annotation.internalCommonAnnotationProcessor'
2026-02-18T03:25:07.145+02:00 DEBUG 704 --- [medical-crm] [main] o.s.b.f.s.DefaultListableBeanFactory     : Creating shared instance of singleton bean 'org.springframework.context.annotation.internalPersistenceAnnotationProcessor'
2026-02-18T03:25:07.146+02:00 DEBUG 704 --- [medical-crm] [main] o.s.b.f.s.DefaultListableBeanFactory     : Creating shared instance of singleton bean 'org.springframework.boot.context.properties.ConfigurationPropertiesBindingPostProcessor'
2026-02-18T03:25:07.146+02:00 DEBUG 704 --- [medical-crm] [main] o.s.b.f.s.DefaultListableBeanFactory     : Creating shared instance of singleton bean 'org.springframework.boot.context.internalConfigurationPropertiesBinder'
2026-02-18T03:25:07.149+02:00 DEBUG 704 --- [medical-crm] [main] o.s.b.f.s.DefaultListableBeanFactory     : Creating shared instance of singleton bean 'jdbcConnectionDetailsHikariBeanPostProcessor'
2026-02-18T03:25:07.153+02:00 DEBUG 704 --- [medical-crm] [main] o.s.b.f.s.DefaultListableBeanFactory     : Creating shared instance of singleton bean 'org.springframework.aop.config.internalAutoProxyCreator'
2026-02-18T03:25:07.201+02:00 DEBUG 704 --- [medical-crm] [main] o.s.b.f.s.DefaultListableBeanFactory     : Creating shared instance of singleton bean 'methodValidationPostProcessor'
2026-02-18T03:25:07.249+02:00 DEBUG 704 --- [medical-crm] [main] o.s.b.f.s.DefaultListableBeanFactory     : Autowiring by type from bean name 'methodValidationPostProcessor' via factory method to bean named 'environment'
2026-02-18T03:25:07.296+02:00 DEBUG 704 --- [medical-crm] [main] o.s.b.f.s.DefaultListableBeanFactory     : Creating shared instance of singleton bean 'org.springframework.boot.context.properties.EnableConfigurationPropertiesRegistrar.methodValidationExcludeFilter'
2026-02-18T03:25:07.321+02:00 DEBUG 704 --- [medical-crm] [main] o.s.b.f.s.DefaultListableBeanFactory     : Creating shared instance of singleton bean 'persistenceExceptionTranslationPostProcessor'
2026-02-18T03:25:07.323+02:00 DEBUG 704 --- [medical-crm] [main] o.s.b.f.s.DefaultListableBeanFactory     : Autowiring by type from bean name 'persistenceExceptionTranslationPostProcessor' via factory method to bean named 'environment'
2026-02-18T03:25:07.327+02:00 DEBUG 704 --- [medical-crm] [main] o.s.b.f.s.DefaultListableBeanFactory     : Creating shared instance of singleton bean 'webServerFactoryCustomizerBeanPostProcessor'
2026-02-18T03:25:07.328+02:00 DEBUG 704 --- [medical-crm] [main] o.s.b.f.s.DefaultListableBeanFactory     : Creating shared instance of singleton bean 'errorPageRegistrarBeanPostProcessor'
2026-02-18T03:25:07.335+02:00 DEBUG 704 --- [medical-crm] [main] o.s.b.f.s.DefaultListableBeanFactory     : Creating shared instance of singleton bean 'projectingArgumentResolverBeanPostProcessor'
2026-02-18T03:25:07.338+02:00 DEBUG 704 --- [medical-crm] [main] o.s.b.f.s.DefaultListableBeanFactory     : Creating shared instance of singleton bean 'preFilterAuthorizationAdvisor'
2026-02-18T03:25:07.342+02:00 DEBUG 704 --- [medical-crm] [main] o.s.b.f.s.DefaultListableBeanFactory     : Autowiring by type from bean name 'preFilterAuthorizationAdvisor' via factory method to bean named 'org.springframework.boot.web.servlet.context.AnnotationConfigServletWebServerApplicationContext@2dc995f4'
2026-02-18T03:25:07.402+02:00 DEBUG 704 --- [medical-crm] [main] o.s.b.f.s.DefaultListableBeanFactory     : Creating shared instance of singleton bean 'preAuthorizeAuthorizationAdvisor'
2026-02-18T03:25:07.406+02:00 DEBUG 704 --- [medical-crm] [main] o.s.b.f.s.DefaultListableBeanFactory     : Autowiring by type from bean name 'preAuthorizeAuthorizationAdvisor' via factory method to bean named 'org.springframework.boot.web.servlet.context.AnnotationConfigServletWebServerApplicationContext@2dc995f4'
2026-02-18T03:25:07.420+02:00 DEBUG 704 --- [medical-crm] [main] o.s.b.f.s.DefaultListableBeanFactory     : Creating shared instance of singleton bean 'postFilterAuthorizationAdvisor'
2026-02-18T03:25:07.423+02:00 DEBUG 704 --- [medical-crm] [main] o.s.b.f.s.DefaultListableBeanFactory     : Autowiring by type from bean name 'postFilterAuthorizationAdvisor' via factory method to bean named 'org.springframework.boot.web.servlet.context.AnnotationConfigServletWebServerApplicationContext@2dc995f4'
2026-02-18T03:25:07.429+02:00 DEBUG 704 --- [medical-crm] [main] o.s.b.f.s.DefaultListableBeanFactory     : Creating shared instance of singleton bean 'postAuthorizeAuthorizationAdvisor'
2026-02-18T03:25:07.430+02:00 DEBUG 704 --- [medical-crm] [main] o.s.b.f.s.DefaultListableBeanFactory     : Autowiring by type from bean name 'postAuthorizeAuthorizationAdvisor' via factory method to bean named 'org.springframework.boot.web.servlet.context.AnnotationConfigServletWebServerApplicationContext@2dc995f4'
2026-02-18T03:25:07.436+02:00 DEBUG 704 --- [medical-crm] [main] o.s.b.f.s.DefaultListableBeanFactory     : Creating shared instance of singleton bean 'org.springframework.transaction.config.internalTransactionAdvisor'
2026-02-18T03:25:07.437+02:00 DEBUG 704 --- [medical-crm] [main] o.s.b.f.s.DefaultListableBeanFactory     : Creating shared instance of singleton bean 'org.springframework.transaction.annotation.ProxyTransactionManagementConfiguration'
2026-02-18T03:25:07.455+02:00 DEBUG 704 --- [medical-crm] [main] o.s.b.f.s.DefaultListableBeanFactory     : Creating shared instance of singleton bean 'transactionAttributeSource'
2026-02-18T03:25:07.464+02:00 DEBUG 704 --- [medical-crm] [main] o.s.b.f.s.DefaultListableBeanFactory     : Creating shared instance of singleton bean 'transactionInterceptor'
2026-02-18T03:25:07.466+02:00 DEBUG 704 --- [medical-crm] [main] o.s.b.f.s.DefaultListableBeanFactory     : Autowiring by type from bean name 'transactionInterceptor' via factory method to bean named 'transactionAttributeSource'
2026-02-18T03:25:07.474+02:00 DEBUG 704 --- [medical-crm] [main] o.s.b.f.s.DefaultListableBeanFactory     : Autowiring by type from bean name 'org.springframework.transaction.config.internalTransactionAdvisor' via factory method to bean named 'transactionAttributeSource'
2026-02-18T03:25:07.474+02:00 DEBUG 704 --- [medical-crm] [main] o.s.b.f.s.DefaultListableBeanFactory     : Autowiring by type from bean name 'org.springframework.transaction.config.internalTransactionAdvisor' via factory method to bean named 'transactionInterceptor'
2026-02-18T03:25:07.502+02:00 DEBUG 704 --- [medical-crm] [main] o.s.u.c.s.UiApplicationContextUtils      : Unable to locate ThemeSource with name 'themeSource': using default [org.springframework.ui.context.support.ResourceBundleThemeSource@2b0b7e5a]
2026-02-18T03:25:07.502+02:00 DEBUG 704 --- [medical-crm] [main] o.s.b.f.s.DefaultListableBeanFactory     : Creating shared instance of singleton bean 'tomcatServletWebServerFactory'
2026-02-18T03:25:07.503+02:00 DEBUG 704 --- [medical-crm] [main] o.s.b.f.s.DefaultListableBeanFactory     : Creating shared instance of singleton bean 'org.springframework.boot.autoconfigure.web.servlet.ServletWebServerFactoryConfiguration$EmbeddedTomcat'
2026-02-18T03:25:07.564+02:00 DEBUG 704 --- [medical-crm] [main] o.s.b.f.s.DefaultListableBeanFactory     : Creating shared instance of singleton bean 'websocketServletWebServerCustomizer'
2026-02-18T03:25:07.564+02:00 DEBUG 704 --- [medical-crm] [main] o.s.b.f.s.DefaultListableBeanFactory     : Creating shared instance of singleton bean 'org.springframework.boot.autoconfigure.websocket.servlet.WebSocketServletAutoConfiguration$TomcatWebSocketConfiguration'
2026-02-18T03:25:07.567+02:00 DEBUG 704 --- [medical-crm] [main] o.s.b.f.s.DefaultListableBeanFactory     : Creating shared instance of singleton bean 'servletWebServerFactoryCustomizer'
2026-02-18T03:25:07.567+02:00 DEBUG 704 --- [medical-crm] [main] o.s.b.f.s.DefaultListableBeanFactory     : Creating shared instance of singleton bean 'org.springframework.boot.autoconfigure.web.servlet.ServletWebServerFactoryAutoConfiguration'
2026-02-18T03:25:07.570+02:00 DEBUG 704 --- [medical-crm] [main] o.s.b.f.s.DefaultListableBeanFactory     : Creating shared instance of singleton bean 'server-org.springframework.boot.autoconfigure.web.ServerProperties'
2026-02-18T03:25:07.580+02:00 DEBUG 704 --- [medical-crm] [main] o.s.b.f.s.DefaultListableBeanFactory     : Creating shared instance of singleton bean 'org.springframework.boot.context.properties.BoundConfigurationProperties'
2026-02-18T03:25:07.598+02:00 DEBUG 704 --- [medical-crm] [main] o.s.b.f.s.DefaultListableBeanFactory     : Autowiring by type from bean name 'servletWebServerFactoryCustomizer' via factory method to bean named 'server-org.springframework.boot.autoconfigure.web.ServerProperties'
2026-02-18T03:25:07.599+02:00 DEBUG 704 --- [medical-crm] [main] o.s.b.f.s.DefaultListableBeanFactory     : Creating shared instance of singleton bean 'sslBundleRegistry'
2026-02-18T03:25:07.600+02:00 DEBUG 704 --- [medical-crm] [main] o.s.b.f.s.DefaultListableBeanFactory     : Creating shared instance of singleton bean 'org.springframework.boot.autoconfigure.ssl.SslAutoConfiguration'
2026-02-18T03:25:07.600+02:00 DEBUG 704 --- [medical-crm] [main] o.s.b.f.s.DefaultListableBeanFactory     : Creating shared instance of singleton bean 'spring.ssl-org.springframework.boot.autoconfigure.ssl.SslProperties'
2026-02-18T03:25:07.603+02:00 DEBUG 704 --- [medical-crm] [main] o.s.b.f.s.DefaultListableBeanFactory     : Autowiring by type from bean name 'org.springframework.boot.autoconfigure.ssl.SslAutoConfiguration' via constructor to bean named 'spring.ssl-org.springframework.boot.autoconfigure.ssl.SslProperties'
2026-02-18T03:25:07.604+02:00 DEBUG 704 --- [medical-crm] [main] o.s.b.f.s.DefaultListableBeanFactory     : Creating shared instance of singleton bean 'sslPropertiesSslBundleRegistrar'
2026-02-18T03:25:07.605+02:00 DEBUG 704 --- [medical-crm] [main] o.s.b.f.s.DefaultListableBeanFactory     : Creating shared instance of singleton bean 'fileWatcher'
2026-02-18T03:25:07.607+02:00 DEBUG 704 --- [medical-crm] [main] o.s.b.f.s.DefaultListableBeanFactory     : Autowiring by type from bean name 'sslPropertiesSslBundleRegistrar' via factory method to bean named 'fileWatcher'
2026-02-18T03:25:07.613+02:00 DEBUG 704 --- [medical-crm] [main] o.s.b.f.s.DefaultListableBeanFactory     : Creating shared instance of singleton bean 'tomcatServletWebServerFactoryCustomizer'
2026-02-18T03:25:07.613+02:00 DEBUG 704 --- [medical-crm] [main] o.s.b.f.s.DefaultListableBeanFactory     : Autowiring by type from bean name 'tomcatServletWebServerFactoryCustomizer' via factory method to bean named 'server-org.springframework.boot.autoconfigure.web.ServerProperties'
2026-02-18T03:25:07.615+02:00 DEBUG 704 --- [medical-crm] [main] o.s.b.f.s.DefaultListableBeanFactory     : Creating shared instance of singleton bean 'tomcatWebServerFactoryCustomizer'
2026-02-18T03:25:07.615+02:00 DEBUG 704 --- [medical-crm] [main] o.s.b.f.s.DefaultListableBeanFactory     : Creating shared instance of singleton bean 'org.springframework.boot.autoconfigure.web.embedded.EmbeddedWebServerFactoryCustomizerAutoConfiguration$TomcatWebServerFactoryCustomizerConfiguration'
2026-02-18T03:25:07.617+02:00 DEBUG 704 --- [medical-crm] [main] o.s.b.f.s.DefaultListableBeanFactory     : Autowiring by type from bean name 'tomcatWebServerFactoryCustomizer' via factory method to bean named 'environment'
2026-02-18T03:25:07.617+02:00 DEBUG 704 --- [medical-crm] [main] o.s.b.f.s.DefaultListableBeanFactory     : Autowiring by type from bean name 'tomcatWebServerFactoryCustomizer' via factory method to bean named 'server-org.springframework.boot.autoconfigure.web.ServerProperties'
2026-02-18T03:25:07.620+02:00 DEBUG 704 --- [medical-crm] [main] o.s.b.f.s.DefaultListableBeanFactory     : Creating shared instance of singleton bean 'localeCharsetMappingsCustomizer'
2026-02-18T03:25:07.620+02:00 DEBUG 704 --- [medical-crm] [main] o.s.b.f.s.DefaultListableBeanFactory     : Creating shared instance of singleton bean 'org.springframework.boot.autoconfigure.web.servlet.HttpEncodingAutoConfiguration'
2026-02-18T03:25:07.621+02:00 DEBUG 704 --- [medical-crm] [main] o.s.b.f.s.DefaultListableBeanFactory     : Autowiring by type from bean name 'org.springframework.boot.autoconfigure.web.servlet.HttpEncodingAutoConfiguration' via constructor to bean named 'server-org.springframework.boot.autoconfigure.web.ServerProperties'
2026-02-18T03:25:07.659+02:00 DEBUG 704 --- [medical-crm] [main] o.s.b.f.s.DefaultListableBeanFactory     : Creating shared instance of singleton bean 'errorPageCustomizer'
2026-02-18T03:25:07.660+02:00 DEBUG 704 --- [medical-crm] [main] o.s.b.f.s.DefaultListableBeanFactory     : Creating shared instance of singleton bean 'org.springframework.boot.autoconfigure.web.servlet.error.ErrorMvcAutoConfiguration'
2026-02-18T03:25:07.661+02:00 DEBUG 704 --- [medical-crm] [main] o.s.b.f.s.DefaultListableBeanFactory     : Autowiring by type from bean name 'org.springframework.boot.autoconfigure.web.servlet.error.ErrorMvcAutoConfiguration' via constructor to bean named 'server-org.springframework.boot.autoconfigure.web.ServerProperties'
2026-02-18T03:25:07.664+02:00 DEBUG 704 --- [medical-crm] [main] o.s.b.f.s.DefaultListableBeanFactory     : Creating shared instance of singleton bean 'dispatcherServletRegistration'
2026-02-18T03:25:07.664+02:00 DEBUG 704 --- [medical-crm] [main] o.s.b.f.s.DefaultListableBeanFactory     : Creating shared instance of singleton bean 'org.springframework.boot.autoconfigure.web.servlet.DispatcherServletAutoConfiguration$DispatcherServletRegistrationConfiguration'
2026-02-18T03:25:07.666+02:00 DEBUG 704 --- [medical-crm] [main] o.s.b.f.s.DefaultListableBeanFactory     : Creating shared instance of singleton bean 'dispatcherServlet'
2026-02-18T03:25:07.666+02:00 DEBUG 704 --- [medical-crm] [main] o.s.b.f.s.DefaultListableBeanFactory     : Creating shared instance of singleton bean 'org.springframework.boot.autoconfigure.web.servlet.DispatcherServletAutoConfiguration$DispatcherServletConfiguration'
2026-02-18T03:25:07.668+02:00 DEBUG 704 --- [medical-crm] [main] o.s.b.f.s.DefaultListableBeanFactory     : Creating shared instance of singleton bean 'spring.mvc-org.springframework.boot.autoconfigure.web.servlet.WebMvcProperties'
2026-02-18T03:25:07.674+02:00 DEBUG 704 --- [medical-crm] [main] o.s.b.f.s.DefaultListableBeanFactory     : Autowiring by type from bean name 'dispatcherServlet' via factory method to bean named 'spring.mvc-org.springframework.boot.autoconfigure.web.servlet.WebMvcProperties'
2026-02-18T03:25:07.703+02:00 DEBUG 704 --- [medical-crm] [main] o.s.b.f.s.DefaultListableBeanFactory     : Autowiring by type from bean name 'dispatcherServletRegistration' via factory method to bean named 'dispatcherServlet'
2026-02-18T03:25:07.703+02:00 DEBUG 704 --- [medical-crm] [main] o.s.b.f.s.DefaultListableBeanFactory     : Autowiring by type from bean name 'dispatcherServletRegistration' via factory method to bean named 'spring.mvc-org.springframework.boot.autoconfigure.web.servlet.WebMvcProperties'
2026-02-18T03:25:07.705+02:00 DEBUG 704 --- [medical-crm] [main] o.s.b.f.s.DefaultListableBeanFactory     : Creating shared instance of singleton bean 'multipartConfigElement'
2026-02-18T03:25:07.705+02:00 DEBUG 704 --- [medical-crm] [main] o.s.b.f.s.DefaultListableBeanFactory     : Creating shared instance of singleton bean 'org.springframework.boot.autoconfigure.web.servlet.MultipartAutoConfiguration'
2026-02-18T03:25:07.707+02:00 DEBUG 704 --- [medical-crm] [main] o.s.b.f.s.DefaultListableBeanFactory     : Creating shared instance of singleton bean 'spring.servlet.multipart-org.springframework.boot.autoconfigure.web.servlet.MultipartProperties'
2026-02-18T03:25:07.716+02:00 DEBUG 704 --- [medical-crm] [main] o.s.b.f.s.DefaultListableBeanFactory     : Autowiring by type from bean name 'org.springframework.boot.autoconfigure.web.servlet.MultipartAutoConfiguration' via constructor to bean named 'spring.servlet.multipart-org.springframework.boot.autoconfigure.web.servlet.MultipartProperties'
2026-02-18T03:25:07.728+02:00 DEBUG 704 --- [medical-crm] [main] o.s.b.f.s.DefaultListableBeanFactory     : Autowiring by type from bean name 'errorPageCustomizer' via factory method to bean named 'dispatcherServletRegistration'
2026-02-18T03:25:07.864+02:00 DEBUG 704 --- [medical-crm] [main] .s.b.w.e.t.TomcatServletWebServerFactory : Code archive: C:\Users\steli\.m2\repository\org\springframework\boot\spring-boot\3.2.5\spring-boot-3.2.5.jar
2026-02-18T03:25:07.865+02:00 DEBUG 704 --- [medical-crm] [main] .s.b.w.e.t.TomcatServletWebServerFactory : Code archive: C:\Users\steli\.m2\repository\org\springframework\boot\spring-boot\3.2.5\spring-boot-3.2.5.jar
2026-02-18T03:25:07.865+02:00 DEBUG 704 --- [medical-crm] [main] .s.b.w.e.t.TomcatServletWebServerFactory : None of the document roots [src/main/webapp, public, static] point to a directory and will be ignored.
2026-02-18T03:25:07.901+02:00  INFO 704 --- [medical-crm] [main] o.s.b.w.embedded.tomcat.TomcatWebServer  : Tomcat initialized with port 8080 (http)
2026-02-18T03:25:07.921+02:00  INFO 704 --- [medical-crm] [main] o.apache.catalina.core.StandardService   : Starting service [Tomcat]
2026-02-18T03:25:07.921+02:00  INFO 704 --- [medical-crm] [main] o.apache.catalina.core.StandardEngine    : Starting Servlet engine: [Apache Tomcat/10.1.20]
2026-02-18T03:25:08.080+02:00  INFO 704 --- [medical-crm] [main] o.a.c.c.C.[Tomcat].[localhost].[/]       : Initializing Spring embedded WebApplicationContext
2026-02-18T03:25:08.081+02:00 DEBUG 704 --- [medical-crm] [main] w.s.c.ServletWebServerApplicationContext : Published root WebApplicationContext as ServletContext attribute with name [org.springframework.web.context.WebApplicationContext.ROOT]
2026-02-18T03:25:08.081+02:00  INFO 704 --- [medical-crm] [main] w.s.c.ServletWebServerApplicationContext : Root WebApplicationContext: initialization completed in 2721 ms
2026-02-18T03:25:08.084+02:00 DEBUG 704 --- [medical-crm] [main] o.s.b.f.s.DefaultListableBeanFactory     : Creating shared instance of singleton bean 'securityFilterChainRegistration'
2026-02-18T03:25:08.084+02:00 DEBUG 704 --- [medical-crm] [main] o.s.b.f.s.DefaultListableBeanFactory     : Creating shared instance of singleton bean 'org.springframework.boot.autoconfigure.security.servlet.SecurityFilterAutoConfiguration'
2026-02-18T03:25:08.086+02:00 DEBUG 704 --- [medical-crm] [main] o.s.b.f.s.DefaultListableBeanFactory     : Creating shared instance of singleton bean 'spring.security-org.springframework.boot.autoconfigure.security.SecurityProperties'
2026-02-18T03:25:08.089+02:00 DEBUG 704 --- [medical-crm] [main] o.s.b.f.s.DefaultListableBeanFactory     : Autowiring by type from bean name 'securityFilterChainRegistration' via factory method to bean named 'spring.security-org.springframework.boot.autoconfigure.security.SecurityProperties'
2026-02-18T03:25:08.102+02:00 DEBUG 704 --- [medical-crm] [main] o.s.b.f.s.DefaultListableBeanFactory     : Creating shared instance of singleton bean 'jwtAuthenticationFilter'
2026-02-18T03:25:08.105+02:00 DEBUG 704 --- [medical-crm] [main] o.s.b.f.s.DefaultListableBeanFactory     : Creating shared instance of singleton bean 'jwtService'
2026-02-18T03:25:08.115+02:00 DEBUG 704 --- [medical-crm] [main] o.s.b.f.s.DefaultListableBeanFactory     : Creating shared instance of singleton bean 'customUserDetailsService'
2026-02-18T03:25:08.118+02:00 DEBUG 704 --- [medical-crm] [main] o.s.b.f.s.DefaultListableBeanFactory     : Creating shared instance of singleton bean 'userRepository'
2026-02-18T03:25:08.132+02:00 DEBUG 704 --- [medical-crm] [main] o.s.b.f.s.DefaultListableBeanFactory     : Creating shared instance of singleton bean 'jpa.named-queries#2'
2026-02-18T03:25:08.137+02:00 DEBUG 704 --- [medical-crm] [main] o.s.b.f.s.DefaultListableBeanFactory     : Creating shared instance of singleton bean 'jpa.UserRepository.fragments#0'
2026-02-18T03:25:08.153+02:00 DEBUG 704 --- [medical-crm] [main] o.s.b.f.s.DefaultListableBeanFactory     : Creating shared instance of singleton bean 'jpaSharedEM_entityManagerFactory'
2026-02-18T03:25:08.154+02:00 DEBUG 704 --- [medical-crm] [main] o.s.b.f.s.DefaultListableBeanFactory     : Creating shared instance of singleton bean 'dataSourceScriptDatabaseInitializer'
2026-02-18T03:25:08.154+02:00 DEBUG 704 --- [medical-crm] [main] o.s.b.f.s.DefaultListableBeanFactory     : Creating shared instance of singleton bean 'org.springframework.boot.autoconfigure.sql.init.DataSourceInitializationConfiguration'
2026-02-18T03:25:08.155+02:00 DEBUG 704 --- [medical-crm] [main] o.s.b.f.s.DefaultListableBeanFactory     : Creating shared instance of singleton bean 'dataSource'
2026-02-18T03:25:08.156+02:00 DEBUG 704 --- [medical-crm] [main] o.s.b.f.s.DefaultListableBeanFactory     : Creating shared instance of singleton bean 'org.springframework.boot.autoconfigure.jdbc.DataSourceConfiguration$Hikari'
2026-02-18T03:25:08.158+02:00 DEBUG 704 --- [medical-crm] [main] o.s.b.f.s.DefaultListableBeanFactory     : Creating shared instance of singleton bean 'spring.datasource-org.springframework.boot.autoconfigure.jdbc.DataSourceProperties'
2026-02-18T03:25:08.169+02:00 DEBUG 704 --- [medical-crm] [main] o.s.b.f.s.DefaultListableBeanFactory     : Creating shared instance of singleton bean 'jdbcConnectionDetails'
2026-02-18T03:25:08.170+02:00 DEBUG 704 --- [medical-crm] [main] o.s.b.f.s.DefaultListableBeanFactory     : Creating shared instance of singleton bean 'org.springframework.boot.autoconfigure.jdbc.DataSourceAutoConfiguration$PooledDataSourceConfiguration'
2026-02-18T03:25:08.171+02:00 DEBUG 704 --- [medical-crm] [main] o.s.b.f.s.DefaultListableBeanFactory     : Autowiring by type from bean name 'jdbcConnectionDetails' via factory method to bean named 'spring.datasource-org.springframework.boot.autoconfigure.jdbc.DataSourceProperties'
2026-02-18T03:25:08.173+02:00 DEBUG 704 --- [medical-crm] [main] o.s.b.f.s.DefaultListableBeanFactory     : Autowiring by type from bean name 'dataSource' via factory method to bean named 'spring.datasource-org.springframework.boot.autoconfigure.jdbc.DataSourceProperties'
2026-02-18T03:25:08.173+02:00 DEBUG 704 --- [medical-crm] [main] o.s.b.f.s.DefaultListableBeanFactory     : Autowiring by type from bean name 'dataSource' via factory method to bean named 'jdbcConnectionDetails'
2026-02-18T03:25:08.206+02:00 DEBUG 704 --- [medical-crm] [main] o.s.b.f.s.DefaultListableBeanFactory     : Creating shared instance of singleton bean 'spring.sql.init-org.springframework.boot.autoconfigure.sql.init.SqlInitializationProperties'
2026-02-18T03:25:08.211+02:00 DEBUG 704 --- [medical-crm] [main] o.s.b.f.s.DefaultListableBeanFactory     : Autowiring by type from bean name 'dataSourceScriptDatabaseInitializer' via factory method to bean named 'dataSource'
2026-02-18T03:25:08.211+02:00 DEBUG 704 --- [medical-crm] [main] o.s.b.f.s.DefaultListableBeanFactory     : Autowiring by type from bean name 'dataSourceScriptDatabaseInitializer' via factory method to bean named 'spring.sql.init-org.springframework.boot.autoconfigure.sql.init.SqlInitializationProperties'
2026-02-18T03:25:08.219+02:00 DEBUG 704 --- [medical-crm] [main] o.s.b.f.s.DefaultListableBeanFactory     : Creating shared instance of singleton bean 'entityManagerFactory'
2026-02-18T03:25:08.220+02:00 DEBUG 704 --- [medical-crm] [main] o.s.b.f.s.DefaultListableBeanFactory     : Creating shared instance of singleton bean 'org.springframework.boot.autoconfigure.orm.jpa.HibernateJpaConfiguration'
2026-02-18T03:25:08.222+02:00 DEBUG 704 --- [medical-crm] [main] o.s.b.f.s.DefaultListableBeanFactory     : Creating shared instance of singleton bean 'spring.jpa-org.springframework.boot.autoconfigure.orm.jpa.JpaProperties'
2026-02-18T03:25:08.228+02:00 DEBUG 704 --- [medical-crm] [main] o.s.b.f.s.DefaultListableBeanFactory     : Creating shared instance of singleton bean 'spring.jpa.hibernate-org.springframework.boot.autoconfigure.orm.jpa.HibernateProperties'
2026-02-18T03:25:08.231+02:00 DEBUG 704 --- [medical-crm] [main] o.s.b.f.s.DefaultListableBeanFactory     : Autowiring by type from bean name 'org.springframework.boot.autoconfigure.orm.jpa.HibernateJpaConfiguration' via constructor to bean named 'dataSource'
2026-02-18T03:25:08.231+02:00 DEBUG 704 --- [medical-crm] [main] o.s.b.f.s.DefaultListableBeanFactory     : Autowiring by type from bean name 'org.springframework.boot.autoconfigure.orm.jpa.HibernateJpaConfiguration' via constructor to bean named 'spring.jpa-org.springframework.boot.autoconfigure.orm.jpa.JpaProperties'
2026-02-18T03:25:08.231+02:00 DEBUG 704 --- [medical-crm] [main] o.s.b.f.s.DefaultListableBeanFactory     : Autowiring by type from bean name 'org.springframework.boot.autoconfigure.orm.jpa.HibernateJpaConfiguration' via constructor to bean named 'org.springframework.beans.factory.support.DefaultListableBeanFactory@14f5da2c'
2026-02-18T03:25:08.232+02:00 DEBUG 704 --- [medical-crm] [main] o.s.b.f.s.DefaultListableBeanFactory     : Autowiring by type from bean name 'org.springframework.boot.autoconfigure.orm.jpa.HibernateJpaConfiguration' via constructor to bean named 'spring.jpa.hibernate-org.springframework.boot.autoconfigure.orm.jpa.HibernateProperties'
2026-02-18T03:25:08.234+02:00 DEBUG 704 --- [medical-crm] [main] o.s.b.f.s.DefaultListableBeanFactory     : Creating shared instance of singleton bean 'hikariPoolDataSourceMetadataProvider'
2026-02-18T03:25:08.235+02:00 DEBUG 704 --- [medical-crm] [main] o.s.b.f.s.DefaultListableBeanFactory     : Creating shared instance of singleton bean 'org.springframework.boot.autoconfigure.jdbc.metadata.DataSourcePoolMetadataProvidersConfiguration$HikariPoolDataSourceMetadataProviderConfiguration'
2026-02-18T03:25:08.244+02:00 DEBUG 704 --- [medical-crm] [main] o.s.b.f.s.DefaultListableBeanFactory     : Creating shared instance of singleton bean 'entityManagerFactoryBuilder'
2026-02-18T03:25:08.245+02:00 DEBUG 704 --- [medical-crm] [main] o.s.b.f.s.DefaultListableBeanFactory     : Creating shared instance of singleton bean 'jpaVendorAdapter'
2026-02-18T03:25:08.263+02:00 DEBUG 704 --- [medical-crm] [main] o.s.b.f.s.DefaultListableBeanFactory     : Autowiring by type from bean name 'entityManagerFactoryBuilder' via factory method to bean named 'jpaVendorAdapter'
2026-02-18T03:25:08.266+02:00 DEBUG 704 --- [medical-crm] [main] o.s.b.f.s.DefaultListableBeanFactory     : Creating shared instance of singleton bean 'persistenceManagedTypes'
2026-02-18T03:25:08.267+02:00 DEBUG 704 --- [medical-crm] [main] o.s.b.f.s.DefaultListableBeanFactory     : Autowiring by type from bean name 'persistenceManagedTypes' via factory method to bean named 'org.springframework.beans.factory.support.DefaultListableBeanFactory@14f5da2c'
2026-02-18T03:25:08.267+02:00 DEBUG 704 --- [medical-crm] [main] o.s.b.f.s.DefaultListableBeanFactory     : Autowiring by type from bean name 'persistenceManagedTypes' via factory method to bean named 'org.springframework.boot.web.servlet.context.AnnotationConfigServletWebServerApplicationContext@2dc995f4'
2026-02-18T03:25:08.279+02:00 DEBUG 704 --- [medical-crm] [main] o.s.b.f.s.DefaultListableBeanFactory     : Autowiring by type from bean name 'entityManagerFactory' via factory method to bean named 'entityManagerFactoryBuilder'
2026-02-18T03:25:08.279+02:00 DEBUG 704 --- [medical-crm] [main] o.s.b.f.s.DefaultListableBeanFactory     : Autowiring by type from bean name 'entityManagerFactory' via factory method to bean named 'persistenceManagedTypes'
2026-02-18T03:25:08.296+02:00 DEBUG 704 --- [medical-crm] [main] j.LocalContainerEntityManagerFactoryBean : Building JPA container EntityManagerFactory for persistence unit 'default'
2026-02-18T03:25:08.318+02:00  INFO 704 --- [medical-crm] [main] o.hibernate.jpa.internal.util.LogHelper  : HHH000204: Processing PersistenceUnitInfo [name: default]
2026-02-18T03:25:08.423+02:00  INFO 704 --- [medical-crm] [main] org.hibernate.Version                    : HHH000412: Hibernate ORM core version 6.4.4.Final
2026-02-18T03:25:08.496+02:00  INFO 704 --- [medical-crm] [main] o.h.c.internal.RegionFactoryInitiator    : HHH000026: Second-level cache disabled
2026-02-18T03:25:08.845+02:00  INFO 704 --- [medical-crm] [main] o.s.o.j.p.SpringPersistenceUnitInfo      : No LoadTimeWeaver setup: ignoring JPA class transformer
2026-02-18T03:25:08.884+02:00  INFO 704 --- [medical-crm] [main] com.zaxxer.hikari.HikariDataSource       : HikariPool-1 - Starting...
2026-02-18T03:25:09.106+02:00  INFO 704 --- [medical-crm] [main] com.zaxxer.hikari.pool.HikariPool        : HikariPool-1 - Added connection org.postgresql.jdbc.PgConnection@d49e8c6
2026-02-18T03:25:09.108+02:00  INFO 704 --- [medical-crm] [main] com.zaxxer.hikari.HikariDataSource       : HikariPool-1 - Start completed.
2026-02-18T03:25:11.015+02:00  INFO 704 --- [medical-crm] [main] o.h.e.t.j.p.i.JtaPlatformInitiator       : HHH000489: No JTA platform available (set 'hibernate.transaction.jta.platform' to enable JTA platform integration)
2026-02-18T03:25:11.243+02:00  INFO 704 --- [medical-crm] [main] j.LocalContainerEntityManagerFactoryBean : Initialized JPA EntityManagerFactory for persistence unit 'default'
2026-02-18T03:25:11.299+02:00 DEBUG 704 --- [medical-crm] [main] o.s.b.f.s.DefaultListableBeanFactory     : Creating shared instance of singleton bean 'jpaMappingContext'
2026-02-18T03:25:11.300+02:00 DEBUG 704 --- [medical-crm] [main] .c.JpaMetamodelMappingContextFactoryBean : Initializing JpaMetamodelMappingContext…
2026-02-18T03:25:11.316+02:00 DEBUG 704 --- [medical-crm] [main] .c.JpaMetamodelMappingContextFactoryBean : Finished initializing JpaMetamodelMappingContext
2026-02-18T03:25:11.352+02:00 DEBUG 704 --- [medical-crm] [main] tor$SharedEntityManagerInvocationHandler : Creating new EntityManager for shared EntityManager invocation
2026-02-18T03:25:11.395+02:00 DEBUG 704 --- [medical-crm] [main] tor$SharedEntityManagerInvocationHandler : Creating new EntityManager for shared EntityManager invocation
2026-02-18T03:25:11.445+02:00 DEBUG 704 --- [medical-crm] [main] o.s.d.r.c.s.RepositoryFactorySupport     : Initializing repository instance for com.medicalcrm.backend.repository.UserRepository…
2026-02-18T03:25:11.471+02:00 DEBUG 704 --- [medical-crm] [main] tor$SharedEntityManagerInvocationHandler : Creating new EntityManager for shared EntityManager invocation
2026-02-18T03:25:11.529+02:00 DEBUG 704 --- [medical-crm] [main] o.s.d.jpa.repository.query.NamedQuery    : Looking up named query User.findByUsername
2026-02-18T03:25:11.533+02:00 DEBUG 704 --- [medical-crm] [main] o.s.d.jpa.repository.query.NamedQuery    : Did not find named query User.findByUsername
2026-02-18T03:25:11.537+02:00 DEBUG 704 --- [medical-crm] [main] tor$SharedEntityManagerInvocationHandler : Creating new EntityManager for shared EntityManager invocation
2026-02-18T03:25:11.624+02:00 DEBUG 704 --- [medical-crm] [main] o.s.d.jpa.repository.query.NamedQuery    : Looking up named query User.existsByUsername
2026-02-18T03:25:11.625+02:00 DEBUG 704 --- [medical-crm] [main] o.s.d.jpa.repository.query.NamedQuery    : Did not find named query User.existsByUsername
2026-02-18T03:25:11.625+02:00 DEBUG 704 --- [medical-crm] [main] tor$SharedEntityManagerInvocationHandler : Creating new EntityManager for shared EntityManager invocation
2026-02-18T03:25:11.629+02:00 DEBUG 704 --- [medical-crm] [main] o.s.d.jpa.repository.query.NamedQuery    : Looking up named query User.existsByEmail
2026-02-18T03:25:11.629+02:00 DEBUG 704 --- [medical-crm] [main] o.s.d.jpa.repository.query.NamedQuery    : Did not find named query User.existsByEmail
2026-02-18T03:25:11.629+02:00 DEBUG 704 --- [medical-crm] [main] tor$SharedEntityManagerInvocationHandler : Creating new EntityManager for shared EntityManager invocation
2026-02-18T03:25:11.631+02:00 DEBUG 704 --- [medical-crm] [main] o.s.d.jpa.repository.query.NamedQuery    : Looking up named query User.findByEmail
2026-02-18T03:25:11.631+02:00 DEBUG 704 --- [medical-crm] [main] o.s.d.jpa.repository.query.NamedQuery    : Did not find named query User.findByEmail
2026-02-18T03:25:11.633+02:00 DEBUG 704 --- [medical-crm] [main] tor$SharedEntityManagerInvocationHandler : Creating new EntityManager for shared EntityManager invocation
2026-02-18T03:25:11.637+02:00 DEBUG 704 --- [medical-crm] [main] o.s.d.r.c.s.RepositoryFactorySupport     : Finished creation of repository instance for com.medicalcrm.backend.repository.UserRepository.
2026-02-18T03:25:11.650+02:00 DEBUG 704 --- [medical-crm] [main] o.s.b.f.s.DefaultListableBeanFactory     : Autowiring by type from bean name 'customUserDetailsService' via constructor to bean named 'userRepository'
2026-02-18T03:25:11.672+02:00 DEBUG 704 --- [medical-crm] [main] o.s.b.f.s.DefaultListableBeanFactory     : Autowiring by type from bean name 'jwtAuthenticationFilter' via constructor to bean named 'jwtService'
2026-02-18T03:25:11.672+02:00 DEBUG 704 --- [medical-crm] [main] o.s.b.f.s.DefaultListableBeanFactory     : Autowiring by type from bean name 'jwtAuthenticationFilter' via constructor to bean named 'customUserDetailsService'
2026-02-18T03:25:11.676+02:00 DEBUG 704 --- [medical-crm] [main] o.s.b.f.s.DefaultListableBeanFactory     : Creating shared instance of singleton bean 'requestContextFilter'
2026-02-18T03:25:11.683+02:00 DEBUG 704 --- [medical-crm] [main] o.s.b.f.s.DefaultListableBeanFactory     : Creating shared instance of singleton bean 'formContentFilter'
2026-02-18T03:25:11.684+02:00 DEBUG 704 --- [medical-crm] [main] o.s.b.f.s.DefaultListableBeanFactory     : Creating shared instance of singleton bean 'org.springframework.boot.autoconfigure.web.servlet.WebMvcAutoConfiguration'
2026-02-18T03:25:11.691+02:00 DEBUG 704 --- [medical-crm] [main] o.s.b.f.s.DefaultListableBeanFactory     : Creating shared instance of singleton bean 'characterEncodingFilter'
2026-02-18T03:25:11.704+02:00 DEBUG 704 --- [medical-crm] [main] o.s.b.w.s.ServletContextInitializerBeans : Mapping filters: springSecurityFilterChain urls=[/*] order=-100, characterEncodingFilter urls=[/*] order=-2147483648, formContentFilter urls=[/*] order=-9900, requestContextFilter urls=[/*] order=-105, jwtAuthenticationFilter urls=[/*] order=2147483647
2026-02-18T03:25:11.705+02:00 DEBUG 704 --- [medical-crm] [main] o.s.b.w.s.ServletContextInitializerBeans : Mapping servlets: dispatcherServlet urls=[/]
2026-02-18T03:25:11.746+02:00 DEBUG 704 --- [medical-crm] [main] o.s.b.w.s.f.OrderedRequestContextFilter  : Filter 'requestContextFilter' configured for use
2026-02-18T03:25:11.750+02:00 DEBUG 704 --- [medical-crm] [main] c.m.b.security.JwtAuthenticationFilter   : Filter 'jwtAuthenticationFilter' configured for use
2026-02-18T03:25:11.750+02:00 DEBUG 704 --- [medical-crm] [main] s.b.w.s.f.OrderedCharacterEncodingFilter : Filter 'characterEncodingFilter' configured for use
2026-02-18T03:25:11.750+02:00 DEBUG 704 --- [medical-crm] [main] .DelegatingFilterProxyRegistrationBean$1 : Filter 'springSecurityFilterChain' configured for use
2026-02-18T03:25:11.751+02:00 DEBUG 704 --- [medical-crm] [main] o.s.b.w.s.f.OrderedFormContentFilter     : Filter 'formContentFilter' configured for use
2026-02-18T03:25:11.762+02:00 DEBUG 704 --- [medical-crm] [main] o.s.b.f.s.DefaultListableBeanFactory     : Creating shared instance of singleton bean 'medicalCrmApplication'
2026-02-18T03:25:11.763+02:00 DEBUG 704 --- [medical-crm] [main] o.s.b.f.s.DefaultListableBeanFactory     : Creating shared instance of singleton bean 'securityConfig'
2026-02-18T03:25:11.766+02:00 DEBUG 704 --- [medical-crm] [main] o.s.b.f.s.DefaultListableBeanFactory     : Autowiring by type from bean name 'securityConfig' via constructor to bean named 'jwtAuthenticationFilter'
2026-02-18T03:25:11.767+02:00 DEBUG 704 --- [medical-crm] [main] o.s.b.f.s.DefaultListableBeanFactory     : Creating shared instance of singleton bean 'swaggerConfig'
2026-02-18T03:25:11.768+02:00 DEBUG 704 --- [medical-crm] [main] o.s.b.f.s.DefaultListableBeanFactory     : Creating shared instance of singleton bean 'appointmentController'
2026-02-18T03:25:11.777+02:00 DEBUG 704 --- [medical-crm] [main] o.s.b.f.s.DefaultListableBeanFactory     : Creating shared instance of singleton bean 'appointmentServiceImpl'
2026-02-18T03:25:11.779+02:00 DEBUG 704 --- [medical-crm] [main] o.s.b.f.s.DefaultListableBeanFactory     : Creating shared instance of singleton bean 'appointmentRepository'
2026-02-18T03:25:11.781+02:00 DEBUG 704 --- [medical-crm] [main] o.s.b.f.s.DefaultListableBeanFactory     : Creating shared instance of singleton bean 'jpa.named-queries#0'
2026-02-18T03:25:11.783+02:00 DEBUG 704 --- [medical-crm] [main] o.s.b.f.s.DefaultListableBeanFactory     : Creating shared instance of singleton bean 'jpa.AppointmentRepository.fragments#0'
2026-02-18T03:25:11.785+02:00 DEBUG 704 --- [medical-crm] [main] tor$SharedEntityManagerInvocationHandler : Creating new EntityManager for shared EntityManager invocation
2026-02-18T03:25:11.822+02:00 DEBUG 704 --- [medical-crm] [main] o.s.d.r.c.s.RepositoryFactorySupport     : Initializing repository instance for com.medicalcrm.backend.repository.AppointmentRepository…
2026-02-18T03:25:11.823+02:00 DEBUG 704 --- [medical-crm] [main] tor$SharedEntityManagerInvocationHandler : Creating new EntityManager for shared EntityManager invocation
2026-02-18T03:25:11.829+02:00 DEBUG 704 --- [medical-crm] [main] o.s.d.jpa.repository.query.NamedQuery    : Looking up named query Appointment.findByDoctorId
2026-02-18T03:25:11.830+02:00 DEBUG 704 --- [medical-crm] [main] o.s.d.jpa.repository.query.NamedQuery    : Did not find named query Appointment.findByDoctorId
2026-02-18T03:25:11.830+02:00 DEBUG 704 --- [medical-crm] [main] tor$SharedEntityManagerInvocationHandler : Creating new EntityManager for shared EntityManager invocation
2026-02-18T03:25:11.836+02:00 DEBUG 704 --- [medical-crm] [main] o.s.d.jpa.repository.query.NamedQuery    : Looking up named query Appointment.findByPatientId
2026-02-18T03:25:11.836+02:00 DEBUG 704 --- [medical-crm] [main] o.s.d.jpa.repository.query.NamedQuery    : Did not find named query Appointment.findByPatientId
2026-02-18T03:25:11.836+02:00 DEBUG 704 --- [medical-crm] [main] tor$SharedEntityManagerInvocationHandler : Creating new EntityManager for shared EntityManager invocation
2026-02-18T03:25:11.838+02:00 DEBUG 704 --- [medical-crm] [main] o.s.d.jpa.repository.query.NamedQuery    : Looking up named query Appointment.findByStatus
2026-02-18T03:25:11.838+02:00 DEBUG 704 --- [medical-crm] [main] o.s.d.jpa.repository.query.NamedQuery    : Did not find named query Appointment.findByStatus
2026-02-18T03:25:11.839+02:00 DEBUG 704 --- [medical-crm] [main] tor$SharedEntityManagerInvocationHandler : Creating new EntityManager for shared EntityManager invocation
2026-02-18T03:25:11.840+02:00 DEBUG 704 --- [medical-crm] [main] o.s.d.jpa.repository.query.NamedQuery    : Looking up named query Appointment.findByAppointmentDate
2026-02-18T03:25:11.841+02:00 DEBUG 704 --- [medical-crm] [main] o.s.d.jpa.repository.query.NamedQuery    : Did not find named query Appointment.findByAppointmentDate
2026-02-18T03:25:11.841+02:00 DEBUG 704 --- [medical-crm] [main] tor$SharedEntityManagerInvocationHandler : Creating new EntityManager for shared EntityManager invocation
2026-02-18T03:25:11.843+02:00 DEBUG 704 --- [medical-crm] [main] o.s.d.jpa.repository.query.NamedQuery    : Looking up named query Appointment.findByDoctorIdAndStatus
2026-02-18T03:25:11.843+02:00 DEBUG 704 --- [medical-crm] [main] o.s.d.jpa.repository.query.NamedQuery    : Did not find named query Appointment.findByDoctorIdAndStatus
2026-02-18T03:25:11.843+02:00 DEBUG 704 --- [medical-crm] [main] tor$SharedEntityManagerInvocationHandler : Creating new EntityManager for shared EntityManager invocation
2026-02-18T03:25:11.846+02:00 DEBUG 704 --- [medical-crm] [main] o.s.d.jpa.repository.query.NamedQuery    : Looking up named query Appointment.findByPatientIdAndStatus
2026-02-18T03:25:11.846+02:00 DEBUG 704 --- [medical-crm] [main] o.s.d.jpa.repository.query.NamedQuery    : Did not find named query Appointment.findByPatientIdAndStatus
2026-02-18T03:25:11.846+02:00 DEBUG 704 --- [medical-crm] [main] tor$SharedEntityManagerInvocationHandler : Creating new EntityManager for shared EntityManager invocation
2026-02-18T03:25:11.859+02:00  INFO 704 --- [medical-crm] [main] o.s.d.j.r.query.QueryEnhancerFactory     : Hibernate is in classpath; If applicable, HQL parser will be used.
2026-02-18T03:25:12.122+02:00 DEBUG 704 --- [medical-crm] [main] o.s.d.jpa.repository.query.NamedQuery    : Did not find named query Appointment.sumAppointmentPricesToDoctor.count
2026-02-18T03:25:12.122+02:00 DEBUG 704 --- [medical-crm] [main] tor$SharedEntityManagerInvocationHandler : Creating new EntityManager for shared EntityManager invocation
2026-02-18T03:25:12.458+02:00 DEBUG 704 --- [medical-crm] [main] o.s.d.jpa.repository.query.NamedQuery    : Did not find named query Appointment.findDistinctPatientsByDoctorId.count
2026-02-18T03:25:12.458+02:00 DEBUG 704 --- [medical-crm] [main] tor$SharedEntityManagerInvocationHandler : Creating new EntityManager for shared EntityManager invocation
2026-02-18T03:25:12.469+02:00 DEBUG 704 --- [medical-crm] [main] o.s.d.jpa.repository.query.NamedQuery    : Did not find named query Appointment.findDistinctDoctorsByPatientId.count
2026-02-18T03:25:12.469+02:00 DEBUG 704 --- [medical-crm] [main] tor$SharedEntityManagerInvocationHandler : Creating new EntityManager for shared EntityManager invocation
2026-02-18T03:25:12.473+02:00 DEBUG 704 --- [medical-crm] [main] o.s.d.jpa.repository.query.NamedQuery    : Did not find named query Appointment.sumAppointmentPricesByPatient.count
2026-02-18T03:25:12.474+02:00 DEBUG 704 --- [medical-crm] [main] tor$SharedEntityManagerInvocationHandler : Creating new EntityManager for shared EntityManager invocation
2026-02-18T03:25:12.481+02:00 DEBUG 704 --- [medical-crm] [main] o.s.d.r.c.s.RepositoryFactorySupport     : Finished creation of repository instance for com.medicalcrm.backend.repository.AppointmentRepository.
2026-02-18T03:25:12.491+02:00 DEBUG 704 --- [medical-crm] [main] o.s.b.f.s.DefaultListableBeanFactory     : Creating shared instance of singleton bean 'patientRepository'
2026-02-18T03:25:12.492+02:00 DEBUG 704 --- [medical-crm] [main] o.s.b.f.s.DefaultListableBeanFactory     : Creating shared instance of singleton bean 'jpa.named-queries#3'
2026-02-18T03:25:12.494+02:00 DEBUG 704 --- [medical-crm] [main] o.s.b.f.s.DefaultListableBeanFactory     : Creating shared instance of singleton bean 'jpa.PatientRepository.fragments#0'
2026-02-18T03:25:12.497+02:00 DEBUG 704 --- [medical-crm] [main] tor$SharedEntityManagerInvocationHandler : Creating new EntityManager for shared EntityManager invocation
2026-02-18T03:25:12.497+02:00 DEBUG 704 --- [medical-crm] [main] o.s.d.r.c.s.RepositoryFactorySupport     : Initializing repository instance for com.medicalcrm.backend.repository.PatientRepository…
2026-02-18T03:25:12.498+02:00 DEBUG 704 --- [medical-crm] [main] tor$SharedEntityManagerInvocationHandler : Creating new EntityManager for shared EntityManager invocation
2026-02-18T03:25:12.501+02:00 DEBUG 704 --- [medical-crm] [main] o.s.d.jpa.repository.query.NamedQuery    : Looking up named query Patient.findByUserId
2026-02-18T03:25:12.501+02:00 DEBUG 704 --- [medical-crm] [main] o.s.d.jpa.repository.query.NamedQuery    : Did not find named query Patient.findByUserId
2026-02-18T03:25:12.501+02:00 DEBUG 704 --- [medical-crm] [main] tor$SharedEntityManagerInvocationHandler : Creating new EntityManager for shared EntityManager invocation
2026-02-18T03:25:12.503+02:00 DEBUG 704 --- [medical-crm] [main] o.s.d.jpa.repository.query.NamedQuery    : Looking up named query Patient.findByLastName
2026-02-18T03:25:12.503+02:00 DEBUG 704 --- [medical-crm] [main] o.s.d.jpa.repository.query.NamedQuery    : Did not find named query Patient.findByLastName
2026-02-18T03:25:12.503+02:00 DEBUG 704 --- [medical-crm] [main] tor$SharedEntityManagerInvocationHandler : Creating new EntityManager for shared EntityManager invocation
2026-02-18T03:25:12.507+02:00 DEBUG 704 --- [medical-crm] [main] o.s.d.r.c.s.RepositoryFactorySupport     : Finished creation of repository instance for com.medicalcrm.backend.repository.PatientRepository.
2026-02-18T03:25:12.516+02:00 DEBUG 704 --- [medical-crm] [main] o.s.b.f.s.DefaultListableBeanFactory     : Creating shared instance of singleton bean 'doctorRepository'
2026-02-18T03:25:12.517+02:00 DEBUG 704 --- [medical-crm] [main] o.s.b.f.s.DefaultListableBeanFactory     : Creating shared instance of singleton bean 'jpa.named-queries#4'
2026-02-18T03:25:12.519+02:00 DEBUG 704 --- [medical-crm] [main] o.s.b.f.s.DefaultListableBeanFactory     : Creating shared instance of singleton bean 'jpa.DoctorRepository.fragments#0'
2026-02-18T03:25:12.521+02:00 DEBUG 704 --- [medical-crm] [main] tor$SharedEntityManagerInvocationHandler : Creating new EntityManager for shared EntityManager invocation
2026-02-18T03:25:12.522+02:00 DEBUG 704 --- [medical-crm] [main] o.s.d.r.c.s.RepositoryFactorySupport     : Initializing repository instance for com.medicalcrm.backend.repository.DoctorRepository…
2026-02-18T03:25:12.523+02:00 DEBUG 704 --- [medical-crm] [main] tor$SharedEntityManagerInvocationHandler : Creating new EntityManager for shared EntityManager invocation
2026-02-18T03:25:12.530+02:00 DEBUG 704 --- [medical-crm] [main] o.s.d.jpa.repository.query.NamedQuery    : Looking up named query Doctor.findByUserId
2026-02-18T03:25:12.530+02:00 DEBUG 704 --- [medical-crm] [main] o.s.d.jpa.repository.query.NamedQuery    : Did not find named query Doctor.findByUserId
2026-02-18T03:25:12.530+02:00 DEBUG 704 --- [medical-crm] [main] tor$SharedEntityManagerInvocationHandler : Creating new EntityManager for shared EntityManager invocation
2026-02-18T03:25:12.533+02:00 DEBUG 704 --- [medical-crm] [main] o.s.d.jpa.repository.query.NamedQuery    : Looking up named query Doctor.findByLastName
2026-02-18T03:25:12.533+02:00 DEBUG 704 --- [medical-crm] [main] o.s.d.jpa.repository.query.NamedQuery    : Did not find named query Doctor.findByLastName
2026-02-18T03:25:12.533+02:00 DEBUG 704 --- [medical-crm] [main] tor$SharedEntityManagerInvocationHandler : Creating new EntityManager for shared EntityManager invocation
2026-02-18T03:25:12.535+02:00 DEBUG 704 --- [medical-crm] [main] o.s.d.jpa.repository.query.NamedQuery    : Looking up named query Doctor.findBySpecialty
2026-02-18T03:25:12.536+02:00 DEBUG 704 --- [medical-crm] [main] o.s.d.jpa.repository.query.NamedQuery    : Did not find named query Doctor.findBySpecialty
2026-02-18T03:25:12.536+02:00 DEBUG 704 --- [medical-crm] [main] tor$SharedEntityManagerInvocationHandler : Creating new EntityManager for shared EntityManager invocation
2026-02-18T03:25:12.540+02:00 DEBUG 704 --- [medical-crm] [main] o.s.d.r.c.s.RepositoryFactorySupport     : Finished creation of repository instance for com.medicalcrm.backend.repository.DoctorRepository.
2026-02-18T03:25:12.548+02:00 DEBUG 704 --- [medical-crm] [main] o.s.b.f.s.DefaultListableBeanFactory     : Creating shared instance of singleton bean 'medicalServiceRepository'
2026-02-18T03:25:12.549+02:00 DEBUG 704 --- [medical-crm] [main] o.s.b.f.s.DefaultListableBeanFactory     : Creating shared instance of singleton bean 'jpa.named-queries#1'
2026-02-18T03:25:12.551+02:00 DEBUG 704 --- [medical-crm] [main] o.s.b.f.s.DefaultListableBeanFactory     : Creating shared instance of singleton bean 'jpa.MedicalServiceRepository.fragments#0'
2026-02-18T03:25:12.553+02:00 DEBUG 704 --- [medical-crm] [main] tor$SharedEntityManagerInvocationHandler : Creating new EntityManager for shared EntityManager invocation
2026-02-18T03:25:12.554+02:00 DEBUG 704 --- [medical-crm] [main] o.s.d.r.c.s.RepositoryFactorySupport     : Initializing repository instance for com.medicalcrm.backend.repository.MedicalServiceRepository…
2026-02-18T03:25:12.554+02:00 DEBUG 704 --- [medical-crm] [main] tor$SharedEntityManagerInvocationHandler : Creating new EntityManager for shared EntityManager invocation
2026-02-18T03:25:12.557+02:00 DEBUG 704 --- [medical-crm] [main] o.s.d.jpa.repository.query.NamedQuery    : Looking up named query MedicalService.findByName
2026-02-18T03:25:12.557+02:00 DEBUG 704 --- [medical-crm] [main] o.s.d.jpa.repository.query.NamedQuery    : Did not find named query MedicalService.findByName
2026-02-18T03:25:12.558+02:00 DEBUG 704 --- [medical-crm] [main] tor$SharedEntityManagerInvocationHandler : Creating new EntityManager for shared EntityManager invocation
2026-02-18T03:25:12.559+02:00 DEBUG 704 --- [medical-crm] [main] o.s.d.jpa.repository.query.NamedQuery    : Looking up named query MedicalService.existsByName
2026-02-18T03:25:12.559+02:00 DEBUG 704 --- [medical-crm] [main] o.s.d.jpa.repository.query.NamedQuery    : Did not find named query MedicalService.existsByName
2026-02-18T03:25:12.559+02:00 DEBUG 704 --- [medical-crm] [main] tor$SharedEntityManagerInvocationHandler : Creating new EntityManager for shared EntityManager invocation
2026-02-18T03:25:12.563+02:00 DEBUG 704 --- [medical-crm] [main] o.s.d.r.c.s.RepositoryFactorySupport     : Finished creation of repository instance for com.medicalcrm.backend.repository.MedicalServiceRepository.
2026-02-18T03:25:12.570+02:00 DEBUG 704 --- [medical-crm] [main] o.s.b.f.s.DefaultListableBeanFactory     : Creating shared instance of singleton bean 'paymentRepository'
2026-02-18T03:25:12.571+02:00 DEBUG 704 --- [medical-crm] [main] o.s.b.f.s.DefaultListableBeanFactory     : Creating shared instance of singleton bean 'jpa.named-queries#5'
2026-02-18T03:25:12.573+02:00 DEBUG 704 --- [medical-crm] [main] o.s.b.f.s.DefaultListableBeanFactory     : Creating shared instance of singleton bean 'jpa.PaymentRepository.fragments#0'
2026-02-18T03:25:12.576+02:00 DEBUG 704 --- [medical-crm] [main] tor$SharedEntityManagerInvocationHandler : Creating new EntityManager for shared EntityManager invocation
2026-02-18T03:25:12.576+02:00 DEBUG 704 --- [medical-crm] [main] o.s.d.r.c.s.RepositoryFactorySupport     : Initializing repository instance for com.medicalcrm.backend.repository.PaymentRepository…
2026-02-18T03:25:12.577+02:00 DEBUG 704 --- [medical-crm] [main] tor$SharedEntityManagerInvocationHandler : Creating new EntityManager for shared EntityManager invocation
2026-02-18T03:25:12.579+02:00 DEBUG 704 --- [medical-crm] [main] o.s.d.jpa.repository.query.NamedQuery    : Looking up named query Payment.findByStatus
2026-02-18T03:25:12.579+02:00 DEBUG 704 --- [medical-crm] [main] o.s.d.jpa.repository.query.NamedQuery    : Did not find named query Payment.findByStatus
2026-02-18T03:25:12.579+02:00 DEBUG 704 --- [medical-crm] [main] tor$SharedEntityManagerInvocationHandler : Creating new EntityManager for shared EntityManager invocation
2026-02-18T03:25:12.582+02:00 DEBUG 704 --- [medical-crm] [main] o.s.d.jpa.repository.query.NamedQuery    : Did not find named query Payment.sumAmountByAppointmentId.count
2026-02-18T03:25:12.582+02:00 DEBUG 704 --- [medical-crm] [main] tor$SharedEntityManagerInvocationHandler : Creating new EntityManager for shared EntityManager invocation
2026-02-18T03:25:12.584+02:00 DEBUG 704 --- [medical-crm] [main] o.s.d.jpa.repository.query.NamedQuery    : Looking up named query Payment.existsByAppointmentId
2026-02-18T03:25:12.584+02:00 DEBUG 704 --- [medical-crm] [main] o.s.d.jpa.repository.query.NamedQuery    : Did not find named query Payment.existsByAppointmentId
2026-02-18T03:25:12.584+02:00 DEBUG 704 --- [medical-crm] [main] tor$SharedEntityManagerInvocationHandler : Creating new EntityManager for shared EntityManager invocation
2026-02-18T03:25:12.587+02:00 DEBUG 704 --- [medical-crm] [main] o.s.d.jpa.repository.query.NamedQuery    : Did not find named query Payment.sumPaymentsToDoctor.count
2026-02-18T03:25:12.587+02:00 DEBUG 704 --- [medical-crm] [main] tor$SharedEntityManagerInvocationHandler : Creating new EntityManager for shared EntityManager invocation
2026-02-18T03:25:12.592+02:00 DEBUG 704 --- [medical-crm] [main] o.s.d.jpa.repository.query.NamedQuery    : Did not find named query Payment.sumPaymentsByPatient.count
2026-02-18T03:25:12.592+02:00 DEBUG 704 --- [medical-crm] [main] tor$SharedEntityManagerInvocationHandler : Creating new EntityManager for shared EntityManager invocation
2026-02-18T03:25:12.595+02:00 DEBUG 704 --- [medical-crm] [main] o.s.d.jpa.repository.query.NamedQuery    : Looking up named query Payment.findByPaidById
2026-02-18T03:25:12.595+02:00 DEBUG 704 --- [medical-crm] [main] o.s.d.jpa.repository.query.NamedQuery    : Did not find named query Payment.findByPaidById
2026-02-18T03:25:12.595+02:00 DEBUG 704 --- [medical-crm] [main] tor$SharedEntityManagerInvocationHandler : Creating new EntityManager for shared EntityManager invocation
2026-02-18T03:25:12.597+02:00 DEBUG 704 --- [medical-crm] [main] o.s.d.jpa.repository.query.NamedQuery    : Looking up named query Payment.findByAppointmentId
2026-02-18T03:25:12.597+02:00 DEBUG 704 --- [medical-crm] [main] o.s.d.jpa.repository.query.NamedQuery    : Did not find named query Payment.findByAppointmentId
2026-02-18T03:25:12.597+02:00 DEBUG 704 --- [medical-crm] [main] tor$SharedEntityManagerInvocationHandler : Creating new EntityManager for shared EntityManager invocation
2026-02-18T03:25:12.602+02:00 DEBUG 704 --- [medical-crm] [main] o.s.d.r.c.s.RepositoryFactorySupport     : Finished creation of repository instance for com.medicalcrm.backend.repository.PaymentRepository.
2026-02-18T03:25:12.610+02:00 DEBUG 704 --- [medical-crm] [main] o.s.b.f.s.DefaultListableBeanFactory     : Autowiring by type from bean name 'appointmentServiceImpl' via constructor to bean named 'appointmentRepository'
2026-02-18T03:25:12.610+02:00 DEBUG 704 --- [medical-crm] [main] o.s.b.f.s.DefaultListableBeanFactory     : Autowiring by type from bean name 'appointmentServiceImpl' via constructor to bean named 'patientRepository'
2026-02-18T03:25:12.610+02:00 DEBUG 704 --- [medical-crm] [main] o.s.b.f.s.DefaultListableBeanFactory     : Autowiring by type from bean name 'appointmentServiceImpl' via constructor to bean named 'doctorRepository'
2026-02-18T03:25:12.610+02:00 DEBUG 704 --- [medical-crm] [main] o.s.b.f.s.DefaultListableBeanFactory     : Autowiring by type from bean name 'appointmentServiceImpl' via constructor to bean named 'medicalServiceRepository'
2026-02-18T03:25:12.610+02:00 DEBUG 704 --- [medical-crm] [main] o.s.b.f.s.DefaultListableBeanFactory     : Autowiring by type from bean name 'appointmentServiceImpl' via constructor to bean named 'paymentRepository'
2026-02-18T03:25:12.623+02:00 DEBUG 704 --- [medical-crm] [main] o.s.b.f.s.DefaultListableBeanFactory     : Autowiring by type from bean name 'appointmentController' via constructor to bean named 'appointmentServiceImpl'
2026-02-18T03:25:12.635+02:00 DEBUG 704 --- [medical-crm] [main] o.s.b.f.s.DefaultListableBeanFactory     : Creating shared instance of singleton bean 'authController'
2026-02-18T03:25:12.638+02:00 DEBUG 704 --- [medical-crm] [main] o.s.b.f.s.DefaultListableBeanFactory     : Creating shared instance of singleton bean 'authenticationManager'
2026-02-18T03:25:12.639+02:00 DEBUG 704 --- [medical-crm] [main] o.s.b.f.s.DefaultListableBeanFactory     : Creating shared instance of singleton bean 'org.springframework.security.config.annotation.authentication.configuration.AuthenticationConfiguration'
2026-02-18T03:25:12.641+02:00 DEBUG 704 --- [medical-crm] [main] o.s.b.f.s.DefaultListableBeanFactory     : Creating shared instance of singleton bean 'enableGlobalAuthenticationAutowiredConfigurer'
2026-02-18T03:25:12.642+02:00 DEBUG 704 --- [medical-crm] [main] o.s.b.f.s.DefaultListableBeanFactory     : Autowiring by type from bean name 'enableGlobalAuthenticationAutowiredConfigurer' via factory method to bean named 'org.springframework.boot.web.servlet.context.AnnotationConfigServletWebServerApplicationContext@2dc995f4'
2026-02-18T03:25:12.643+02:00 DEBUG 704 --- [medical-crm] [main] o.s.b.f.s.DefaultListableBeanFactory     : Creating shared instance of singleton bean 'initializeUserDetailsBeanManagerConfigurer'
2026-02-18T03:25:12.643+02:00 DEBUG 704 --- [medical-crm] [main] o.s.b.f.s.DefaultListableBeanFactory     : Autowiring by type from bean name 'initializeUserDetailsBeanManagerConfigurer' via factory method to bean named 'org.springframework.boot.web.servlet.context.AnnotationConfigServletWebServerApplicationContext@2dc995f4'
2026-02-18T03:25:12.645+02:00 DEBUG 704 --- [medical-crm] [main] o.s.b.f.s.DefaultListableBeanFactory     : Creating shared instance of singleton bean 'initializeAuthenticationProviderBeanManagerConfigurer'
2026-02-18T03:25:12.645+02:00 DEBUG 704 --- [medical-crm] [main] o.s.b.f.s.DefaultListableBeanFactory     : Autowiring by type from bean name 'initializeAuthenticationProviderBeanManagerConfigurer' via factory method to bean named 'org.springframework.boot.web.servlet.context.AnnotationConfigServletWebServerApplicationContext@2dc995f4'
2026-02-18T03:25:12.647+02:00 DEBUG 704 --- [medical-crm] [main] o.s.b.f.s.DefaultListableBeanFactory     : Creating shared instance of singleton bean 'objectPostProcessor'
2026-02-18T03:25:12.647+02:00 DEBUG 704 --- [medical-crm] [main] o.s.b.f.s.DefaultListableBeanFactory     : Creating shared instance of singleton bean 'org.springframework.security.config.annotation.configuration.ObjectPostProcessorConfiguration'
2026-02-18T03:25:12.648+02:00 DEBUG 704 --- [medical-crm] [main] o.s.b.f.s.DefaultListableBeanFactory     : Autowiring by type from bean name 'objectPostProcessor' via factory method to bean named 'org.springframework.beans.factory.support.DefaultListableBeanFactory@14f5da2c'
2026-02-18T03:25:12.650+02:00 DEBUG 704 --- [medical-crm] [main] o.s.b.f.s.DefaultListableBeanFactory     : Autowiring by type from bean name 'authenticationManager' via factory method to bean named 'org.springframework.security.config.annotation.authentication.configuration.AuthenticationConfiguration'
2026-02-18T03:25:12.651+02:00 DEBUG 704 --- [medical-crm] [main] o.s.b.f.s.DefaultListableBeanFactory     : Creating shared instance of singleton bean 'authenticationManagerBuilder'
2026-02-18T03:25:12.651+02:00 DEBUG 704 --- [medical-crm] [main] o.s.b.f.s.DefaultListableBeanFactory     : Autowiring by type from bean name 'authenticationManagerBuilder' via factory method to bean named 'objectPostProcessor'
2026-02-18T03:25:12.651+02:00 DEBUG 704 --- [medical-crm] [main] o.s.b.f.s.DefaultListableBeanFactory     : Autowiring by type from bean name 'authenticationManagerBuilder' via factory method to bean named 'org.springframework.boot.web.servlet.context.AnnotationConfigServletWebServerApplicationContext@2dc995f4'
2026-02-18T03:25:12.652+02:00 DEBUG 704 --- [medical-crm] [main] o.s.b.f.s.DefaultListableBeanFactory     : Creating shared instance of singleton bean 'authenticationEventPublisher'
2026-02-18T03:25:12.652+02:00 DEBUG 704 --- [medical-crm] [main] o.s.b.f.s.DefaultListableBeanFactory     : Creating shared instance of singleton bean 'org.springframework.boot.autoconfigure.security.servlet.SecurityAutoConfiguration'
2026-02-18T03:25:12.653+02:00 DEBUG 704 --- [medical-crm] [main] o.s.b.f.s.DefaultListableBeanFactory     : Autowiring by type from bean name 'authenticationEventPublisher' via factory method to bean named 'org.springframework.boot.web.servlet.context.AnnotationConfigServletWebServerApplicationContext@2dc995f4'
2026-02-18T03:25:12.673+02:00 DEBUG 704 --- [medical-crm] [main] o.s.b.f.s.DefaultListableBeanFactory     : Creating shared instance of singleton bean 'org.springframework.boot.autoconfigure.security.servlet.SpringBootWebSecurityConfiguration$WebSecurityEnablerConfiguration'
2026-02-18T03:25:12.675+02:00 DEBUG 704 --- [medical-crm] [main] o.s.b.f.s.DefaultListableBeanFactory     : Creating shared instance of singleton bean 'passwordEncoder'
2026-02-18T03:25:12.695+02:00 DEBUG 704 --- [medical-crm] [main] o.s.b.f.s.DefaultListableBeanFactory     : Autowiring by type from bean name 'authController' via constructor to bean named 'authenticationManager'
2026-02-18T03:25:12.695+02:00 DEBUG 704 --- [medical-crm] [main] o.s.b.f.s.DefaultListableBeanFactory     : Autowiring by type from bean name 'authController' via constructor to bean named 'jwtService'
2026-02-18T03:25:12.695+02:00 DEBUG 704 --- [medical-crm] [main] o.s.b.f.s.DefaultListableBeanFactory     : Creating shared instance of singleton bean 'doctorController'
2026-02-18T03:25:12.697+02:00 DEBUG 704 --- [medical-crm] [main] o.s.b.f.s.DefaultListableBeanFactory     : Creating shared instance of singleton bean 'doctorServiceImpl'
2026-02-18T03:25:12.698+02:00 DEBUG 704 --- [medical-crm] [main] o.s.b.f.s.DefaultListableBeanFactory     : Autowiring by type from bean name 'doctorServiceImpl' via constructor to bean named 'doctorRepository'
2026-02-18T03:25:12.698+02:00 DEBUG 704 --- [medical-crm] [main] o.s.b.f.s.DefaultListableBeanFactory     : Autowiring by type from bean name 'doctorServiceImpl' via constructor to bean named 'appointmentRepository'
2026-02-18T03:25:12.698+02:00 DEBUG 704 --- [medical-crm] [main] o.s.b.f.s.DefaultListableBeanFactory     : Autowiring by type from bean name 'doctorServiceImpl' via constructor to bean named 'userRepository'
2026-02-18T03:25:12.713+02:00 DEBUG 704 --- [medical-crm] [main] o.s.b.f.s.DefaultListableBeanFactory     : Autowiring by type from bean name 'doctorController' via constructor to bean named 'doctorServiceImpl'
2026-02-18T03:25:12.714+02:00 DEBUG 704 --- [medical-crm] [main] o.s.b.f.s.DefaultListableBeanFactory     : Autowiring by type from bean name 'doctorController' via constructor to bean named 'appointmentServiceImpl'
2026-02-18T03:25:12.724+02:00 DEBUG 704 --- [medical-crm] [main] o.s.b.f.s.DefaultListableBeanFactory     : Creating shared instance of singleton bean 'medicalServiceController'
2026-02-18T03:25:12.729+02:00 DEBUG 704 --- [medical-crm] [main] o.s.b.f.s.DefaultListableBeanFactory     : Creating shared instance of singleton bean 'medicalServiceServiceImpl'
2026-02-18T03:25:12.730+02:00 DEBUG 704 --- [medical-crm] [main] o.s.b.f.s.DefaultListableBeanFactory     : Autowiring by type from bean name 'medicalServiceServiceImpl' via constructor to bean named 'medicalServiceRepository'
2026-02-18T03:25:12.737+02:00 DEBUG 704 --- [medical-crm] [main] o.s.b.f.s.DefaultListableBeanFactory     : Autowiring by type from bean name 'medicalServiceController' via constructor to bean named 'medicalServiceServiceImpl'
2026-02-18T03:25:12.744+02:00 DEBUG 704 --- [medical-crm] [main] o.s.b.f.s.DefaultListableBeanFactory     : Creating shared instance of singleton bean 'patientController'
2026-02-18T03:25:12.747+02:00 DEBUG 704 --- [medical-crm] [main] o.s.b.f.s.DefaultListableBeanFactory     : Creating shared instance of singleton bean 'patientServiceImpl'
2026-02-18T03:25:12.748+02:00 DEBUG 704 --- [medical-crm] [main] o.s.b.f.s.DefaultListableBeanFactory     : Autowiring by type from bean name 'patientServiceImpl' via constructor to bean named 'patientRepository'
2026-02-18T03:25:12.748+02:00 DEBUG 704 --- [medical-crm] [main] o.s.b.f.s.DefaultListableBeanFactory     : Autowiring by type from bean name 'patientServiceImpl' via constructor to bean named 'appointmentRepository'
2026-02-18T03:25:12.748+02:00 DEBUG 704 --- [medical-crm] [main] o.s.b.f.s.DefaultListableBeanFactory     : Autowiring by type from bean name 'patientServiceImpl' via constructor to bean named 'paymentRepository'
2026-02-18T03:25:12.748+02:00 DEBUG 704 --- [medical-crm] [main] o.s.b.f.s.DefaultListableBeanFactory     : Autowiring by type from bean name 'patientServiceImpl' via constructor to bean named 'userRepository'
2026-02-18T03:25:12.755+02:00 DEBUG 704 --- [medical-crm] [main] o.s.b.f.s.DefaultListableBeanFactory     : Autowiring by type from bean name 'patientController' via constructor to bean named 'patientServiceImpl'
2026-02-18T03:25:12.762+02:00 DEBUG 704 --- [medical-crm] [main] o.s.b.f.s.DefaultListableBeanFactory     : Creating shared instance of singleton bean 'paymentController'
2026-02-18T03:25:12.766+02:00 DEBUG 704 --- [medical-crm] [main] o.s.b.f.s.DefaultListableBeanFactory     : Creating shared instance of singleton bean 'paymentServiceImpl'
2026-02-18T03:25:12.767+02:00 DEBUG 704 --- [medical-crm] [main] o.s.b.f.s.DefaultListableBeanFactory     : Autowiring by type from bean name 'paymentServiceImpl' via constructor to bean named 'paymentRepository'
2026-02-18T03:25:12.767+02:00 DEBUG 704 --- [medical-crm] [main] o.s.b.f.s.DefaultListableBeanFactory     : Autowiring by type from bean name 'paymentServiceImpl' via constructor to bean named 'appointmentRepository'
2026-02-18T03:25:12.767+02:00 DEBUG 704 --- [medical-crm] [main] o.s.b.f.s.DefaultListableBeanFactory     : Autowiring by type from bean name 'paymentServiceImpl' via constructor to bean named 'patientRepository'
2026-02-18T03:25:12.767+02:00 DEBUG 704 --- [medical-crm] [main] o.s.b.f.s.DefaultListableBeanFactory     : Autowiring by type from bean name 'paymentServiceImpl' via constructor to bean named 'doctorRepository'
2026-02-18T03:25:12.774+02:00 DEBUG 704 --- [medical-crm] [main] o.s.b.f.s.DefaultListableBeanFactory     : Autowiring by type from bean name 'paymentController' via constructor to bean named 'paymentServiceImpl'
2026-02-18T03:25:12.780+02:00 DEBUG 704 --- [medical-crm] [main] o.s.b.f.s.DefaultListableBeanFactory     : Creating shared instance of singleton bean 'userController'
2026-02-18T03:25:12.784+02:00 DEBUG 704 --- [medical-crm] [main] o.s.b.f.s.DefaultListableBeanFactory     : Creating shared instance of singleton bean 'userServiceImpl'
2026-02-18T03:25:12.785+02:00 DEBUG 704 --- [medical-crm] [main] o.s.b.f.s.DefaultListableBeanFactory     : Autowiring by type from bean name 'userServiceImpl' via constructor to bean named 'userRepository'
2026-02-18T03:25:12.785+02:00 DEBUG 704 --- [medical-crm] [main] o.s.b.f.s.DefaultListableBeanFactory     : Autowiring by type from bean name 'userServiceImpl' via constructor to bean named 'passwordEncoder'
2026-02-18T03:25:12.792+02:00 DEBUG 704 --- [medical-crm] [main] o.s.b.f.s.DefaultListableBeanFactory     : Autowiring by type from bean name 'userController' via constructor to bean named 'userServiceImpl'
2026-02-18T03:25:12.797+02:00 DEBUG 704 --- [medical-crm] [main] o.s.b.f.s.DefaultListableBeanFactory     : Creating shared instance of singleton bean 'globalExceptionHandler'
2026-02-18T03:25:12.801+02:00 DEBUG 704 --- [medical-crm] [main] o.s.b.f.s.DefaultListableBeanFactory     : Creating shared instance of singleton bean 'logClass'
2026-02-18T03:25:12.802+02:00 DEBUG 704 --- [medical-crm] [main] o.s.b.f.s.DefaultListableBeanFactory     : Creating shared instance of singleton bean 'org.springframework.security.config.annotation.method.configuration.PrePostMethodSecurityConfiguration'
2026-02-18T03:25:12.802+02:00 DEBUG 704 --- [medical-crm] [main] o.s.b.f.s.DefaultListableBeanFactory     : Creating shared instance of singleton bean 'preFilterAuthorizationMethodInterceptor'
2026-02-18T03:25:12.803+02:00 DEBUG 704 --- [medical-crm] [main] o.s.b.f.s.DefaultListableBeanFactory     : Autowiring by type from bean name 'preFilterAuthorizationMethodInterceptor' via factory method to bean named 'org.springframework.boot.web.servlet.context.AnnotationConfigServletWebServerApplicationContext@2dc995f4'
2026-02-18T03:25:12.803+02:00 DEBUG 704 --- [medical-crm] [main] o.s.b.f.s.DefaultListableBeanFactory     : Creating shared instance of singleton bean 'preAuthorizeAuthorizationMethodInterceptor'
2026-02-18T03:25:12.803+02:00 DEBUG 704 --- [medical-crm] [main] o.s.b.f.s.DefaultListableBeanFactory     : Autowiring by type from bean name 'preAuthorizeAuthorizationMethodInterceptor' via factory method to bean named 'org.springframework.boot.web.servlet.context.AnnotationConfigServletWebServerApplicationContext@2dc995f4'
2026-02-18T03:25:12.804+02:00 DEBUG 704 --- [medical-crm] [main] o.s.b.f.s.DefaultListableBeanFactory     : Creating shared instance of singleton bean 'postAuthorizeAuthorizationMethodInterceptor'
2026-02-18T03:25:12.804+02:00 DEBUG 704 --- [medical-crm] [main] o.s.b.f.s.DefaultListableBeanFactory     : Autowiring by type from bean name 'postAuthorizeAuthorizationMethodInterceptor' via factory method to bean named 'org.springframework.boot.web.servlet.context.AnnotationConfigServletWebServerApplicationContext@2dc995f4'
2026-02-18T03:25:12.805+02:00 DEBUG 704 --- [medical-crm] [main] o.s.b.f.s.DefaultListableBeanFactory     : Creating shared instance of singleton bean 'postFilterAuthorizationMethodInterceptor'
2026-02-18T03:25:12.805+02:00 DEBUG 704 --- [medical-crm] [main] o.s.b.f.s.DefaultListableBeanFactory     : Autowiring by type from bean name 'postFilterAuthorizationMethodInterceptor' via factory method to bean named 'org.springframework.boot.web.servlet.context.AnnotationConfigServletWebServerApplicationContext@2dc995f4'
2026-02-18T03:25:12.805+02:00 DEBUG 704 --- [medical-crm] [main] o.s.b.f.s.DefaultListableBeanFactory     : Creating shared instance of singleton bean 'securityFilterChain'
2026-02-18T03:25:12.805+02:00 DEBUG 704 --- [medical-crm] [main] o.s.b.f.s.DefaultListableBeanFactory     : Creating shared instance of singleton bean 'org.springframework.security.config.annotation.web.configuration.HttpSecurityConfiguration'
2026-02-18T03:25:12.810+02:00 DEBUG 704 --- [medical-crm] [main] o.s.b.f.s.DefaultListableBeanFactory     : Creating shared instance of singleton bean 'mvcContentNegotiationManager'
2026-02-18T03:25:12.810+02:00 DEBUG 704 --- [medical-crm] [main] o.s.b.f.s.DefaultListableBeanFactory     : Creating shared instance of singleton bean 'org.springframework.boot.autoconfigure.web.servlet.WebMvcAutoConfiguration$EnableWebMvcConfiguration'
2026-02-18T03:25:12.812+02:00 DEBUG 704 --- [medical-crm] [main] o.s.b.f.s.DefaultListableBeanFactory     : Creating shared instance of singleton bean 'spring.web-org.springframework.boot.autoconfigure.web.WebProperties'
2026-02-18T03:25:12.817+02:00 DEBUG 704 --- [medical-crm] [main] o.s.b.f.s.DefaultListableBeanFactory     : Autowiring by type from bean name 'org.springframework.boot.autoconfigure.web.servlet.WebMvcAutoConfiguration$EnableWebMvcConfiguration' via constructor to bean named 'spring.mvc-org.springframework.boot.autoconfigure.web.servlet.WebMvcProperties'
2026-02-18T03:25:12.817+02:00 DEBUG 704 --- [medical-crm] [main] o.s.b.f.s.DefaultListableBeanFactory     : Autowiring by type from bean name 'org.springframework.boot.autoconfigure.web.servlet.WebMvcAutoConfiguration$EnableWebMvcConfiguration' via constructor to bean named 'spring.web-org.springframework.boot.autoconfigure.web.WebProperties'
2026-02-18T03:25:12.817+02:00 DEBUG 704 --- [medical-crm] [main] o.s.b.f.s.DefaultListableBeanFactory     : Autowiring by type from bean name 'org.springframework.boot.autoconfigure.web.servlet.WebMvcAutoConfiguration$EnableWebMvcConfiguration' via constructor to bean named 'org.springframework.beans.factory.support.DefaultListableBeanFactory@14f5da2c'
2026-02-18T03:25:12.822+02:00 DEBUG 704 --- [medical-crm] [main] o.s.b.f.s.DefaultListableBeanFactory     : Creating shared instance of singleton bean 'org.springframework.boot.autoconfigure.web.servlet.WebMvcAutoConfiguration$WebMvcAutoConfigurationAdapter'
2026-02-18T03:25:12.822+02:00 DEBUG 704 --- [medical-crm] [main] o.s.b.f.s.DefaultListableBeanFactory     : Autowiring by type from bean name 'org.springframework.boot.autoconfigure.web.servlet.WebMvcAutoConfiguration$WebMvcAutoConfigurationAdapter' via constructor to bean named 'spring.web-org.springframework.boot.autoconfigure.web.WebProperties'
2026-02-18T03:25:12.823+02:00 DEBUG 704 --- [medical-crm] [main] o.s.b.f.s.DefaultListableBeanFactory     : Autowiring by type from bean name 'org.springframework.boot.autoconfigure.web.servlet.WebMvcAutoConfiguration$WebMvcAutoConfigurationAdapter' via constructor to bean named 'spring.mvc-org.springframework.boot.autoconfigure.web.servlet.WebMvcProperties'
2026-02-18T03:25:12.823+02:00 DEBUG 704 --- [medical-crm] [main] o.s.b.f.s.DefaultListableBeanFactory     : Autowiring by type from bean name 'org.springframework.boot.autoconfigure.web.servlet.WebMvcAutoConfiguration$WebMvcAutoConfigurationAdapter' via constructor to bean named 'org.springframework.beans.factory.support.DefaultListableBeanFactory@14f5da2c'
2026-02-18T03:25:12.827+02:00 DEBUG 704 --- [medical-crm] [main] o.s.b.f.s.DefaultListableBeanFactory     : Creating shared instance of singleton bean 'openEntityManagerInViewInterceptorConfigurer'
2026-02-18T03:25:12.827+02:00 DEBUG 704 --- [medical-crm] [main] o.s.b.f.s.DefaultListableBeanFactory     : Creating shared instance of singleton bean 'org.springframework.boot.autoconfigure.orm.jpa.JpaBaseConfiguration$JpaWebConfiguration'
2026-02-18T03:25:12.828+02:00 DEBUG 704 --- [medical-crm] [main] o.s.b.f.s.DefaultListableBeanFactory     : Autowiring by type from bean name 'org.springframework.boot.autoconfigure.orm.jpa.JpaBaseConfiguration$JpaWebConfiguration' via constructor to bean named 'spring.jpa-org.springframework.boot.autoconfigure.orm.jpa.JpaProperties'
2026-02-18T03:25:12.829+02:00 DEBUG 704 --- [medical-crm] [main] o.s.b.f.s.DefaultListableBeanFactory     : Creating shared instance of singleton bean 'openEntityManagerInViewInterceptor'
2026-02-18T03:25:12.829+02:00  WARN 704 --- [medical-crm] [main] JpaBaseConfiguration$JpaWebConfiguration : spring.jpa.open-in-view is enabled by default. Therefore, database queries may be performed during view rendering. Explicitly configure spring.jpa.open-in-view to disable this warning
2026-02-18T03:25:12.833+02:00 DEBUG 704 --- [medical-crm] [main] o.s.b.f.s.DefaultListableBeanFactory     : Autowiring by type from bean name 'openEntityManagerInViewInterceptorConfigurer' via factory method to bean named 'openEntityManagerInViewInterceptor'
2026-02-18T03:25:12.835+02:00 DEBUG 704 --- [medical-crm] [main] o.s.b.f.s.DefaultListableBeanFactory     : Creating shared instance of singleton bean 'org.springframework.data.web.config.SpringDataWebConfiguration'
2026-02-18T03:25:12.836+02:00 DEBUG 704 --- [medical-crm] [main] o.s.b.f.s.DefaultListableBeanFactory     : Autowiring by type from bean name 'org.springframework.data.web.config.SpringDataWebConfiguration' via constructor to bean named 'org.springframework.boot.web.servlet.context.AnnotationConfigServletWebServerApplicationContext@2dc995f4'
2026-02-18T03:25:12.841+02:00 DEBUG 704 --- [medical-crm] [main] o.s.b.f.s.DefaultListableBeanFactory     : Creating shared instance of singleton bean 'org.springframework.security.config.annotation.web.configuration.WebMvcSecurityConfiguration'
2026-02-18T03:25:12.924+02:00 DEBUG 704 --- [medical-crm] [main] o.s.b.f.s.DefaultListableBeanFactory     : Autowiring by type from bean name 'securityFilterChain' via factory method to bean named 'org.springframework.security.config.annotation.web.configuration.HttpSecurityConfiguration.httpSecurity'
2026-02-18T03:25:12.929+02:00 DEBUG 704 --- [medical-crm] [main] o.s.b.f.s.DefaultListableBeanFactory     : Creating shared instance of singleton bean 'mvcHandlerMappingIntrospector'
2026-02-18T03:25:12.933+02:00 DEBUG 704 --- [medical-crm] [main] o.s.b.f.s.DefaultListableBeanFactory     : Creating shared instance of singleton bean 'welcomePageHandlerMapping'
2026-02-18T03:25:12.934+02:00 DEBUG 704 --- [medical-crm] [main] o.s.b.f.s.DefaultListableBeanFactory     : Creating shared instance of singleton bean 'mvcConversionService'
2026-02-18T03:25:12.946+02:00 DEBUG 704 --- [medical-crm] [main] o.s.b.f.s.DefaultListableBeanFactory     : Creating shared instance of singleton bean 'mvcResourceUrlProvider'
2026-02-18T03:25:12.949+02:00 DEBUG 704 --- [medical-crm] [main] o.s.b.f.s.DefaultListableBeanFactory     : Autowiring by type from bean name 'welcomePageHandlerMapping' via factory method to bean named 'org.springframework.boot.web.servlet.context.AnnotationConfigServletWebServerApplicationContext@2dc995f4'
2026-02-18T03:25:12.949+02:00 DEBUG 704 --- [medical-crm] [main] o.s.b.f.s.DefaultListableBeanFactory     : Autowiring by type from bean name 'welcomePageHandlerMapping' via factory method to bean named 'mvcConversionService'
2026-02-18T03:25:12.949+02:00 DEBUG 704 --- [medical-crm] [main] o.s.b.f.s.DefaultListableBeanFactory     : Autowiring by type from bean name 'welcomePageHandlerMapping' via factory method to bean named 'mvcResourceUrlProvider'
2026-02-18T03:25:12.971+02:00 DEBUG 704 --- [medical-crm] [main] o.s.b.f.s.DefaultListableBeanFactory     : Creating shared instance of singleton bean 'welcomePageNotAcceptableHandlerMapping'
2026-02-18T03:25:12.971+02:00 DEBUG 704 --- [medical-crm] [main] o.s.b.f.s.DefaultListableBeanFactory     : Autowiring by type from bean name 'welcomePageNotAcceptableHandlerMapping' via factory method to bean named 'org.springframework.boot.web.servlet.context.AnnotationConfigServletWebServerApplicationContext@2dc995f4'
2026-02-18T03:25:12.972+02:00 DEBUG 704 --- [medical-crm] [main] o.s.b.f.s.DefaultListableBeanFactory     : Autowiring by type from bean name 'welcomePageNotAcceptableHandlerMapping' via factory method to bean named 'mvcConversionService'
2026-02-18T03:25:12.972+02:00 DEBUG 704 --- [medical-crm] [main] o.s.b.f.s.DefaultListableBeanFactory     : Autowiring by type from bean name 'welcomePageNotAcceptableHandlerMapping' via factory method to bean named 'mvcResourceUrlProvider'
2026-02-18T03:25:12.980+02:00 DEBUG 704 --- [medical-crm] [main] o.s.b.f.s.DefaultListableBeanFactory     : Creating shared instance of singleton bean 'requestMappingHandlerMapping'
2026-02-18T03:25:12.982+02:00 DEBUG 704 --- [medical-crm] [main] o.s.b.f.s.DefaultListableBeanFactory     : Autowiring by type from bean name 'requestMappingHandlerMapping' via factory method to bean named 'mvcContentNegotiationManager'
2026-02-18T03:25:12.982+02:00 DEBUG 704 --- [medical-crm] [main] o.s.b.f.s.DefaultListableBeanFactory     : Autowiring by type from bean name 'requestMappingHandlerMapping' via factory method to bean named 'mvcConversionService'
2026-02-18T03:25:12.982+02:00 DEBUG 704 --- [medical-crm] [main] o.s.b.f.s.DefaultListableBeanFactory     : Autowiring by type from bean name 'requestMappingHandlerMapping' via factory method to bean named 'mvcResourceUrlProvider'
2026-02-18T03:25:13.083+02:00 DEBUG 704 --- [medical-crm] [main] s.w.s.m.m.a.RequestMappingHandlerMapping : 61 mappings in 'requestMappingHandlerMapping'
2026-02-18T03:25:13.097+02:00 DEBUG 704 --- [medical-crm] [main] o.s.b.f.s.DefaultListableBeanFactory     : Creating shared instance of singleton bean 'viewControllerHandlerMapping'
2026-02-18T03:25:13.097+02:00 DEBUG 704 --- [medical-crm] [main] o.s.b.f.s.DefaultListableBeanFactory     : Autowiring by type from bean name 'viewControllerHandlerMapping' via factory method to bean named 'mvcConversionService'
2026-02-18T03:25:13.097+02:00 DEBUG 704 --- [medical-crm] [main] o.s.b.f.s.DefaultListableBeanFactory     : Autowiring by type from bean name 'viewControllerHandlerMapping' via factory method to bean named 'mvcResourceUrlProvider'
2026-02-18T03:25:13.098+02:00 DEBUG 704 --- [medical-crm] [main] o.s.b.f.s.DefaultListableBeanFactory     : Creating shared instance of singleton bean 'beanNameHandlerMapping'
2026-02-18T03:25:13.099+02:00 DEBUG 704 --- [medical-crm] [main] o.s.b.f.s.DefaultListableBeanFactory     : Autowiring by type from bean name 'beanNameHandlerMapping' via factory method to bean named 'mvcConversionService'
2026-02-18T03:25:13.099+02:00 DEBUG 704 --- [medical-crm] [main] o.s.b.f.s.DefaultListableBeanFactory     : Autowiring by type from bean name 'beanNameHandlerMapping' via factory method to bean named 'mvcResourceUrlProvider'
2026-02-18T03:25:13.108+02:00 DEBUG 704 --- [medical-crm] [main] o.s.b.f.s.DefaultListableBeanFactory     : Creating shared instance of singleton bean 'routerFunctionMapping'
2026-02-18T03:25:13.108+02:00 DEBUG 704 --- [medical-crm] [main] o.s.b.f.s.DefaultListableBeanFactory     : Autowiring by type from bean name 'routerFunctionMapping' via factory method to bean named 'mvcConversionService'
2026-02-18T03:25:13.108+02:00 DEBUG 704 --- [medical-crm] [main] o.s.b.f.s.DefaultListableBeanFactory     : Autowiring by type from bean name 'routerFunctionMapping' via factory method to bean named 'mvcResourceUrlProvider'
2026-02-18T03:25:13.109+02:00 DEBUG 704 --- [medical-crm] [main] o.s.b.f.s.DefaultListableBeanFactory     : Creating shared instance of singleton bean 'messageConverters'
2026-02-18T03:25:13.109+02:00 DEBUG 704 --- [medical-crm] [main] o.s.b.f.s.DefaultListableBeanFactory     : Creating shared instance of singleton bean 'org.springframework.boot.autoconfigure.http.HttpMessageConvertersAutoConfiguration'
2026-02-18T03:25:13.113+02:00 DEBUG 704 --- [medical-crm] [main] o.s.b.f.s.DefaultListableBeanFactory     : Creating shared instance of singleton bean 'stringHttpMessageConverter'
2026-02-18T03:25:13.113+02:00 DEBUG 704 --- [medical-crm] [main] o.s.b.f.s.DefaultListableBeanFactory     : Creating shared instance of singleton bean 'org.springframework.boot.autoconfigure.http.HttpMessageConvertersAutoConfiguration$StringHttpMessageConverterConfiguration'
2026-02-18T03:25:13.114+02:00 DEBUG 704 --- [medical-crm] [main] o.s.b.f.s.DefaultListableBeanFactory     : Autowiring by type from bean name 'stringHttpMessageConverter' via factory method to bean named 'environment'
2026-02-18T03:25:13.118+02:00 DEBUG 704 --- [medical-crm] [main] o.s.b.f.s.DefaultListableBeanFactory     : Creating shared instance of singleton bean 'mappingJackson2HttpMessageConverter'
2026-02-18T03:25:13.118+02:00 DEBUG 704 --- [medical-crm] [main] o.s.b.f.s.DefaultListableBeanFactory     : Creating shared instance of singleton bean 'org.springframework.boot.autoconfigure.http.JacksonHttpMessageConvertersConfiguration$MappingJackson2HttpMessageConverterConfiguration'
2026-02-18T03:25:13.119+02:00 DEBUG 704 --- [medical-crm] [main] o.s.b.f.s.DefaultListableBeanFactory     : Creating shared instance of singleton bean 'jacksonObjectMapper'
2026-02-18T03:25:13.120+02:00 DEBUG 704 --- [medical-crm] [main] o.s.b.f.s.DefaultListableBeanFactory     : Creating shared instance of singleton bean 'org.springframework.boot.autoconfigure.jackson.JacksonAutoConfiguration$JacksonObjectMapperConfiguration'
2026-02-18T03:25:13.120+02:00 DEBUG 704 --- [medical-crm] [main] o.s.b.f.s.DefaultListableBeanFactory     : Creating shared instance of singleton bean 'org.springframework.boot.autoconfigure.jackson.JacksonAutoConfiguration$JacksonObjectMapperBuilderConfiguration'
2026-02-18T03:25:13.121+02:00 DEBUG 704 --- [medical-crm] [main] o.s.b.f.s.DefaultListableBeanFactory     : Creating shared instance of singleton bean 'standardJacksonObjectMapperBuilderCustomizer'
2026-02-18T03:25:13.122+02:00 DEBUG 704 --- [medical-crm] [main] o.s.b.f.s.DefaultListableBeanFactory     : Creating shared instance of singleton bean 'org.springframework.boot.autoconfigure.jackson.JacksonAutoConfiguration$Jackson2ObjectMapperBuilderCustomizerConfiguration'
2026-02-18T03:25:13.123+02:00 DEBUG 704 --- [medical-crm] [main] o.s.b.f.s.DefaultListableBeanFactory     : Creating shared instance of singleton bean 'spring.jackson-org.springframework.boot.autoconfigure.jackson.JacksonProperties'
2026-02-18T03:25:13.128+02:00 DEBUG 704 --- [medical-crm] [main] o.s.b.f.s.DefaultListableBeanFactory     : Autowiring by type from bean name 'standardJacksonObjectMapperBuilderCustomizer' via factory method to bean named 'spring.jackson-org.springframework.boot.autoconfigure.jackson.JacksonProperties'
2026-02-18T03:25:13.129+02:00 DEBUG 704 --- [medical-crm] [main] o.s.b.f.s.DefaultListableBeanFactory     : Creating shared instance of singleton bean 'parameterNamesModule'
2026-02-18T03:25:13.129+02:00 DEBUG 704 --- [medical-crm] [main] o.s.b.f.s.DefaultListableBeanFactory     : Creating shared instance of singleton bean 'org.springframework.boot.autoconfigure.jackson.JacksonAutoConfiguration$ParameterNamesModuleConfiguration'
2026-02-18T03:25:13.134+02:00 DEBUG 704 --- [medical-crm] [main] o.s.b.f.s.DefaultListableBeanFactory     : Creating shared instance of singleton bean 'jsonMixinModule'
2026-02-18T03:25:13.134+02:00 DEBUG 704 --- [medical-crm] [main] o.s.b.f.s.DefaultListableBeanFactory     : Creating shared instance of singleton bean 'org.springframework.boot.autoconfigure.jackson.JacksonAutoConfiguration$JacksonMixinConfiguration'
2026-02-18T03:25:13.135+02:00 DEBUG 704 --- [medical-crm] [main] o.s.b.f.s.DefaultListableBeanFactory     : Creating shared instance of singleton bean 'jsonMixinModuleEntries'
2026-02-18T03:25:13.135+02:00 DEBUG 704 --- [medical-crm] [main] o.s.b.f.s.DefaultListableBeanFactory     : Autowiring by type from bean name 'jsonMixinModuleEntries' via factory method to bean named 'org.springframework.boot.web.servlet.context.AnnotationConfigServletWebServerApplicationContext@2dc995f4'
2026-02-18T03:25:13.146+02:00 DEBUG 704 --- [medical-crm] [main] o.s.b.f.s.DefaultListableBeanFactory     : Autowiring by type from bean name 'jsonMixinModule' via factory method to bean named 'org.springframework.boot.web.servlet.context.AnnotationConfigServletWebServerApplicationContext@2dc995f4'
2026-02-18T03:25:13.146+02:00 DEBUG 704 --- [medical-crm] [main] o.s.b.f.s.DefaultListableBeanFactory     : Autowiring by type from bean name 'jsonMixinModule' via factory method to bean named 'jsonMixinModuleEntries'
2026-02-18T03:25:13.148+02:00 DEBUG 704 --- [medical-crm] [main] o.s.b.f.s.DefaultListableBeanFactory     : Creating shared instance of singleton bean 'jsonComponentModule'
2026-02-18T03:25:13.148+02:00 DEBUG 704 --- [medical-crm] [main] o.s.b.f.s.DefaultListableBeanFactory     : Creating shared instance of singleton bean 'org.springframework.boot.autoconfigure.jackson.JacksonAutoConfiguration'
2026-02-18T03:25:13.155+02:00 DEBUG 704 --- [medical-crm] [main] o.s.b.f.s.DefaultListableBeanFactory     : Creating shared instance of singleton bean 'jacksonGeoModule'
2026-02-18T03:25:13.155+02:00 DEBUG 704 --- [medical-crm] [main] o.s.b.f.s.DefaultListableBeanFactory     : Creating shared instance of singleton bean 'org.springframework.data.web.config.SpringDataJacksonConfiguration'
2026-02-18T03:25:13.160+02:00 DEBUG 704 --- [medical-crm] [main] o.s.b.f.s.DefaultListableBeanFactory     : Creating shared instance of singleton bean 'pageModule'
2026-02-18T03:25:13.164+02:00 DEBUG 704 --- [medical-crm] [main] o.s.b.f.s.DefaultListableBeanFactory     : Autowiring by type from bean name 'jacksonObjectMapperBuilder' via factory method to bean named 'org.springframework.boot.web.servlet.context.AnnotationConfigServletWebServerApplicationContext@2dc995f4'
2026-02-18T03:25:13.164+02:00 DEBUG 704 --- [medical-crm] [main] o.s.b.f.s.DefaultListableBeanFactory     : Autowiring by type from bean name 'jacksonObjectMapperBuilder' via factory method to bean named 'standardJacksonObjectMapperBuilderCustomizer'
2026-02-18T03:25:13.168+02:00 DEBUG 704 --- [medical-crm] [main] o.s.b.f.s.DefaultListableBeanFactory     : Autowiring by type from bean name 'jacksonObjectMapper' via factory method to bean named 'jacksonObjectMapperBuilder'
2026-02-18T03:25:13.205+02:00 DEBUG 704 --- [medical-crm] [main] o.s.b.f.s.DefaultListableBeanFactory     : Autowiring by type from bean name 'mappingJackson2HttpMessageConverter' via factory method to bean named 'jacksonObjectMapper'
2026-02-18T03:25:13.223+02:00 DEBUG 704 --- [medical-crm] [main] o.s.b.f.s.DefaultListableBeanFactory     : Creating shared instance of singleton bean 'resourceHandlerMapping'
2026-02-18T03:25:13.224+02:00 DEBUG 704 --- [medical-crm] [main] o.s.b.f.s.DefaultListableBeanFactory     : Autowiring by type from bean name 'resourceHandlerMapping' via factory method to bean named 'mvcContentNegotiationManager'
2026-02-18T03:25:13.224+02:00 DEBUG 704 --- [medical-crm] [main] o.s.b.f.s.DefaultListableBeanFactory     : Autowiring by type from bean name 'resourceHandlerMapping' via factory method to bean named 'mvcConversionService'
2026-02-18T03:25:13.224+02:00 DEBUG 704 --- [medical-crm] [main] o.s.b.f.s.DefaultListableBeanFactory     : Autowiring by type from bean name 'resourceHandlerMapping' via factory method to bean named 'mvcResourceUrlProvider'
2026-02-18T03:25:13.235+02:00 DEBUG 704 --- [medical-crm] [main] o.s.w.s.handler.SimpleUrlHandlerMapping  : Patterns [/webjars/**, /**] in 'resourceHandlerMapping'
2026-02-18T03:25:13.243+02:00 DEBUG 704 --- [medical-crm] [main] o.s.b.f.s.DefaultListableBeanFactory     : Creating shared instance of singleton bean 'defaultServletHandlerMapping'
2026-02-18T03:25:13.298+02:00  INFO 704 --- [medical-crm] [main] o.s.s.web.DefaultSecurityFilterChain     : Will secure any request with [org.springframework.security.web.session.DisableEncodeUrlFilter@a59324f, org.springframework.security.web.context.request.async.WebAsyncManagerIntegrationFilter@427c8f6, org.springframework.security.web.context.SecurityContextHolderFilter@9fe1e14, org.springframework.security.web.header.HeaderWriterFilter@590182a6, org.springframework.web.filter.CorsFilter@226346d4, org.springframework.security.web.authentication.logout.LogoutFilter@1d4ee7d7, com.medicalcrm.backend.security.JwtAuthenticationFilter@73e63b4d, org.springframework.security.web.savedrequest.RequestCacheAwareFilter@41d34a11, org.springframework.security.web.servletapi.SecurityContextHolderAwareRequestFilter@2a58d00a, org.springframework.security.web.authentication.AnonymousAuthenticationFilter@7aeb5402, org.springframework.security.web.session.SessionManagementFilter@1b13e4fb, org.springframework.security.web.access.ExceptionTranslationFilter@701c092c, org.springframework.security.web.access.intercept.AuthorizationFilter@70efc3f9]
2026-02-18T03:25:13.299+02:00 DEBUG 704 --- [medical-crm] [main] o.s.b.f.s.DefaultListableBeanFactory     : Creating shared instance of singleton bean 'api'
2026-02-18T03:25:13.312+02:00 DEBUG 704 --- [medical-crm] [main] o.s.b.f.s.DefaultListableBeanFactory     : Creating shared instance of singleton bean 'org.springframework.boot.autoconfigure.context.PropertyPlaceholderAutoConfiguration'
2026-02-18T03:25:13.313+02:00 DEBUG 704 --- [medical-crm] [main] o.s.b.f.s.DefaultListableBeanFactory     : Creating shared instance of singleton bean 'org.springframework.boot.autoconfigure.websocket.servlet.WebSocketServletAutoConfiguration'
2026-02-18T03:25:13.313+02:00 DEBUG 704 --- [medical-crm] [main] o.s.b.f.s.DefaultListableBeanFactory     : Creating shared instance of singleton bean 'org.springframework.boot.autoconfigure.web.servlet.DispatcherServletAutoConfiguration'
2026-02-18T03:25:13.314+02:00 DEBUG 704 --- [medical-crm] [main] o.s.b.f.s.DefaultListableBeanFactory     : Creating shared instance of singleton bean 'org.springframework.boot.autoconfigure.task.TaskExecutorConfigurations$ThreadPoolTaskExecutorBuilderConfiguration'
2026-02-18T03:25:13.314+02:00 DEBUG 704 --- [medical-crm] [main] o.s.b.f.s.DefaultListableBeanFactory     : Creating shared instance of singleton bean 'threadPoolTaskExecutorBuilder'
2026-02-18T03:25:13.315+02:00 DEBUG 704 --- [medical-crm] [main] o.s.b.f.s.DefaultListableBeanFactory     : Creating shared instance of singleton bean 'spring.task.execution-org.springframework.boot.autoconfigure.task.TaskExecutionProperties'
2026-02-18T03:25:13.317+02:00 DEBUG 704 --- [medical-crm] [main] o.s.b.f.s.DefaultListableBeanFactory     : Autowiring by type from bean name 'threadPoolTaskExecutorBuilder' via factory method to bean named 'spring.task.execution-org.springframework.boot.autoconfigure.task.TaskExecutionProperties'
2026-02-18T03:25:13.320+02:00 DEBUG 704 --- [medical-crm] [main] o.s.b.f.s.DefaultListableBeanFactory     : Creating shared instance of singleton bean 'org.springframework.boot.autoconfigure.task.TaskExecutorConfigurations$TaskExecutorBuilderConfiguration'
2026-02-18T03:25:13.321+02:00 DEBUG 704 --- [medical-crm] [main] o.s.b.f.s.DefaultListableBeanFactory     : Creating shared instance of singleton bean 'taskExecutorBuilder'
2026-02-18T03:25:13.321+02:00 DEBUG 704 --- [medical-crm] [main] o.s.b.f.s.DefaultListableBeanFactory     : Autowiring by type from bean name 'taskExecutorBuilder' via factory method to bean named 'spring.task.execution-org.springframework.boot.autoconfigure.task.TaskExecutionProperties'
2026-02-18T03:25:13.323+02:00 DEBUG 704 --- [medical-crm] [main] o.s.b.f.s.DefaultListableBeanFactory     : Creating shared instance of singleton bean 'org.springframework.boot.autoconfigure.task.TaskExecutorConfigurations$SimpleAsyncTaskExecutorBuilderConfiguration'
2026-02-18T03:25:13.323+02:00 DEBUG 704 --- [medical-crm] [main] o.s.b.f.s.DefaultListableBeanFactory     : Autowiring by type from bean name 'org.springframework.boot.autoconfigure.task.TaskExecutorConfigurations$SimpleAsyncTaskExecutorBuilderConfiguration' via constructor to bean named 'spring.task.execution-org.springframework.boot.autoconfigure.task.TaskExecutionProperties'
2026-02-18T03:25:13.324+02:00 DEBUG 704 --- [medical-crm] [main] o.s.b.f.s.DefaultListableBeanFactory     : Creating shared instance of singleton bean 'simpleAsyncTaskExecutorBuilder'
2026-02-18T03:25:13.325+02:00 DEBUG 704 --- [medical-crm] [main] o.s.b.f.s.DefaultListableBeanFactory     : Creating shared instance of singleton bean 'org.springframework.boot.autoconfigure.task.TaskExecutorConfigurations$TaskExecutorConfiguration'
2026-02-18T03:25:13.326+02:00 DEBUG 704 --- [medical-crm] [main] o.s.b.f.s.DefaultListableBeanFactory     : Creating shared instance of singleton bean 'org.springframework.boot.autoconfigure.task.TaskExecutionAutoConfiguration'
2026-02-18T03:25:13.327+02:00 DEBUG 704 --- [medical-crm] [main] o.s.b.f.s.DefaultListableBeanFactory     : Creating shared instance of singleton bean 'org.springframework.boot.autoconfigure.validation.ValidationAutoConfiguration'
2026-02-18T03:25:13.328+02:00 DEBUG 704 --- [medical-crm] [main] o.s.b.f.s.DefaultListableBeanFactory     : Creating shared instance of singleton bean 'defaultValidator'
2026-02-18T03:25:13.328+02:00 DEBUG 704 --- [medical-crm] [main] o.s.b.f.s.DefaultListableBeanFactory     : Autowiring by type from bean name 'defaultValidator' via factory method to bean named 'org.springframework.boot.web.servlet.context.AnnotationConfigServletWebServerApplicationContext@2dc995f4'
2026-02-18T03:25:13.343+02:00 DEBUG 704 --- [medical-crm] [main] o.s.b.f.s.DefaultListableBeanFactory     : Creating shared instance of singleton bean 'org.springframework.boot.autoconfigure.web.servlet.error.ErrorMvcAutoConfiguration$WhitelabelErrorViewConfiguration'
2026-02-18T03:25:13.344+02:00 DEBUG 704 --- [medical-crm] [main] o.s.b.f.s.DefaultListableBeanFactory     : Creating shared instance of singleton bean 'error'
2026-02-18T03:25:13.345+02:00 DEBUG 704 --- [medical-crm] [main] o.s.b.f.s.DefaultListableBeanFactory     : Creating shared instance of singleton bean 'beanNameViewResolver'
2026-02-18T03:25:13.347+02:00 DEBUG 704 --- [medical-crm] [main] o.s.b.f.s.DefaultListableBeanFactory     : Creating shared instance of singleton bean 'org.springframework.boot.autoconfigure.web.servlet.error.ErrorMvcAutoConfiguration$DefaultErrorViewResolverConfiguration'
2026-02-18T03:25:13.347+02:00 DEBUG 704 --- [medical-crm] [main] o.s.b.f.s.DefaultListableBeanFactory     : Autowiring by type from bean name 'org.springframework.boot.autoconfigure.web.servlet.error.ErrorMvcAutoConfiguration$DefaultErrorViewResolverConfiguration' via constructor to bean named 'org.springframework.boot.web.servlet.context.AnnotationConfigServletWebServerApplicationContext@2dc995f4'
2026-02-18T03:25:13.347+02:00 DEBUG 704 --- [medical-crm] [main] o.s.b.f.s.DefaultListableBeanFactory     : Autowiring by type from bean name 'org.springframework.boot.autoconfigure.web.servlet.error.ErrorMvcAutoConfiguration$DefaultErrorViewResolverConfiguration' via constructor to bean named 'spring.web-org.springframework.boot.autoconfigure.web.WebProperties'
2026-02-18T03:25:13.348+02:00 DEBUG 704 --- [medical-crm] [main] o.s.b.f.s.DefaultListableBeanFactory     : Creating shared instance of singleton bean 'conventionErrorViewResolver'
2026-02-18T03:25:13.349+02:00 DEBUG 704 --- [medical-crm] [main] o.s.b.f.s.DefaultListableBeanFactory     : Creating shared instance of singleton bean 'errorAttributes'
2026-02-18T03:25:13.350+02:00 DEBUG 704 --- [medical-crm] [main] o.s.b.f.s.DefaultListableBeanFactory     : Creating shared instance of singleton bean 'basicErrorController'
2026-02-18T03:25:13.351+02:00 DEBUG 704 --- [medical-crm] [main] o.s.b.f.s.DefaultListableBeanFactory     : Autowiring by type from bean name 'basicErrorController' via factory method to bean named 'errorAttributes'
2026-02-18T03:25:13.353+02:00 DEBUG 704 --- [medical-crm] [main] o.s.b.f.s.DefaultListableBeanFactory     : Creating shared instance of singleton bean 'localeResolver'
2026-02-18T03:25:13.356+02:00 DEBUG 704 --- [medical-crm] [main] o.s.b.f.s.DefaultListableBeanFactory     : Creating shared instance of singleton bean 'themeResolver'
2026-02-18T03:25:13.358+02:00 DEBUG 704 --- [medical-crm] [main] o.s.b.f.s.DefaultListableBeanFactory     : Creating shared instance of singleton bean 'flashMapManager'
2026-02-18T03:25:13.362+02:00 DEBUG 704 --- [medical-crm] [main] o.s.b.f.s.DefaultListableBeanFactory     : Creating shared instance of singleton bean 'mvcValidator'
2026-02-18T03:25:13.365+02:00 DEBUG 704 --- [medical-crm] [main] o.s.b.f.s.DefaultListableBeanFactory     : Creating shared instance of singleton bean 'mvcPatternParser'
2026-02-18T03:25:13.366+02:00 DEBUG 704 --- [medical-crm] [main] o.s.b.f.s.DefaultListableBeanFactory     : Creating shared instance of singleton bean 'mvcUrlPathHelper'
2026-02-18T03:25:13.367+02:00 DEBUG 704 --- [medical-crm] [main] o.s.b.f.s.DefaultListableBeanFactory     : Creating shared instance of singleton bean 'mvcPathMatcher'
2026-02-18T03:25:13.369+02:00 DEBUG 704 --- [medical-crm] [main] o.s.b.f.s.DefaultListableBeanFactory     : Creating shared instance of singleton bean 'requestMappingHandlerAdapter'
2026-02-18T03:25:13.370+02:00 DEBUG 704 --- [medical-crm] [main] o.s.b.f.s.DefaultListableBeanFactory     : Autowiring by type from bean name 'requestMappingHandlerAdapter' via factory method to bean named 'mvcContentNegotiationManager'
2026-02-18T03:25:13.370+02:00 DEBUG 704 --- [medical-crm] [main] o.s.b.f.s.DefaultListableBeanFactory     : Autowiring by type from bean name 'requestMappingHandlerAdapter' via factory method to bean named 'mvcConversionService'
2026-02-18T03:25:13.371+02:00 DEBUG 704 --- [medical-crm] [main] o.s.b.f.s.DefaultListableBeanFactory     : Autowiring by type from bean name 'requestMappingHandlerAdapter' via factory method to bean named 'mvcValidator'
2026-02-18T03:25:13.378+02:00 DEBUG 704 --- [medical-crm] [main] o.s.b.f.s.DefaultListableBeanFactory     : Creating shared instance of singleton bean 'sortResolver'
2026-02-18T03:25:13.378+02:00 DEBUG 704 --- [medical-crm] [main] o.s.b.f.s.DefaultListableBeanFactory     : Creating shared instance of singleton bean 'sortCustomizer'
2026-02-18T03:25:13.378+02:00 DEBUG 704 --- [medical-crm] [main] o.s.b.f.s.DefaultListableBeanFactory     : Creating shared instance of singleton bean 'org.springframework.boot.autoconfigure.data.web.SpringDataWebAutoConfiguration'
2026-02-18T03:25:13.379+02:00 DEBUG 704 --- [medical-crm] [main] o.s.b.f.s.DefaultListableBeanFactory     : Creating shared instance of singleton bean 'spring.data.web-org.springframework.boot.autoconfigure.data.web.SpringDataWebProperties'
2026-02-18T03:25:13.384+02:00 DEBUG 704 --- [medical-crm] [main] o.s.b.f.s.DefaultListableBeanFactory     : Autowiring by type from bean name 'org.springframework.boot.autoconfigure.data.web.SpringDataWebAutoConfiguration' via constructor to bean named 'spring.data.web-org.springframework.boot.autoconfigure.data.web.SpringDataWebProperties'
2026-02-18T03:25:13.388+02:00 DEBUG 704 --- [medical-crm] [main] o.s.b.f.s.DefaultListableBeanFactory     : Creating shared instance of singleton bean 'pageableResolver'
2026-02-18T03:25:13.390+02:00 DEBUG 704 --- [medical-crm] [main] o.s.b.f.s.DefaultListableBeanFactory     : Creating shared instance of singleton bean 'pageableCustomizer'
2026-02-18T03:25:13.398+02:00 DEBUG 704 --- [medical-crm] [main] o.s.b.f.s.DefaultListableBeanFactory     : Creating shared instance of singleton bean 'applicationTaskExecutor'
2026-02-18T03:25:13.399+02:00 DEBUG 704 --- [medical-crm] [main] o.s.b.f.s.DefaultListableBeanFactory     : Autowiring by type from bean name 'applicationTaskExecutor' via factory method to bean named 'taskExecutorBuilder'
2026-02-18T03:25:13.405+02:00 DEBUG 704 --- [medical-crm] [main] o.s.s.concurrent.ThreadPoolTaskExecutor  : Initializing ExecutorService 'applicationTaskExecutor'
2026-02-18T03:25:13.431+02:00 DEBUG 704 --- [medical-crm] [main] s.w.s.m.m.a.RequestMappingHandlerAdapter : ControllerAdvice beans: 0 @ModelAttribute, 0 @InitBinder, 1 RequestBodyAdvice, 1 ResponseBodyAdvice
2026-02-18T03:25:13.485+02:00 DEBUG 704 --- [medical-crm] [main] o.s.b.f.s.DefaultListableBeanFactory     : Creating shared instance of singleton bean 'handlerFunctionAdapter'
2026-02-18T03:25:13.487+02:00 DEBUG 704 --- [medical-crm] [main] o.s.b.f.s.DefaultListableBeanFactory     : Creating shared instance of singleton bean 'mvcUriComponentsContributor'
2026-02-18T03:25:13.487+02:00 DEBUG 704 --- [medical-crm] [main] o.s.b.f.s.DefaultListableBeanFactory     : Autowiring by type from bean name 'mvcUriComponentsContributor' via factory method to bean named 'mvcConversionService'
2026-02-18T03:25:13.487+02:00 DEBUG 704 --- [medical-crm] [main] o.s.b.f.s.DefaultListableBeanFactory     : Autowiring by type from bean name 'mvcUriComponentsContributor' via factory method to bean named 'requestMappingHandlerAdapter'
2026-02-18T03:25:13.490+02:00 DEBUG 704 --- [medical-crm] [main] o.s.b.f.s.DefaultListableBeanFactory     : Creating shared instance of singleton bean 'httpRequestHandlerAdapter'
2026-02-18T03:25:13.492+02:00 DEBUG 704 --- [medical-crm] [main] o.s.b.f.s.DefaultListableBeanFactory     : Creating shared instance of singleton bean 'simpleControllerHandlerAdapter'
2026-02-18T03:25:13.494+02:00 DEBUG 704 --- [medical-crm] [main] o.s.b.f.s.DefaultListableBeanFactory     : Creating shared instance of singleton bean 'handlerExceptionResolver'
2026-02-18T03:25:13.494+02:00 DEBUG 704 --- [medical-crm] [main] o.s.b.f.s.DefaultListableBeanFactory     : Autowiring by type from bean name 'handlerExceptionResolver' via factory method to bean named 'mvcContentNegotiationManager'
2026-02-18T03:25:13.500+02:00 DEBUG 704 --- [medical-crm] [main] .m.m.a.ExceptionHandlerExceptionResolver : ControllerAdvice beans: 1 @ExceptionHandler, 1 ResponseBodyAdvice
2026-02-18T03:25:13.502+02:00 DEBUG 704 --- [medical-crm] [main] o.s.b.f.s.DefaultListableBeanFactory     : Creating shared instance of singleton bean 'mvcViewResolver'
2026-02-18T03:25:13.503+02:00 DEBUG 704 --- [medical-crm] [main] o.s.b.f.s.DefaultListableBeanFactory     : Autowiring by type from bean name 'mvcViewResolver' via factory method to bean named 'mvcContentNegotiationManager'
2026-02-18T03:25:13.506+02:00 DEBUG 704 --- [medical-crm] [main] o.s.b.f.s.DefaultListableBeanFactory     : Creating shared instance of singleton bean 'viewNameTranslator'
2026-02-18T03:25:13.508+02:00 DEBUG 704 --- [medical-crm] [main] o.s.b.f.s.DefaultListableBeanFactory     : Creating shared instance of singleton bean 'defaultViewResolver'
2026-02-18T03:25:13.519+02:00 DEBUG 704 --- [medical-crm] [main] o.s.b.f.s.DefaultListableBeanFactory     : Creating shared instance of singleton bean 'viewResolver'
2026-02-18T03:25:13.520+02:00 DEBUG 704 --- [medical-crm] [main] o.s.b.f.s.DefaultListableBeanFactory     : Autowiring by type from bean name 'viewResolver' via factory method to bean named 'org.springframework.beans.factory.support.DefaultListableBeanFactory@14f5da2c'
2026-02-18T03:25:13.521+02:00 DEBUG 704 --- [medical-crm] [main] o.s.b.f.s.DefaultListableBeanFactory     : Creating shared instance of singleton bean 'viewResolver'
2026-02-18T03:25:13.525+02:00 DEBUG 704 --- [medical-crm] [main] o.s.b.f.s.DefaultListableBeanFactory     : Creating shared instance of singleton bean 'org.springframework.boot.autoconfigure.jmx.JmxAutoConfiguration'
2026-02-18T03:25:13.526+02:00 DEBUG 704 --- [medical-crm] [main] o.s.b.f.s.DefaultListableBeanFactory     : Creating shared instance of singleton bean 'spring.jmx-org.springframework.boot.autoconfigure.jmx.JmxProperties'
2026-02-18T03:25:13.528+02:00 DEBUG 704 --- [medical-crm] [main] o.s.b.f.s.DefaultListableBeanFactory     : Autowiring by type from bean name 'org.springframework.boot.autoconfigure.jmx.JmxAutoConfiguration' via constructor to bean named 'spring.jmx-org.springframework.boot.autoconfigure.jmx.JmxProperties'
2026-02-18T03:25:13.529+02:00 DEBUG 704 --- [medical-crm] [main] o.s.b.f.s.DefaultListableBeanFactory     : Creating shared instance of singleton bean 'mbeanExporter'
2026-02-18T03:25:13.530+02:00 DEBUG 704 --- [medical-crm] [main] o.s.b.f.s.DefaultListableBeanFactory     : Creating shared instance of singleton bean 'objectNamingStrategy'
2026-02-18T03:25:13.532+02:00 DEBUG 704 --- [medical-crm] [main] o.s.b.f.s.DefaultListableBeanFactory     : Autowiring by type from bean name 'mbeanExporter' via factory method to bean named 'objectNamingStrategy'
2026-02-18T03:25:13.533+02:00 DEBUG 704 --- [medical-crm] [main] o.s.b.f.s.DefaultListableBeanFactory     : Autowiring by type from bean name 'mbeanExporter' via factory method to bean named 'org.springframework.beans.factory.support.DefaultListableBeanFactory@14f5da2c'
2026-02-18T03:25:13.537+02:00 DEBUG 704 --- [medical-crm] [main] o.s.b.f.s.DefaultListableBeanFactory     : Creating shared instance of singleton bean 'mbeanServer'
2026-02-18T03:25:13.539+02:00 DEBUG 704 --- [medical-crm] [main] o.springframework.jmx.support.JmxUtils   : Found MBeanServer: com.sun.jmx.mbeanserver.JmxMBeanServer@67117f44
2026-02-18T03:25:13.550+02:00 DEBUG 704 --- [medical-crm] [main] o.s.b.f.s.DefaultListableBeanFactory     : Creating shared instance of singleton bean 'org.springframework.boot.autoconfigure.admin.SpringApplicationAdminJmxAutoConfiguration'
2026-02-18T03:25:13.551+02:00 DEBUG 704 --- [medical-crm] [main] o.s.b.f.s.DefaultListableBeanFactory     : Creating shared instance of singleton bean 'springApplicationAdminRegistrar'
2026-02-18T03:25:13.551+02:00 DEBUG 704 --- [medical-crm] [main] o.s.b.f.s.DefaultListableBeanFactory     : Autowiring by type from bean name 'springApplicationAdminRegistrar' via factory method to bean named 'environment'
2026-02-18T03:25:13.554+02:00 DEBUG 704 --- [medical-crm] [main] inMXBeanRegistrar$SpringApplicationAdmin : Application Admin MBean registered with name 'org.springframework.boot:type=Admin,name=SpringApplication'
2026-02-18T03:25:13.558+02:00 DEBUG 704 --- [medical-crm] [main] o.s.b.f.s.DefaultListableBeanFactory     : Creating shared instance of singleton bean 'org.springframework.boot.autoconfigure.aop.AopAutoConfiguration$AspectJAutoProxyingConfiguration$CglibAutoProxyConfiguration'
2026-02-18T03:25:13.559+02:00 DEBUG 704 --- [medical-crm] [main] o.s.b.f.s.DefaultListableBeanFactory     : Creating shared instance of singleton bean 'org.springframework.boot.autoconfigure.aop.AopAutoConfiguration$AspectJAutoProxyingConfiguration'
2026-02-18T03:25:13.560+02:00 DEBUG 704 --- [medical-crm] [main] o.s.b.f.s.DefaultListableBeanFactory     : Creating shared instance of singleton bean 'org.springframework.boot.autoconfigure.aop.AopAutoConfiguration'
2026-02-18T03:25:13.561+02:00 DEBUG 704 --- [medical-crm] [main] o.s.b.f.s.DefaultListableBeanFactory     : Creating shared instance of singleton bean 'org.springframework.boot.autoconfigure.availability.ApplicationAvailabilityAutoConfiguration'
2026-02-18T03:25:13.561+02:00 DEBUG 704 --- [medical-crm] [main] o.s.b.f.s.DefaultListableBeanFactory     : Creating shared instance of singleton bean 'applicationAvailability'
2026-02-18T03:25:13.563+02:00 DEBUG 704 --- [medical-crm] [main] o.s.b.f.s.DefaultListableBeanFactory     : Creating shared instance of singleton bean 'org.springframework.boot.autoconfigure.transaction.jta.JtaAutoConfiguration'
2026-02-18T03:25:13.564+02:00 DEBUG 704 --- [medical-crm] [main] o.s.b.f.s.DefaultListableBeanFactory     : Creating shared instance of singleton bean 'org.springframework.boot.autoconfigure.jdbc.DataSourceJmxConfiguration$Hikari'
2026-02-18T03:25:13.565+02:00 DEBUG 704 --- [medical-crm] [main] o.s.b.f.s.DefaultListableBeanFactory     : Autowiring by type from bean name 'org.springframework.boot.autoconfigure.jdbc.DataSourceJmxConfiguration$Hikari' via constructor to bean named 'dataSource'
2026-02-18T03:25:13.566+02:00 DEBUG 704 --- [medical-crm] [main] o.s.b.f.s.DefaultListableBeanFactory     : Creating shared instance of singleton bean 'org.springframework.boot.autoconfigure.jdbc.DataSourceJmxConfiguration'
2026-02-18T03:25:13.566+02:00 DEBUG 704 --- [medical-crm] [main] o.s.b.f.s.DefaultListableBeanFactory     : Creating shared instance of singleton bean 'org.springframework.boot.autoconfigure.jdbc.metadata.DataSourcePoolMetadataProvidersConfiguration'
2026-02-18T03:25:13.567+02:00 DEBUG 704 --- [medical-crm] [main] o.s.b.f.s.DefaultListableBeanFactory     : Creating shared instance of singleton bean 'org.springframework.boot.autoconfigure.jdbc.DataSourceAutoConfiguration'
2026-02-18T03:25:13.568+02:00 DEBUG 704 --- [medical-crm] [main] o.s.b.f.s.DefaultListableBeanFactory     : Creating shared instance of singleton bean 'org.springframework.boot.autoconfigure.transaction.TransactionManagerCustomizationAutoConfiguration'
2026-02-18T03:25:13.568+02:00 DEBUG 704 --- [medical-crm] [main] o.s.b.f.s.DefaultListableBeanFactory     : Creating shared instance of singleton bean 'platformTransactionManagerCustomizers'
2026-02-18T03:25:13.569+02:00 DEBUG 704 --- [medical-crm] [main] o.s.b.f.s.DefaultListableBeanFactory     : Creating shared instance of singleton bean 'transactionExecutionListeners'
2026-02-18T03:25:13.571+02:00 DEBUG 704 --- [medical-crm] [main] o.s.b.f.s.DefaultListableBeanFactory     : Creating shared instance of singleton bean 'spring.transaction-org.springframework.boot.autoconfigure.transaction.TransactionProperties'
2026-02-18T03:25:13.575+02:00 DEBUG 704 --- [medical-crm] [main] o.s.b.f.s.DefaultListableBeanFactory     : Creating shared instance of singleton bean 'org.springframework.boot.autoconfigure.orm.jpa.JpaBaseConfiguration$PersistenceManagedTypesConfiguration'
2026-02-18T03:25:13.576+02:00 DEBUG 704 --- [medical-crm] [main] o.s.b.f.s.DefaultListableBeanFactory     : Creating shared instance of singleton bean 'transactionManager'
2026-02-18T03:25:13.591+02:00 DEBUG 704 --- [medical-crm] [main] o.s.b.f.s.DefaultListableBeanFactory     : Creating shared instance of singleton bean 'org.springframework.boot.autoconfigure.orm.jpa.HibernateJpaAutoConfiguration'
2026-02-18T03:25:13.592+02:00 DEBUG 704 --- [medical-crm] [main] o.s.b.f.s.DefaultListableBeanFactory     : Creating shared instance of singleton bean 'org.springframework.boot.autoconfigure.context.ConfigurationPropertiesAutoConfiguration'
2026-02-18T03:25:13.593+02:00 DEBUG 704 --- [medical-crm] [main] o.s.b.f.s.DefaultListableBeanFactory     : Creating shared instance of singleton bean 'org.springframework.boot.autoconfigure.context.LifecycleAutoConfiguration'
2026-02-18T03:25:13.594+02:00 DEBUG 704 --- [medical-crm] [main] o.s.b.f.s.DefaultListableBeanFactory     : Creating shared instance of singleton bean 'lifecycleProcessor'
2026-02-18T03:25:13.594+02:00 DEBUG 704 --- [medical-crm] [main] o.s.b.f.s.DefaultListableBeanFactory     : Creating shared instance of singleton bean 'spring.lifecycle-org.springframework.boot.autoconfigure.context.LifecycleProperties'
2026-02-18T03:25:13.596+02:00 DEBUG 704 --- [medical-crm] [main] o.s.b.f.s.DefaultListableBeanFactory     : Autowiring by type from bean name 'lifecycleProcessor' via factory method to bean named 'spring.lifecycle-org.springframework.boot.autoconfigure.context.LifecycleProperties'
2026-02-18T03:25:13.599+02:00 DEBUG 704 --- [medical-crm] [main] o.s.b.f.s.DefaultListableBeanFactory     : Creating shared instance of singleton bean 'org.springframework.boot.autoconfigure.dao.PersistenceExceptionTranslationAutoConfiguration'
2026-02-18T03:25:13.600+02:00 DEBUG 704 --- [medical-crm] [main] o.s.b.f.s.DefaultListableBeanFactory     : Creating shared instance of singleton bean 'org.springframework.boot.autoconfigure.data.jpa.JpaRepositoriesAutoConfiguration'
2026-02-18T03:25:13.601+02:00 DEBUG 704 --- [medical-crm] [main] o.s.b.f.s.DefaultListableBeanFactory     : Creating shared instance of singleton bean 'org.springframework.data.jpa.util.JpaMetamodelCacheCleanup'
2026-02-18T03:25:13.602+02:00 DEBUG 704 --- [medical-crm] [main] o.s.b.f.s.DefaultListableBeanFactory     : Creating shared instance of singleton bean 'org.springframework.data.jpa.repository.support.JpaEvaluationContextExtension'
2026-02-18T03:25:13.603+02:00 DEBUG 704 --- [medical-crm] [main] o.s.b.f.s.DefaultListableBeanFactory     : Creating shared instance of singleton bean 'data-jpa.repository-aot-processor#0'
2026-02-18T03:25:13.611+02:00 DEBUG 704 --- [medical-crm] [main] o.s.b.f.s.DefaultListableBeanFactory     : Creating shared instance of singleton bean 'org.springframework.boot.autoconfigure.http.JacksonHttpMessageConvertersConfiguration'
2026-02-18T03:25:13.611+02:00 DEBUG 704 --- [medical-crm] [main] o.s.b.f.s.DefaultListableBeanFactory     : Creating shared instance of singleton bean 'org.springframework.data.web.config.ProjectingArgumentResolverRegistrar'
2026-02-18T03:25:13.612+02:00 DEBUG 704 --- [medical-crm] [main] o.s.b.f.s.DefaultListableBeanFactory     : Creating shared instance of singleton bean 'offsetResolver'
2026-02-18T03:25:13.615+02:00 DEBUG 704 --- [medical-crm] [main] o.s.b.f.s.DefaultListableBeanFactory     : Creating shared instance of singleton bean 'org.springframework.boot.autoconfigure.info.ProjectInfoAutoConfiguration'
2026-02-18T03:25:13.617+02:00 DEBUG 704 --- [medical-crm] [main] o.s.b.f.s.DefaultListableBeanFactory     : Creating shared instance of singleton bean 'spring.info-org.springframework.boot.autoconfigure.info.ProjectInfoProperties'
2026-02-18T03:25:13.619+02:00 DEBUG 704 --- [medical-crm] [main] o.s.b.f.s.DefaultListableBeanFactory     : Autowiring by type from bean name 'org.springframework.boot.autoconfigure.info.ProjectInfoAutoConfiguration' via constructor to bean named 'spring.info-org.springframework.boot.autoconfigure.info.ProjectInfoProperties'
2026-02-18T03:25:13.620+02:00 DEBUG 704 --- [medical-crm] [main] o.s.b.f.s.DefaultListableBeanFactory     : Creating shared instance of singleton bean 'org.springframework.boot.autoconfigure.jdbc.JdbcTemplateConfiguration'
2026-02-18T03:25:13.621+02:00 DEBUG 704 --- [medical-crm] [main] o.s.b.f.s.DefaultListableBeanFactory     : Creating shared instance of singleton bean 'jdbcTemplate'
2026-02-18T03:25:13.622+02:00 DEBUG 704 --- [medical-crm] [main] o.s.b.f.s.DefaultListableBeanFactory     : Creating shared instance of singleton bean 'spring.jdbc-org.springframework.boot.autoconfigure.jdbc.JdbcProperties'
2026-02-18T03:25:13.623+02:00 DEBUG 704 --- [medical-crm] [main] o.s.b.f.s.DefaultListableBeanFactory     : Autowiring by type from bean name 'jdbcTemplate' via factory method to bean named 'dataSource'
2026-02-18T03:25:13.624+02:00 DEBUG 704 --- [medical-crm] [main] o.s.b.f.s.DefaultListableBeanFactory     : Autowiring by type from bean name 'jdbcTemplate' via factory method to bean named 'spring.jdbc-org.springframework.boot.autoconfigure.jdbc.JdbcProperties'
2026-02-18T03:25:13.638+02:00 DEBUG 704 --- [medical-crm] [main] o.s.b.f.s.DefaultListableBeanFactory     : Creating shared instance of singleton bean 'org.springframework.boot.autoconfigure.jdbc.NamedParameterJdbcTemplateConfiguration'
2026-02-18T03:25:13.639+02:00 DEBUG 704 --- [medical-crm] [main] o.s.b.f.s.DefaultListableBeanFactory     : Creating shared instance of singleton bean 'namedParameterJdbcTemplate'
2026-02-18T03:25:13.640+02:00 DEBUG 704 --- [medical-crm] [main] o.s.b.f.s.DefaultListableBeanFactory     : Autowiring by type from bean name 'namedParameterJdbcTemplate' via factory method to bean named 'jdbcTemplate'
2026-02-18T03:25:13.647+02:00 DEBUG 704 --- [medical-crm] [main] o.s.b.f.s.DefaultListableBeanFactory     : Creating shared instance of singleton bean 'org.springframework.boot.autoconfigure.jdbc.JdbcTemplateAutoConfiguration'
2026-02-18T03:25:13.647+02:00 DEBUG 704 --- [medical-crm] [main] o.s.b.f.s.DefaultListableBeanFactory     : Creating shared instance of singleton bean 'org.springframework.boot.autoconfigure.jdbc.JdbcClientAutoConfiguration'
2026-02-18T03:25:13.647+02:00 DEBUG 704 --- [medical-crm] [main] o.s.b.f.s.DefaultListableBeanFactory     : Creating shared instance of singleton bean 'jdbcClient'
2026-02-18T03:25:13.647+02:00 DEBUG 704 --- [medical-crm] [main] o.s.b.f.s.DefaultListableBeanFactory     : Autowiring by type from bean name 'jdbcClient' via factory method to bean named 'namedParameterJdbcTemplate'
2026-02-18T03:25:13.649+02:00 DEBUG 704 --- [medical-crm] [main] o.s.b.f.s.DefaultListableBeanFactory     : Creating shared instance of singleton bean 'org.springframework.security.config.annotation.web.configuration.WebSecurityConfiguration'
2026-02-18T03:25:13.658+02:00 DEBUG 704 --- [medical-crm] [main] o.s.b.f.s.DefaultListableBeanFactory     : Creating shared instance of singleton bean 'mvcHandlerMappingIntrospectorRequestTransformer'
2026-02-18T03:25:13.669+02:00 DEBUG 704 --- [medical-crm] [main] o.s.b.f.s.DefaultListableBeanFactory     : Creating shared instance of singleton bean 'delegatingApplicationListener'
2026-02-18T03:25:13.670+02:00 DEBUG 704 --- [medical-crm] [main] o.s.b.f.s.DefaultListableBeanFactory     : Creating shared instance of singleton bean 'springSecurityFilterChain'
2026-02-18T03:25:13.690+02:00 DEBUG 704 --- [medical-crm] [main] o.s.b.f.s.DefaultListableBeanFactory     : Creating shared instance of singleton bean 'webSecurityExpressionHandler'
2026-02-18T03:25:13.692+02:00 DEBUG 704 --- [medical-crm] [main] o.s.b.f.s.DefaultListableBeanFactory     : Creating shared instance of singleton bean 'privilegeEvaluator'
2026-02-18T03:25:13.693+02:00 DEBUG 704 --- [medical-crm] [main] o.s.b.f.s.DefaultListableBeanFactory     : Creating shared instance of singleton bean 'requestDataValueProcessor'
2026-02-18T03:25:13.694+02:00 DEBUG 704 --- [medical-crm] [main] o.s.b.f.s.DefaultListableBeanFactory     : Creating shared instance of singleton bean 'org.springframework.boot.autoconfigure.security.servlet.SpringBootWebSecurityConfiguration'
2026-02-18T03:25:13.695+02:00 DEBUG 704 --- [medical-crm] [main] o.s.b.f.s.DefaultListableBeanFactory     : Creating shared instance of singleton bean 'org.springframework.boot.autoconfigure.sql.init.SqlInitializationAutoConfiguration'
2026-02-18T03:25:13.696+02:00 DEBUG 704 --- [medical-crm] [main] o.s.b.f.s.DefaultListableBeanFactory     : Creating shared instance of singleton bean 'org.springframework.boot.autoconfigure.task.TaskSchedulingConfigurations$ThreadPoolTaskSchedulerBuilderConfiguration'
2026-02-18T03:25:13.696+02:00 DEBUG 704 --- [medical-crm] [main] o.s.b.f.s.DefaultListableBeanFactory     : Creating shared instance of singleton bean 'threadPoolTaskSchedulerBuilder'
2026-02-18T03:25:13.697+02:00 DEBUG 704 --- [medical-crm] [main] o.s.b.f.s.DefaultListableBeanFactory     : Creating shared instance of singleton bean 'spring.task.scheduling-org.springframework.boot.autoconfigure.task.TaskSchedulingProperties'
2026-02-18T03:25:13.698+02:00 DEBUG 704 --- [medical-crm] [main] o.s.b.f.s.DefaultListableBeanFactory     : Autowiring by type from bean name 'threadPoolTaskSchedulerBuilder' via factory method to bean named 'spring.task.scheduling-org.springframework.boot.autoconfigure.task.TaskSchedulingProperties'
2026-02-18T03:25:13.701+02:00 DEBUG 704 --- [medical-crm] [main] o.s.b.f.s.DefaultListableBeanFactory     : Creating shared instance of singleton bean 'org.springframework.boot.autoconfigure.task.TaskSchedulingConfigurations$TaskSchedulerBuilderConfiguration'
2026-02-18T03:25:13.702+02:00 DEBUG 704 --- [medical-crm] [main] o.s.b.f.s.DefaultListableBeanFactory     : Creating shared instance of singleton bean 'taskSchedulerBuilder'
2026-02-18T03:25:13.702+02:00 DEBUG 704 --- [medical-crm] [main] o.s.b.f.s.DefaultListableBeanFactory     : Autowiring by type from bean name 'taskSchedulerBuilder' via factory method to bean named 'spring.task.scheduling-org.springframework.boot.autoconfigure.task.TaskSchedulingProperties'
2026-02-18T03:25:13.703+02:00 DEBUG 704 --- [medical-crm] [main] o.s.b.f.s.DefaultListableBeanFactory     : Creating shared instance of singleton bean 'org.springframework.boot.autoconfigure.task.TaskSchedulingConfigurations$SimpleAsyncTaskSchedulerBuilderConfiguration'
2026-02-18T03:25:13.704+02:00 DEBUG 704 --- [medical-crm] [main] o.s.b.f.s.DefaultListableBeanFactory     : Autowiring by type from bean name 'org.springframework.boot.autoconfigure.task.TaskSchedulingConfigurations$SimpleAsyncTaskSchedulerBuilderConfiguration' via constructor to bean named 'spring.task.scheduling-org.springframework.boot.autoconfigure.task.TaskSchedulingProperties'
2026-02-18T03:25:13.704+02:00 DEBUG 704 --- [medical-crm] [main] o.s.b.f.s.DefaultListableBeanFactory     : Creating shared instance of singleton bean 'simpleAsyncTaskSchedulerBuilder'
2026-02-18T03:25:13.707+02:00 DEBUG 704 --- [medical-crm] [main] o.s.b.f.s.DefaultListableBeanFactory     : Creating shared instance of singleton bean 'org.springframework.boot.autoconfigure.task.TaskSchedulingAutoConfiguration'
2026-02-18T03:25:13.709+02:00 DEBUG 704 --- [medical-crm] [main] o.s.b.f.s.DefaultListableBeanFactory     : Creating shared instance of singleton bean 'org.springframework.boot.autoconfigure.jdbc.DataSourceTransactionManagerAutoConfiguration$JdbcTransactionManagerConfiguration'
2026-02-18T03:25:13.712+02:00 DEBUG 704 --- [medical-crm] [main] o.s.b.f.s.DefaultListableBeanFactory     : Creating shared instance of singleton bean 'org.springframework.boot.autoconfigure.jdbc.DataSourceTransactionManagerAutoConfiguration'
2026-02-18T03:25:13.712+02:00 DEBUG 704 --- [medical-crm] [main] o.s.b.f.s.DefaultListableBeanFactory     : Creating shared instance of singleton bean 'org.springframework.boot.autoconfigure.transaction.TransactionAutoConfiguration$EnableTransactionManagementConfiguration$CglibAutoProxyConfiguration'
2026-02-18T03:25:13.713+02:00 DEBUG 704 --- [medical-crm] [main] o.s.b.f.s.DefaultListableBeanFactory     : Creating shared instance of singleton bean 'org.springframework.boot.autoconfigure.transaction.TransactionAutoConfiguration$EnableTransactionManagementConfiguration'
2026-02-18T03:25:13.713+02:00 DEBUG 704 --- [medical-crm] [main] o.s.b.f.s.DefaultListableBeanFactory     : Creating shared instance of singleton bean 'org.springframework.boot.autoconfigure.transaction.TransactionAutoConfiguration$TransactionTemplateConfiguration'
2026-02-18T03:25:13.714+02:00 DEBUG 704 --- [medical-crm] [main] o.s.b.f.s.DefaultListableBeanFactory     : Creating shared instance of singleton bean 'transactionTemplate'
2026-02-18T03:25:13.714+02:00 DEBUG 704 --- [medical-crm] [main] o.s.b.f.s.DefaultListableBeanFactory     : Autowiring by type from bean name 'transactionTemplate' via factory method to bean named 'transactionManager'
2026-02-18T03:25:13.717+02:00 DEBUG 704 --- [medical-crm] [main] o.s.b.f.s.DefaultListableBeanFactory     : Creating shared instance of singleton bean 'org.springframework.boot.autoconfigure.transaction.TransactionAutoConfiguration'
2026-02-18T03:25:13.718+02:00 DEBUG 704 --- [medical-crm] [main] o.s.b.f.s.DefaultListableBeanFactory     : Creating shared instance of singleton bean 'org.springframework.boot.autoconfigure.web.client.RestClientAutoConfiguration'
2026-02-18T03:25:13.719+02:00 DEBUG 704 --- [medical-crm] [main] o.s.b.f.s.DefaultListableBeanFactory     : Creating shared instance of singleton bean 'httpMessageConvertersRestClientCustomizer'
2026-02-18T03:25:13.719+02:00 DEBUG 704 --- [medical-crm] [main] o.s.b.f.s.DefaultListableBeanFactory     : Creating shared instance of singleton bean 'restClientSsl'
2026-02-18T03:25:13.720+02:00 DEBUG 704 --- [medical-crm] [main] o.s.b.f.s.DefaultListableBeanFactory     : Autowiring by type from bean name 'restClientSsl' via factory method to bean named 'sslBundleRegistry'
2026-02-18T03:25:13.720+02:00 DEBUG 704 --- [medical-crm] [main] o.s.b.f.s.DefaultListableBeanFactory     : Creating shared instance of singleton bean 'restClientBuilderConfigurer'
2026-02-18T03:25:13.721+02:00 DEBUG 704 --- [medical-crm] [main] o.s.b.f.s.DefaultListableBeanFactory     : Creating shared instance of singleton bean 'org.springframework.boot.autoconfigure.web.client.RestTemplateAutoConfiguration'
2026-02-18T03:25:13.722+02:00 DEBUG 704 --- [medical-crm] [main] o.s.b.f.s.DefaultListableBeanFactory     : Creating shared instance of singleton bean 'org.springframework.boot.autoconfigure.web.embedded.EmbeddedWebServerFactoryCustomizerAutoConfiguration'
2026-02-18T03:25:13.722+02:00 DEBUG 704 --- [medical-crm] [main] o.s.b.f.s.DefaultListableBeanFactory     : Creating shared instance of singleton bean 'multipartResolver'
2026-02-18T03:25:13.737+02:00 DEBUG 704 --- [medical-crm] [main] o.s.j.e.a.AnnotationMBeanExporter        : Registering beans for JMX exposure on startup
2026-02-18T03:25:13.737+02:00 DEBUG 704 --- [medical-crm] [main] o.s.j.e.a.AnnotationMBeanExporter        : Auto-detecting user-defined JMX MBeans
2026-02-18T03:25:13.739+02:00 DEBUG 704 --- [medical-crm] [main] o.s.j.e.a.AnnotationMBeanExporter        : Bean with name 'dataSource' has been autodetected for JMX exposure
2026-02-18T03:25:13.745+02:00 DEBUG 704 --- [medical-crm] [main] o.s.j.e.a.AnnotationMBeanExporter        : Located MBean 'dataSource': registering with JMX server as MBean [com.zaxxer.hikari:name=dataSource,type=HikariDataSource]
2026-02-18T03:25:13.750+02:00 DEBUG 704 --- [medical-crm] [main] o.s.c.support.DefaultLifecycleProcessor  : Starting beans in phase -2147483647
2026-02-18T03:25:13.751+02:00 DEBUG 704 --- [medical-crm] [main] o.s.c.support.DefaultLifecycleProcessor  : Successfully started bean 'springBootLoggingLifecycle'
2026-02-18T03:25:13.751+02:00 DEBUG 704 --- [medical-crm] [main] o.s.c.support.DefaultLifecycleProcessor  : Starting beans in phase 2147481599
2026-02-18T03:25:13.771+02:00  INFO 704 --- [medical-crm] [main] o.s.b.w.embedded.tomcat.TomcatWebServer  : Tomcat started on port 8080 (http) with context path ''
2026-02-18T03:25:13.772+02:00 DEBUG 704 --- [medical-crm] [main] o.s.c.support.DefaultLifecycleProcessor  : Successfully started bean 'webServerStartStop'
2026-02-18T03:25:13.773+02:00 DEBUG 704 --- [medical-crm] [main] o.s.c.support.DefaultLifecycleProcessor  : Starting beans in phase 2147482623
2026-02-18T03:25:13.773+02:00 DEBUG 704 --- [medical-crm] [main] o.s.c.support.DefaultLifecycleProcessor  : Successfully started bean 'webServerGracefulShutdown'
2026-02-18T03:25:13.773+02:00 DEBUG 704 --- [medical-crm] [main] o.s.c.support.DefaultLifecycleProcessor  : Starting beans in phase 2147483647
2026-02-18T03:25:13.792+02:00 DEBUG 704 --- [medical-crm] [main] .s.b.a.l.ConditionEvaluationReportLogger : 


============================
CONDITIONS EVALUATION REPORT
============================


Positive matches:
-----------------

   AopAutoConfiguration matched:
      - @ConditionalOnProperty (spring.aop.auto=true) matched (OnPropertyCondition)

   AopAutoConfiguration.AspectJAutoProxyingConfiguration matched:
      - @ConditionalOnClass found required class 'org.aspectj.weaver.Advice' (OnClassCondition)

   AopAutoConfiguration.AspectJAutoProxyingConfiguration.CglibAutoProxyConfiguration matched:
      - @ConditionalOnProperty (spring.aop.proxy-target-class=true) matched (OnPropertyCondition)

   ApplicationAvailabilityAutoConfiguration#applicationAvailability matched:
      - @ConditionalOnMissingBean (types: org.springframework.boot.availability.ApplicationAvailability; SearchStrategy: all) did not find any beans (OnBeanCondition)

   DataSourceAutoConfiguration matched:
      - @ConditionalOnClass found required classes 'javax.sql.DataSource', 'org.springframework.jdbc.datasource.embedded.EmbeddedDatabaseType' (OnClassCondition)
      - @ConditionalOnMissingBean (types: io.r2dbc.spi.ConnectionFactory; SearchStrategy: all) did not find any beans (OnBeanCondition)

   DataSourceAutoConfiguration.PooledDataSourceConfiguration matched:
      - AnyNestedCondition 1 matched 1 did not; NestedCondition on DataSourceAutoConfiguration.PooledDataSourceCondition.PooledDataSourceAvailable PooledDataSource found supported DataSource; NestedCondition on DataSourceAutoConfiguration.PooledDataSourceCondition.ExplicitType @ConditionalOnProperty (spring.datasource.type) did not find property 'type' (DataSourceAutoConfiguration.PooledDataSourceCondition)
      - @ConditionalOnMissingBean (types: javax.sql.DataSource,javax.sql.XADataSource; SearchStrategy: all) did not find any beans (OnBeanCondition)

   DataSourceAutoConfiguration.PooledDataSourceConfiguration#jdbcConnectionDetails matched:
      - @ConditionalOnMissingBean (types: org.springframework.boot.autoconfigure.jdbc.JdbcConnectionDetails; SearchStrategy: all) did not find any beans (OnBeanCondition)

   DataSourceConfiguration.Hikari matched:
      - @ConditionalOnClass found required class 'com.zaxxer.hikari.HikariDataSource' (OnClassCondition)
      - @ConditionalOnProperty (spring.datasource.type=com.zaxxer.hikari.HikariDataSource) matched (OnPropertyCondition)
      - @ConditionalOnMissingBean (types: javax.sql.DataSource; SearchStrategy: all) did not find any beans (OnBeanCondition)

   DataSourceInitializationConfiguration matched:
      - @ConditionalOnClass found required class 'org.springframework.jdbc.datasource.init.DatabasePopulator' (OnClassCondition)
      - @ConditionalOnSingleCandidate (types: javax.sql.DataSource; SearchStrategy: all) found a single bean 'dataSource'; @ConditionalOnMissingBean (types: org.springframework.boot.autoconfigure.sql.init.SqlDataSourceScriptDatabaseInitializer,org.springframework.boot.autoconfigure.sql.init.SqlR2dbcScriptDatabaseInitializer; SearchStrategy: all) did not find any beans (OnBeanCondition)

   DataSourceJmxConfiguration matched:
      - @ConditionalOnProperty (spring.jmx.enabled=true) matched (OnPropertyCondition)

   DataSourceJmxConfiguration.Hikari matched:
      - @ConditionalOnClass found required class 'com.zaxxer.hikari.HikariDataSource' (OnClassCondition)
      - @ConditionalOnSingleCandidate (types: javax.sql.DataSource; SearchStrategy: all) found a single bean 'dataSource' (OnBeanCondition)

   DataSourcePoolMetadataProvidersConfiguration.HikariPoolDataSourceMetadataProviderConfiguration matched:
      - @ConditionalOnClass found required class 'com.zaxxer.hikari.HikariDataSource' (OnClassCondition)

   DataSourceTransactionManagerAutoConfiguration matched:
      - @ConditionalOnClass found required classes 'org.springframework.jdbc.core.JdbcTemplate', 'org.springframework.transaction.TransactionManager' (OnClassCondition)

   DataSourceTransactionManagerAutoConfiguration.JdbcTransactionManagerConfiguration matched:
      - @ConditionalOnSingleCandidate (types: javax.sql.DataSource; SearchStrategy: all) found a single bean 'dataSource' (OnBeanCondition)

   DispatcherServletAutoConfiguration matched:
      - @ConditionalOnClass found required class 'org.springframework.web.servlet.DispatcherServlet' (OnClassCondition)
      - found 'session' scope (OnWebApplicationCondition)

   DispatcherServletAutoConfiguration.DispatcherServletConfiguration matched:
      - @ConditionalOnClass found required class 'jakarta.servlet.ServletRegistration' (OnClassCondition)
      - Default DispatcherServlet did not find dispatcher servlet beans (DispatcherServletAutoConfiguration.DefaultDispatcherServletCondition)

   DispatcherServletAutoConfiguration.DispatcherServletRegistrationConfiguration matched:
      - @ConditionalOnClass found required class 'jakarta.servlet.ServletRegistration' (OnClassCondition)
      - DispatcherServlet Registration did not find servlet registration bean (DispatcherServletAutoConfiguration.DispatcherServletRegistrationCondition)

   DispatcherServletAutoConfiguration.DispatcherServletRegistrationConfiguration#dispatcherServletRegistration matched:
      - @ConditionalOnBean (names: dispatcherServlet types: org.springframework.web.servlet.DispatcherServlet; SearchStrategy: all) found bean 'dispatcherServlet' (OnBeanCondition)

   EmbeddedWebServerFactoryCustomizerAutoConfiguration matched:
      - @ConditionalOnWebApplication (required) found 'session' scope (OnWebApplicationCondition)
      - @ConditionalOnWarDeployment the application is not deployed as a WAR file. (OnWarDeploymentCondition)

   EmbeddedWebServerFactoryCustomizerAutoConfiguration.TomcatWebServerFactoryCustomizerConfiguration matched:
      - @ConditionalOnClass found required classes 'org.apache.catalina.startup.Tomcat', 'org.apache.coyote.UpgradeProtocol' (OnClassCondition)

   ErrorMvcAutoConfiguration matched:
      - @ConditionalOnClass found required classes 'jakarta.servlet.Servlet', 'org.springframework.web.servlet.DispatcherServlet' (OnClassCondition)
      - found 'session' scope (OnWebApplicationCondition)

   ErrorMvcAutoConfiguration#basicErrorController matched:
      - @ConditionalOnMissingBean (types: org.springframework.boot.web.servlet.error.ErrorController; SearchStrategy: current) did not find any beans (OnBeanCondition)

   ErrorMvcAutoConfiguration#errorAttributes matched:
      - @ConditionalOnMissingBean (types: org.springframework.boot.web.servlet.error.ErrorAttributes; SearchStrategy: current) did not find any beans (OnBeanCondition)

   ErrorMvcAutoConfiguration.DefaultErrorViewResolverConfiguration#conventionErrorViewResolver matched:
      - @ConditionalOnBean (types: org.springframework.web.servlet.DispatcherServlet; SearchStrategy: all) found bean 'dispatcherServlet'; @ConditionalOnMissingBean (types: org.springframework.boot.autoconfigure.web.servlet.error.ErrorViewResolver; SearchStrategy: all) did not find any beans (OnBeanCondition)

   ErrorMvcAutoConfiguration.WhitelabelErrorViewConfiguration matched:
      - @ConditionalOnProperty (server.error.whitelabel.enabled) matched (OnPropertyCondition)
      - ErrorTemplate Missing did not find error template view (ErrorMvcAutoConfiguration.ErrorTemplateMissingCondition)

   ErrorMvcAutoConfiguration.WhitelabelErrorViewConfiguration#beanNameViewResolver matched:
      - @ConditionalOnMissingBean (types: org.springframework.web.servlet.view.BeanNameViewResolver; SearchStrategy: all) did not find any beans (OnBeanCondition)

   ErrorMvcAutoConfiguration.WhitelabelErrorViewConfiguration#defaultErrorView matched:
      - @ConditionalOnMissingBean (names: error; SearchStrategy: all) did not find any beans (OnBeanCondition)

   GenericCacheConfiguration matched:
      - Cache org.springframework.boot.autoconfigure.cache.GenericCacheConfiguration automatic cache type (CacheCondition)

   HibernateJpaAutoConfiguration matched:
      - @ConditionalOnClass found required classes 'org.springframework.orm.jpa.LocalContainerEntityManagerFactoryBean', 'jakarta.persistence.EntityManager', 'org.hibernate.engine.spi.SessionImplementor' (OnClassCondition)

   HibernateJpaConfiguration matched:
      - @ConditionalOnSingleCandidate (types: javax.sql.DataSource; SearchStrategy: all) found a single bean 'dataSource' (OnBeanCondition)

   HttpEncodingAutoConfiguration matched:
      - @ConditionalOnClass found required class 'org.springframework.web.filter.CharacterEncodingFilter' (OnClassCondition)
      - found 'session' scope (OnWebApplicationCondition)
      - @ConditionalOnProperty (server.servlet.encoding.enabled) matched (OnPropertyCondition)

   HttpEncodingAutoConfiguration#characterEncodingFilter matched:
      - @ConditionalOnMissingBean (types: org.springframework.web.filter.CharacterEncodingFilter; SearchStrategy: all) did not find any beans (OnBeanCondition)

   HttpMessageConvertersAutoConfiguration matched:
      - @ConditionalOnClass found required class 'org.springframework.http.converter.HttpMessageConverter' (OnClassCondition)
      - NoneNestedConditions 0 matched 1 did not; NestedCondition on HttpMessageConvertersAutoConfiguration.NotReactiveWebApplicationCondition.ReactiveWebApplication did not find reactive web application classes (HttpMessageConvertersAutoConfiguration.NotReactiveWebApplicationCondition)

   HttpMessageConvertersAutoConfiguration#messageConverters matched:
      - @ConditionalOnMissingBean (types: org.springframework.boot.autoconfigure.http.HttpMessageConverters; SearchStrategy: all) did not find any beans (OnBeanCondition)

   HttpMessageConvertersAutoConfiguration.StringHttpMessageConverterConfiguration matched:
      - @ConditionalOnClass found required class 'org.springframework.http.converter.StringHttpMessageConverter' (OnClassCondition)

   HttpMessageConvertersAutoConfiguration.StringHttpMessageConverterConfiguration#stringHttpMessageConverter matched:
      - @ConditionalOnMissingBean (types: org.springframework.http.converter.StringHttpMessageConverter; SearchStrategy: all) did not find any beans (OnBeanCondition)

   JacksonAutoConfiguration matched:
      - @ConditionalOnClass found required class 'com.fasterxml.jackson.databind.ObjectMapper' (OnClassCondition)

   JacksonAutoConfiguration.Jackson2ObjectMapperBuilderCustomizerConfiguration matched:
      - @ConditionalOnClass found required class 'org.springframework.http.converter.json.Jackson2ObjectMapperBuilder' (OnClassCondition)

   JacksonAutoConfiguration.JacksonObjectMapperBuilderConfiguration matched:
      - @ConditionalOnClass found required class 'org.springframework.http.converter.json.Jackson2ObjectMapperBuilder' (OnClassCondition)

   JacksonAutoConfiguration.JacksonObjectMapperBuilderConfiguration#jacksonObjectMapperBuilder matched:
      - @ConditionalOnMissingBean (types: org.springframework.http.converter.json.Jackson2ObjectMapperBuilder; SearchStrategy: all) did not find any beans (OnBeanCondition)

   JacksonAutoConfiguration.JacksonObjectMapperConfiguration matched:
      - @ConditionalOnClass found required class 'org.springframework.http.converter.json.Jackson2ObjectMapperBuilder' (OnClassCondition)

   JacksonAutoConfiguration.JacksonObjectMapperConfiguration#jacksonObjectMapper matched:
      - @ConditionalOnMissingBean (types: com.fasterxml.jackson.databind.ObjectMapper; SearchStrategy: all) did not find any beans (OnBeanCondition)

   JacksonAutoConfiguration.ParameterNamesModuleConfiguration matched:
      - @ConditionalOnClass found required class 'com.fasterxml.jackson.module.paramnames.ParameterNamesModule' (OnClassCondition)

   JacksonAutoConfiguration.ParameterNamesModuleConfiguration#parameterNamesModule matched:
      - @ConditionalOnMissingBean (types: com.fasterxml.jackson.module.paramnames.ParameterNamesModule; SearchStrategy: all) did not find any beans (OnBeanCondition)

   JacksonHttpMessageConvertersConfiguration.MappingJackson2HttpMessageConverterConfiguration matched:
      - @ConditionalOnClass found required class 'com.fasterxml.jackson.databind.ObjectMapper' (OnClassCondition)
      - @ConditionalOnProperty (spring.mvc.converters.preferred-json-mapper=jackson) matched (OnPropertyCondition)
      - @ConditionalOnBean (types: com.fasterxml.jackson.databind.ObjectMapper; SearchStrategy: all) found bean 'jacksonObjectMapper' (OnBeanCondition)

   JacksonHttpMessageConvertersConfiguration.MappingJackson2HttpMessageConverterConfiguration#mappingJackson2HttpMessageConverter matched:
      - @ConditionalOnMissingBean (types: org.springframework.http.converter.json.MappingJackson2HttpMessageConverter ignored: org.springframework.hateoas.server.mvc.TypeConstrainedMappingJackson2HttpMessageConverter,org.springframework.data.rest.webmvc.alps.AlpsJsonHttpMessageConverter; SearchStrategy: all) did not find any beans (OnBeanCondition)

   JdbcClientAutoConfiguration matched:
      - @ConditionalOnSingleCandidate (types: org.springframework.jdbc.core.namedparam.NamedParameterJdbcTemplate; SearchStrategy: all) found a single bean 'namedParameterJdbcTemplate'; @ConditionalOnMissingBean (types: org.springframework.jdbc.core.simple.JdbcClient; SearchStrategy: all) did not find any beans (OnBeanCondition)

   JdbcTemplateAutoConfiguration matched:
      - @ConditionalOnClass found required classes 'javax.sql.DataSource', 'org.springframework.jdbc.core.JdbcTemplate' (OnClassCondition)
      - @ConditionalOnSingleCandidate (types: javax.sql.DataSource; SearchStrategy: all) found a single bean 'dataSource' (OnBeanCondition)

   JdbcTemplateConfiguration matched:
      - @ConditionalOnMissingBean (types: org.springframework.jdbc.core.JdbcOperations; SearchStrategy: all) did not find any beans (OnBeanCondition)

   JmxAutoConfiguration matched:
      - @ConditionalOnClass found required class 'org.springframework.jmx.export.MBeanExporter' (OnClassCondition)
      - @ConditionalOnProperty (spring.jmx.enabled=true) matched (OnPropertyCondition)

   JmxAutoConfiguration#mbeanExporter matched:
      - @ConditionalOnMissingBean (types: org.springframework.jmx.export.MBeanExporter; SearchStrategy: current) did not find any beans (OnBeanCondition)

   JmxAutoConfiguration#mbeanServer matched:
      - @ConditionalOnMissingBean (types: javax.management.MBeanServer; SearchStrategy: all) did not find any beans (OnBeanCondition)

   JmxAutoConfiguration#objectNamingStrategy matched:
      - @ConditionalOnMissingBean (types: org.springframework.jmx.export.naming.ObjectNamingStrategy; SearchStrategy: current) did not find any beans (OnBeanCondition)

   JpaBaseConfiguration#entityManagerFactory matched:
      - @ConditionalOnMissingBean (types: org.springframework.orm.jpa.LocalContainerEntityManagerFactoryBean,jakarta.persistence.EntityManagerFactory; SearchStrategy: all) did not find any beans (OnBeanCondition)

   JpaBaseConfiguration#entityManagerFactoryBuilder matched:
      - @ConditionalOnMissingBean (types: org.springframework.boot.orm.jpa.EntityManagerFactoryBuilder; SearchStrategy: all) did not find any beans (OnBeanCondition)

   JpaBaseConfiguration#jpaVendorAdapter matched:
      - @ConditionalOnMissingBean (types: org.springframework.orm.jpa.JpaVendorAdapter; SearchStrategy: all) did not find any beans (OnBeanCondition)

   JpaBaseConfiguration#transactionManager matched:
      - @ConditionalOnMissingBean (types: org.springframework.transaction.TransactionManager; SearchStrategy: all) did not find any beans (OnBeanCondition)

   JpaBaseConfiguration.JpaWebConfiguration matched:
      - @ConditionalOnClass found required class 'org.springframework.web.servlet.config.annotation.WebMvcConfigurer' (OnClassCondition)
      - found 'session' scope (OnWebApplicationCondition)
      - @ConditionalOnProperty (spring.jpa.open-in-view=true) matched (OnPropertyCondition)
      - @ConditionalOnMissingBean (types: org.springframework.orm.jpa.support.OpenEntityManagerInViewInterceptor,org.springframework.orm.jpa.support.OpenEntityManagerInViewFilter; SearchStrategy: all) did not find any beans (OnBeanCondition)

   JpaBaseConfiguration.PersistenceManagedTypesConfiguration matched:
      - @ConditionalOnMissingBean (types: org.springframework.orm.jpa.LocalContainerEntityManagerFactoryBean,jakarta.persistence.EntityManagerFactory; SearchStrategy: all) did not find any beans (OnBeanCondition)

   JpaBaseConfiguration.PersistenceManagedTypesConfiguration#persistenceManagedTypes matched:
      - @ConditionalOnMissingBean (types: org.springframework.orm.jpa.persistenceunit.PersistenceManagedTypes; SearchStrategy: all) did not find any beans (OnBeanCondition)

   JpaRepositoriesAutoConfiguration matched:
      - @ConditionalOnClass found required class 'org.springframework.data.jpa.repository.JpaRepository' (OnClassCondition)
      - @ConditionalOnProperty (spring.data.jpa.repositories.enabled=true) matched (OnPropertyCondition)
      - @ConditionalOnBean (types: javax.sql.DataSource; SearchStrategy: all) found bean 'dataSource'; @ConditionalOnMissingBean (types: org.springframework.data.jpa.repository.support.JpaRepositoryFactoryBean,org.springframework.data.jpa.repository.config.JpaRepositoryConfigExtension; SearchStrategy: all) did not find any beans (OnBeanCondition)

   JtaAutoConfiguration matched:
      - @ConditionalOnClass found required class 'jakarta.transaction.Transaction' (OnClassCondition)
      - @ConditionalOnProperty (spring.jta.enabled) matched (OnPropertyCondition)

   LifecycleAutoConfiguration#defaultLifecycleProcessor matched:
      - @ConditionalOnMissingBean (names: lifecycleProcessor; SearchStrategy: current) did not find any beans (OnBeanCondition)

   MultipartAutoConfiguration matched:
      - @ConditionalOnClass found required classes 'jakarta.servlet.Servlet', 'org.springframework.web.multipart.support.StandardServletMultipartResolver', 'jakarta.servlet.MultipartConfigElement' (OnClassCondition)
      - found 'session' scope (OnWebApplicationCondition)
      - @ConditionalOnProperty (spring.servlet.multipart.enabled) matched (OnPropertyCondition)

   MultipartAutoConfiguration#multipartConfigElement matched:
      - @ConditionalOnMissingBean (types: jakarta.servlet.MultipartConfigElement; SearchStrategy: all) did not find any beans (OnBeanCondition)

   MultipartAutoConfiguration#multipartResolver matched:
      - @ConditionalOnMissingBean (types: org.springframework.web.multipart.MultipartResolver; SearchStrategy: all) did not find any beans (OnBeanCondition)

   NamedParameterJdbcTemplateConfiguration matched:
      - @ConditionalOnSingleCandidate (types: org.springframework.jdbc.core.JdbcTemplate; SearchStrategy: all) found a single bean 'jdbcTemplate'; @ConditionalOnMissingBean (types: org.springframework.jdbc.core.namedparam.NamedParameterJdbcOperations; SearchStrategy: all) did not find any beans (OnBeanCondition)

   NoOpCacheConfiguration matched:
      - Cache org.springframework.boot.autoconfigure.cache.NoOpCacheConfiguration automatic cache type (CacheCondition)

   PersistenceExceptionTranslationAutoConfiguration matched:
      - @ConditionalOnClass found required class 'org.springframework.dao.annotation.PersistenceExceptionTranslationPostProcessor' (OnClassCondition)

   PersistenceExceptionTranslationAutoConfiguration#persistenceExceptionTranslationPostProcessor matched:
      - @ConditionalOnProperty (spring.dao.exceptiontranslation.enabled) matched (OnPropertyCondition)
      - @ConditionalOnMissingBean (types: org.springframework.dao.annotation.PersistenceExceptionTranslationPostProcessor; SearchStrategy: all) did not find any beans (OnBeanCondition)

   PropertyPlaceholderAutoConfiguration#propertySourcesPlaceholderConfigurer matched:
      - @ConditionalOnMissingBean (types: org.springframework.context.support.PropertySourcesPlaceholderConfigurer; SearchStrategy: current) did not find any beans (OnBeanCondition)

   RestClientAutoConfiguration matched:
      - @ConditionalOnClass found required class 'org.springframework.web.client.RestClient' (OnClassCondition)
      - NoneNestedConditions 0 matched 1 did not; NestedCondition on NotReactiveWebApplicationCondition.ReactiveWebApplication did not find reactive web application classes (NotReactiveWebApplicationCondition)

   RestClientAutoConfiguration#httpMessageConvertersRestClientCustomizer matched:
      - @ConditionalOnMissingBean (types: org.springframework.boot.autoconfigure.web.client.HttpMessageConvertersRestClientCustomizer; SearchStrategy: all) did not find any beans (OnBeanCondition)

   RestClientAutoConfiguration#restClientBuilder matched:
      - @ConditionalOnMissingBean (types: org.springframework.web.client.RestClient$Builder; SearchStrategy: all) did not find any beans (OnBeanCondition)

   RestClientAutoConfiguration#restClientBuilderConfigurer matched:
      - @ConditionalOnMissingBean (types: org.springframework.boot.autoconfigure.web.client.RestClientBuilderConfigurer; SearchStrategy: all) did not find any beans (OnBeanCondition)

   RestClientAutoConfiguration#restClientSsl matched:
      - @ConditionalOnBean (types: org.springframework.boot.ssl.SslBundles; SearchStrategy: all) found bean 'sslBundleRegistry'; @ConditionalOnMissingBean (types: org.springframework.boot.autoconfigure.web.client.RestClientSsl; SearchStrategy: all) did not find any beans (OnBeanCondition)

   RestTemplateAutoConfiguration matched:
      - @ConditionalOnClass found required class 'org.springframework.web.client.RestTemplate' (OnClassCondition)
      - NoneNestedConditions 0 matched 1 did not; NestedCondition on NotReactiveWebApplicationCondition.ReactiveWebApplication did not find reactive web application classes (NotReactiveWebApplicationCondition)

   RestTemplateAutoConfiguration#restTemplateBuilder matched:
      - @ConditionalOnMissingBean (types: org.springframework.boot.web.client.RestTemplateBuilder; SearchStrategy: all) did not find any beans (OnBeanCondition)

   SecurityAutoConfiguration matched:
      - @ConditionalOnClass found required class 'org.springframework.security.authentication.DefaultAuthenticationEventPublisher' (OnClassCondition)

   SecurityAutoConfiguration#authenticationEventPublisher matched:
      - @ConditionalOnMissingBean (types: org.springframework.security.authentication.AuthenticationEventPublisher; SearchStrategy: all) did not find any beans (OnBeanCondition)

   SecurityFilterAutoConfiguration matched:
      - @ConditionalOnClass found required classes 'org.springframework.security.web.context.AbstractSecurityWebApplicationInitializer', 'org.springframework.security.config.http.SessionCreationPolicy' (OnClassCondition)
      - found 'session' scope (OnWebApplicationCondition)

   SecurityFilterAutoConfiguration#securityFilterChainRegistration matched:
      - @ConditionalOnBean (names: springSecurityFilterChain; SearchStrategy: all) found bean 'springSecurityFilterChain' (OnBeanCondition)

   ServletWebServerFactoryAutoConfiguration matched:
      - @ConditionalOnClass found required class 'jakarta.servlet.ServletRequest' (OnClassCondition)
      - found 'session' scope (OnWebApplicationCondition)

   ServletWebServerFactoryAutoConfiguration#tomcatServletWebServerFactoryCustomizer matched:
      - @ConditionalOnClass found required class 'org.apache.catalina.startup.Tomcat' (OnClassCondition)

   ServletWebServerFactoryConfiguration.EmbeddedTomcat matched:
      - @ConditionalOnClass found required classes 'jakarta.servlet.Servlet', 'org.apache.catalina.startup.Tomcat', 'org.apache.coyote.UpgradeProtocol' (OnClassCondition)
      - @ConditionalOnMissingBean (types: org.springframework.boot.web.servlet.server.ServletWebServerFactory; SearchStrategy: current) did not find any beans (OnBeanCondition)

   SimpleCacheConfiguration matched:
      - Cache org.springframework.boot.autoconfigure.cache.SimpleCacheConfiguration automatic cache type (CacheCondition)

   SpringApplicationAdminJmxAutoConfiguration matched:
      - @ConditionalOnProperty (spring.application.admin.enabled=true) matched (OnPropertyCondition)

   SpringApplicationAdminJmxAutoConfiguration#springApplicationAdminRegistrar matched:
      - @ConditionalOnMissingBean (types: org.springframework.boot.admin.SpringApplicationAdminMXBeanRegistrar; SearchStrategy: all) did not find any beans (OnBeanCondition)

   SpringBootWebSecurityConfiguration matched:
      - found 'session' scope (OnWebApplicationCondition)

   SpringBootWebSecurityConfiguration.WebSecurityEnablerConfiguration matched:
      - @ConditionalOnClass found required class 'org.springframework.security.config.annotation.web.configuration.EnableWebSecurity' (OnClassCondition)
      - @ConditionalOnMissingBean (names: springSecurityFilterChain; SearchStrategy: all) did not find any beans (OnBeanCondition)

   SpringDataWebAutoConfiguration matched:
      - @ConditionalOnClass found required classes 'org.springframework.data.web.PageableHandlerMethodArgumentResolver', 'org.springframework.web.servlet.config.annotation.WebMvcConfigurer' (OnClassCondition)
      - found 'session' scope (OnWebApplicationCondition)
      - @ConditionalOnMissingBean (types: org.springframework.data.web.PageableHandlerMethodArgumentResolver; SearchStrategy: all) did not find any beans (OnBeanCondition)

   SpringDataWebAutoConfiguration#pageableCustomizer matched:
      - @ConditionalOnMissingBean (types: org.springframework.data.web.config.PageableHandlerMethodArgumentResolverCustomizer; SearchStrategy: all) did not find any beans (OnBeanCondition)

   SpringDataWebAutoConfiguration#sortCustomizer matched:
      - @ConditionalOnMissingBean (types: org.springframework.data.web.config.SortHandlerMethodArgumentResolverCustomizer; SearchStrategy: all) did not find any beans (OnBeanCondition)

   SqlInitializationAutoConfiguration matched:
      - @ConditionalOnProperty (spring.sql.init.enabled) matched (OnPropertyCondition)
      - NoneNestedConditions 0 matched 1 did not; NestedCondition on SqlInitializationAutoConfiguration.SqlInitializationModeCondition.ModeIsNever @ConditionalOnProperty (spring.sql.init.mode=never) did not find property 'mode' (SqlInitializationAutoConfiguration.SqlInitializationModeCondition)

   SslAutoConfiguration#sslBundleRegistry matched:
      - @ConditionalOnMissingBean (types: org.springframework.boot.ssl.SslBundleRegistry,org.springframework.boot.ssl.SslBundles; SearchStrategy: all) did not find any beans (OnBeanCondition)

   TaskExecutionAutoConfiguration matched:
      - @ConditionalOnClass found required class 'org.springframework.scheduling.concurrent.ThreadPoolTaskExecutor' (OnClassCondition)

   TaskExecutorConfigurations.SimpleAsyncTaskExecutorBuilderConfiguration#simpleAsyncTaskExecutorBuilder matched:
      - @ConditionalOnMissingBean (types: org.springframework.boot.task.SimpleAsyncTaskExecutorBuilder; SearchStrategy: all) did not find any beans (OnBeanCondition)
      - @ConditionalOnThreading found PLATFORM (OnThreadingCondition)

   TaskExecutorConfigurations.TaskExecutorBuilderConfiguration#taskExecutorBuilder matched:
      - @ConditionalOnMissingBean (types: org.springframework.boot.task.TaskExecutorBuilder; SearchStrategy: all) did not find any beans (OnBeanCondition)

   TaskExecutorConfigurations.TaskExecutorConfiguration matched:
      - @ConditionalOnMissingBean (types: java.util.concurrent.Executor; SearchStrategy: all) did not find any beans (OnBeanCondition)

   TaskExecutorConfigurations.TaskExecutorConfiguration#applicationTaskExecutor matched:
      - @ConditionalOnThreading found PLATFORM (OnThreadingCondition)

   TaskExecutorConfigurations.ThreadPoolTaskExecutorBuilderConfiguration#threadPoolTaskExecutorBuilder matched:
      - @ConditionalOnMissingBean (types: org.springframework.boot.task.TaskExecutorBuilder,org.springframework.boot.task.ThreadPoolTaskExecutorBuilder; SearchStrategy: all) did not find any beans (OnBeanCondition)

   TaskSchedulingAutoConfiguration matched:
      - @ConditionalOnClass found required class 'org.springframework.scheduling.concurrent.ThreadPoolTaskScheduler' (OnClassCondition)

   TaskSchedulingConfigurations.SimpleAsyncTaskSchedulerBuilderConfiguration#simpleAsyncTaskSchedulerBuilder matched:
      - @ConditionalOnMissingBean (types: org.springframework.boot.task.SimpleAsyncTaskSchedulerBuilder; SearchStrategy: all) did not find any beans (OnBeanCondition)
      - @ConditionalOnThreading found PLATFORM (OnThreadingCondition)

   TaskSchedulingConfigurations.TaskSchedulerBuilderConfiguration#taskSchedulerBuilder matched:
      - @ConditionalOnMissingBean (types: org.springframework.boot.task.TaskSchedulerBuilder; SearchStrategy: all) did not find any beans (OnBeanCondition)

   TaskSchedulingConfigurations.ThreadPoolTaskSchedulerBuilderConfiguration#threadPoolTaskSchedulerBuilder matched:
      - @ConditionalOnMissingBean (types: org.springframework.boot.task.TaskSchedulerBuilder,org.springframework.boot.task.ThreadPoolTaskSchedulerBuilder; SearchStrategy: all) did not find any beans (OnBeanCondition)

   TransactionAutoConfiguration matched:
      - @ConditionalOnClass found required class 'org.springframework.transaction.PlatformTransactionManager' (OnClassCondition)

   TransactionAutoConfiguration.EnableTransactionManagementConfiguration matched:
      - @ConditionalOnBean (types: org.springframework.transaction.TransactionManager; SearchStrategy: all) found bean 'transactionManager'; @ConditionalOnMissingBean (types: org.springframework.transaction.annotation.AbstractTransactionManagementConfiguration; SearchStrategy: all) did not find any beans (OnBeanCondition)

   TransactionAutoConfiguration.EnableTransactionManagementConfiguration.CglibAutoProxyConfiguration matched:
      - @ConditionalOnProperty (spring.aop.proxy-target-class=true) matched (OnPropertyCondition)

   TransactionAutoConfiguration.TransactionTemplateConfiguration matched:
      - @ConditionalOnSingleCandidate (types: org.springframework.transaction.PlatformTransactionManager; SearchStrategy: all) found a single bean 'transactionManager' (OnBeanCondition)

   TransactionAutoConfiguration.TransactionTemplateConfiguration#transactionTemplate matched:
      - @ConditionalOnMissingBean (types: org.springframework.transaction.support.TransactionOperations; SearchStrategy: all) did not find any beans (OnBeanCondition)

   TransactionManagerCustomizationAutoConfiguration matched:
      - @ConditionalOnClass found required class 'org.springframework.transaction.PlatformTransactionManager' (OnClassCondition)

   TransactionManagerCustomizationAutoConfiguration#platformTransactionManagerCustomizers matched:
      - @ConditionalOnMissingBean (types: org.springframework.boot.autoconfigure.transaction.TransactionManagerCustomizers; SearchStrategy: all) did not find any beans (OnBeanCondition)

   ValidationAutoConfiguration matched:
      - @ConditionalOnClass found required class 'jakarta.validation.executable.ExecutableValidator' (OnClassCondition)
      - @ConditionalOnResource found location classpath:META-INF/services/jakarta.validation.spi.ValidationProvider (OnResourceCondition)

   ValidationAutoConfiguration#defaultValidator matched:
      - @ConditionalOnMissingBean (types: jakarta.validation.Validator; SearchStrategy: all) did not find any beans (OnBeanCondition)

   ValidationAutoConfiguration#methodValidationPostProcessor matched:
      - @ConditionalOnMissingBean (types: org.springframework.validation.beanvalidation.MethodValidationPostProcessor; SearchStrategy: current) did not find any beans (OnBeanCondition)

   WebMvcAutoConfiguration matched:
      - @ConditionalOnClass found required classes 'jakarta.servlet.Servlet', 'org.springframework.web.servlet.DispatcherServlet', 'org.springframework.web.servlet.config.annotation.WebMvcConfigurer' (OnClassCondition)
      - found 'session' scope (OnWebApplicationCondition)
      - @ConditionalOnMissingBean (types: org.springframework.web.servlet.config.annotation.WebMvcConfigurationSupport; SearchStrategy: all) did not find any beans (OnBeanCondition)

   WebMvcAutoConfiguration#formContentFilter matched:
      - @ConditionalOnProperty (spring.mvc.formcontent.filter.enabled) matched (OnPropertyCondition)
      - @ConditionalOnMissingBean (types: org.springframework.web.filter.FormContentFilter; SearchStrategy: all) did not find any beans (OnBeanCondition)

   WebMvcAutoConfiguration.EnableWebMvcConfiguration#flashMapManager matched:
      - @ConditionalOnMissingBean (names: flashMapManager; SearchStrategy: all) did not find any beans (OnBeanCondition)

   WebMvcAutoConfiguration.EnableWebMvcConfiguration#localeResolver matched:
      - @ConditionalOnMissingBean (names: localeResolver; SearchStrategy: all) did not find any beans (OnBeanCondition)

   WebMvcAutoConfiguration.EnableWebMvcConfiguration#themeResolver matched:
      - @ConditionalOnMissingBean (names: themeResolver; SearchStrategy: all) did not find any beans (OnBeanCondition)

   WebMvcAutoConfiguration.WebMvcAutoConfigurationAdapter#defaultViewResolver matched:
      - @ConditionalOnMissingBean (types: org.springframework.web.servlet.view.InternalResourceViewResolver; SearchStrategy: all) did not find any beans (OnBeanCondition)

   WebMvcAutoConfiguration.WebMvcAutoConfigurationAdapter#requestContextFilter matched:
      - @ConditionalOnMissingBean (types: org.springframework.web.context.request.RequestContextListener,org.springframework.web.filter.RequestContextFilter; SearchStrategy: all) did not find any beans (OnBeanCondition)

   WebMvcAutoConfiguration.WebMvcAutoConfigurationAdapter#viewResolver matched:
      - @ConditionalOnBean (types: org.springframework.web.servlet.ViewResolver; SearchStrategy: all) found beans 'defaultViewResolver', 'beanNameViewResolver', 'mvcViewResolver'; @ConditionalOnMissingBean (names: viewResolver types: org.springframework.web.servlet.view.ContentNegotiatingViewResolver; SearchStrategy: all) did not find any beans (OnBeanCondition)

   WebSocketServletAutoConfiguration matched:
      - @ConditionalOnClass found required classes 'jakarta.servlet.Servlet', 'jakarta.websocket.server.ServerContainer' (OnClassCondition)
      - found 'session' scope (OnWebApplicationCondition)

   WebSocketServletAutoConfiguration.TomcatWebSocketConfiguration matched:
      - @ConditionalOnClass found required classes 'org.apache.catalina.startup.Tomcat', 'org.apache.tomcat.websocket.server.WsSci' (OnClassCondition)

   WebSocketServletAutoConfiguration.TomcatWebSocketConfiguration#websocketServletWebServerCustomizer matched:
      - @ConditionalOnMissingBean (names: websocketServletWebServerCustomizer; SearchStrategy: all) did not find any beans (OnBeanCondition)


Negative matches:
-----------------

   ActiveMQAutoConfiguration:
      Did not match:
         - @ConditionalOnClass did not find required class 'jakarta.jms.ConnectionFactory' (OnClassCondition)

   AopAutoConfiguration.AspectJAutoProxyingConfiguration.JdkDynamicAutoProxyConfiguration:
      Did not match:
         - @ConditionalOnProperty (spring.aop.proxy-target-class=false) did not find property 'proxy-target-class' (OnPropertyCondition)

   AopAutoConfiguration.ClassProxyingConfiguration:
      Did not match:
         - @ConditionalOnMissingClass found unwanted class 'org.aspectj.weaver.Advice' (OnClassCondition)

   ArtemisAutoConfiguration:
      Did not match:
         - @ConditionalOnClass did not find required class 'jakarta.jms.ConnectionFactory' (OnClassCondition)

   BatchAutoConfiguration:
      Did not match:
         - @ConditionalOnClass did not find required class 'org.springframework.batch.core.launch.JobLauncher' (OnClassCondition)

   Cache2kCacheConfiguration:
      Did not match:
         - @ConditionalOnClass did not find required class 'org.cache2k.Cache2kBuilder' (OnClassCondition)

   CacheAutoConfiguration:
      Did not match:
         - @ConditionalOnBean (types: org.springframework.cache.interceptor.CacheAspectSupport; SearchStrategy: all) did not find any beans of type org.springframework.cache.interceptor.CacheAspectSupport (OnBeanCondition)
      Matched:
         - @ConditionalOnClass found required class 'org.springframework.cache.CacheManager' (OnClassCondition)

   CacheAutoConfiguration.CacheManagerEntityManagerFactoryDependsOnPostProcessor:
      Did not match:
         - Ancestor org.springframework.boot.autoconfigure.cache.CacheAutoConfiguration did not match (ConditionEvaluationReport.AncestorsMatchedCondition)
      Matched:
         - @ConditionalOnClass found required class 'org.springframework.orm.jpa.LocalContainerEntityManagerFactoryBean' (OnClassCondition)

   CaffeineCacheConfiguration:
      Did not match:
         - @ConditionalOnClass did not find required class 'com.github.benmanes.caffeine.cache.Caffeine' (OnClassCondition)

   CassandraAutoConfiguration:
      Did not match:
         - @ConditionalOnClass did not find required class 'com.datastax.oss.driver.api.core.CqlSession' (OnClassCondition)

   CassandraDataAutoConfiguration:
      Did not match:
         - @ConditionalOnClass did not find required class 'com.datastax.oss.driver.api.core.CqlSession' (OnClassCondition)

   CassandraReactiveDataAutoConfiguration:
      Did not match:
         - @ConditionalOnClass did not find required class 'com.datastax.oss.driver.api.core.CqlSession' (OnClassCondition)

   CassandraReactiveRepositoriesAutoConfiguration:
      Did not match:
         - @ConditionalOnClass did not find required class 'org.springframework.data.cassandra.ReactiveSession' (OnClassCondition)

   CassandraRepositoriesAutoConfiguration:
      Did not match:
         - @ConditionalOnClass did not find required class 'com.datastax.oss.driver.api.core.CqlSession' (OnClassCondition)

   ClientHttpConnectorAutoConfiguration:
      Did not match:
         - @ConditionalOnClass did not find required class 'org.springframework.web.reactive.function.client.WebClient' (OnClassCondition)

   CodecsAutoConfiguration:
      Did not match:
         - @ConditionalOnClass did not find required class 'org.springframework.web.reactive.function.client.WebClient' (OnClassCondition)

   CouchbaseAutoConfiguration:
      Did not match:
         - @ConditionalOnClass did not find required class 'com.couchbase.client.java.Cluster' (OnClassCondition)

   CouchbaseCacheConfiguration:
      Did not match:
         - @ConditionalOnClass did not find required class 'com.couchbase.client.java.Cluster' (OnClassCondition)

   CouchbaseDataAutoConfiguration:
      Did not match:
         - @ConditionalOnClass did not find required class 'com.couchbase.client.java.Bucket' (OnClassCondition)

   CouchbaseReactiveDataAutoConfiguration:
      Did not match:
         - @ConditionalOnClass did not find required class 'com.couchbase.client.java.Cluster' (OnClassCondition)

   CouchbaseReactiveRepositoriesAutoConfiguration:
      Did not match:
         - @ConditionalOnClass did not find required class 'com.couchbase.client.java.Cluster' (OnClassCondition)

   CouchbaseRepositoriesAutoConfiguration:
      Did not match:
         - @ConditionalOnClass did not find required class 'com.couchbase.client.java.Bucket' (OnClassCondition)

   DataSourceAutoConfiguration.EmbeddedDatabaseConfiguration:
      Did not match:
         - EmbeddedDataSource spring.datasource.url is set (DataSourceAutoConfiguration.EmbeddedDatabaseCondition)

   DataSourceCheckpointRestoreConfiguration:
      Did not match:
         - @ConditionalOnClass did not find required class 'org.crac.Resource' (OnClassCondition)

   DataSourceConfiguration.Dbcp2:
      Did not match:
         - @ConditionalOnClass did not find required class 'org.apache.commons.dbcp2.BasicDataSource' (OnClassCondition)

   DataSourceConfiguration.Generic:
      Did not match:
         - @ConditionalOnProperty (spring.datasource.type) did not find property 'spring.datasource.type' (OnPropertyCondition)

   DataSourceConfiguration.OracleUcp:
      Did not match:
         - @ConditionalOnClass did not find required classes 'oracle.ucp.jdbc.PoolDataSourceImpl', 'oracle.jdbc.OracleConnection' (OnClassCondition)

   DataSourceConfiguration.Tomcat:
      Did not match:
         - @ConditionalOnClass did not find required class 'org.apache.tomcat.jdbc.pool.DataSource' (OnClassCondition)

   DataSourceJmxConfiguration.TomcatDataSourceJmxConfiguration:
      Did not match:
         - @ConditionalOnClass did not find required class 'org.apache.tomcat.jdbc.pool.DataSourceProxy' (OnClassCondition)

   DataSourcePoolMetadataProvidersConfiguration.CommonsDbcp2PoolDataSourceMetadataProviderConfiguration:
      Did not match:
         - @ConditionalOnClass did not find required class 'org.apache.commons.dbcp2.BasicDataSource' (OnClassCondition)

   DataSourcePoolMetadataProvidersConfiguration.OracleUcpPoolDataSourceMetadataProviderConfiguration:
      Did not match:
         - @ConditionalOnClass did not find required classes 'oracle.ucp.jdbc.PoolDataSource', 'oracle.jdbc.OracleConnection' (OnClassCondition)

   DataSourcePoolMetadataProvidersConfiguration.TomcatDataSourcePoolMetadataProviderConfiguration:
      Did not match:
         - @ConditionalOnClass did not find required class 'org.apache.tomcat.jdbc.pool.DataSource' (OnClassCondition)

   DataSourceTransactionManagerAutoConfiguration.JdbcTransactionManagerConfiguration#transactionManager:
      Did not match:
         - @ConditionalOnMissingBean (types: org.springframework.transaction.TransactionManager; SearchStrategy: all) found beans of type 'org.springframework.transaction.TransactionManager' transactionManager (OnBeanCondition)

   DispatcherServletAutoConfiguration.DispatcherServletConfiguration#multipartResolver:
      Did not match:
         - @ConditionalOnBean (types: org.springframework.web.multipart.MultipartResolver; SearchStrategy: all) did not find any beans of type org.springframework.web.multipart.MultipartResolver (OnBeanCondition)

   ElasticsearchClientAutoConfiguration:
      Did not match:
         - @ConditionalOnClass did not find required class 'co.elastic.clients.elasticsearch.ElasticsearchClient' (OnClassCondition)

   ElasticsearchDataAutoConfiguration:
      Did not match:
         - @ConditionalOnClass did not find required class 'org.springframework.data.elasticsearch.client.elc.ElasticsearchTemplate' (OnClassCondition)

   ElasticsearchRepositoriesAutoConfiguration:
      Did not match:
         - @ConditionalOnClass did not find required class 'org.springframework.data.elasticsearch.repository.ElasticsearchRepository' (OnClassCondition)

   ElasticsearchRestClientAutoConfiguration:
      Did not match:
         - @ConditionalOnClass did not find required class 'org.elasticsearch.client.RestClientBuilder' (OnClassCondition)

   EmbeddedLdapAutoConfiguration:
      Did not match:
         - @ConditionalOnClass did not find required class 'com.unboundid.ldap.listener.InMemoryDirectoryServer' (OnClassCondition)

   EmbeddedWebServerFactoryCustomizerAutoConfiguration.JettyWebServerFactoryCustomizerConfiguration:
      Did not match:
         - @ConditionalOnClass did not find required classes 'org.eclipse.jetty.server.Server', 'org.eclipse.jetty.util.Loader', 'org.eclipse.jetty.ee10.webapp.WebAppContext' (OnClassCondition)

   EmbeddedWebServerFactoryCustomizerAutoConfiguration.NettyWebServerFactoryCustomizerConfiguration:
      Did not match:
         - @ConditionalOnClass did not find required class 'reactor.netty.http.server.HttpServer' (OnClassCondition)

   EmbeddedWebServerFactoryCustomizerAutoConfiguration.TomcatWebServerFactoryCustomizerConfiguration#tomcatVirtualThreadsProtocolHandlerCustomizer:
      Did not match:
         - @ConditionalOnThreading did not find VIRTUAL (OnThreadingCondition)

   EmbeddedWebServerFactoryCustomizerAutoConfiguration.UndertowWebServerFactoryCustomizerConfiguration:
      Did not match:
         - @ConditionalOnClass did not find required classes 'io.undertow.Undertow', 'org.xnio.SslClientAuthMode' (OnClassCondition)

   ErrorWebFluxAutoConfiguration:
      Did not match:
         - @ConditionalOnClass did not find required class 'org.springframework.web.reactive.config.WebFluxConfigurer' (OnClassCondition)

   FlywayAutoConfiguration:
      Did not match:
         - @ConditionalOnClass did not find required class 'org.flywaydb.core.Flyway' (OnClassCondition)

   FreeMarkerAutoConfiguration:
      Did not match:
         - @ConditionalOnClass did not find required class 'freemarker.template.Configuration' (OnClassCondition)

   GraphQlAutoConfiguration:
      Did not match:
         - @ConditionalOnClass did not find required class 'graphql.GraphQL' (OnClassCondition)

   GraphQlQueryByExampleAutoConfiguration:
      Did not match:
         - @ConditionalOnClass did not find required class 'graphql.GraphQL' (OnClassCondition)

   GraphQlQuerydslAutoConfiguration:
      Did not match:
         - @ConditionalOnClass did not find required class 'com.querydsl.core.Query' (OnClassCondition)

   GraphQlRSocketAutoConfiguration:
      Did not match:
         - @ConditionalOnClass did not find required class 'graphql.GraphQL' (OnClassCondition)

   GraphQlReactiveQueryByExampleAutoConfiguration:
      Did not match:
         - @ConditionalOnClass did not find required class 'graphql.GraphQL' (OnClassCondition)

   GraphQlReactiveQuerydslAutoConfiguration:
      Did not match:
         - @ConditionalOnClass did not find required class 'com.querydsl.core.Query' (OnClassCondition)

   GraphQlWebFluxAutoConfiguration:
      Did not match:
         - @ConditionalOnClass did not find required class 'graphql.GraphQL' (OnClassCondition)

   GraphQlWebFluxSecurityAutoConfiguration:
      Did not match:
         - @ConditionalOnClass did not find required class 'graphql.GraphQL' (OnClassCondition)

   GraphQlWebMvcAutoConfiguration:
      Did not match:
         - @ConditionalOnClass did not find required class 'graphql.GraphQL' (OnClassCondition)

   GraphQlWebMvcSecurityAutoConfiguration:
      Did not match:
         - @ConditionalOnClass did not find required class 'graphql.GraphQL' (OnClassCondition)

   GroovyTemplateAutoConfiguration:
      Did not match:
         - @ConditionalOnClass did not find required class 'groovy.text.markup.MarkupTemplateEngine' (OnClassCondition)

   GsonAutoConfiguration:
      Did not match:
         - @ConditionalOnClass did not find required class 'com.google.gson.Gson' (OnClassCondition)

   GsonHttpMessageConvertersConfiguration:
      Did not match:
         - @ConditionalOnClass did not find required class 'com.google.gson.Gson' (OnClassCondition)

   H2ConsoleAutoConfiguration:
      Did not match:
         - @ConditionalOnClass did not find required class 'org.h2.server.web.JakartaWebServlet' (OnClassCondition)

   HazelcastAutoConfiguration:
      Did not match:
         - @ConditionalOnClass did not find required class 'com.hazelcast.core.HazelcastInstance' (OnClassCondition)

   HazelcastCacheConfiguration:
      Did not match:
         - @ConditionalOnClass did not find required class 'com.hazelcast.core.HazelcastInstance' (OnClassCondition)

   HazelcastJpaDependencyAutoConfiguration:
      Did not match:
         - @ConditionalOnClass did not find required class 'com.hazelcast.core.HazelcastInstance' (OnClassCondition)

   HttpHandlerAutoConfiguration:
      Did not match:
         - @ConditionalOnClass did not find required class 'org.springframework.web.reactive.DispatcherHandler' (OnClassCondition)

   HypermediaAutoConfiguration:
      Did not match:
         - @ConditionalOnClass did not find required class 'org.springframework.hateoas.EntityModel' (OnClassCondition)

   InfinispanCacheConfiguration:
      Did not match:
         - @ConditionalOnClass did not find required class 'org.infinispan.spring.embedded.provider.SpringEmbeddedCacheManager' (OnClassCondition)

   InfluxDbAutoConfiguration:
      Did not match:
         - @ConditionalOnClass did not find required class 'org.influxdb.InfluxDB' (OnClassCondition)

   IntegrationAutoConfiguration:
      Did not match:
         - @ConditionalOnClass did not find required class 'org.springframework.integration.config.EnableIntegration' (OnClassCondition)

   JCacheCacheConfiguration:
      Did not match:
         - @ConditionalOnClass did not find required class 'javax.cache.Caching' (OnClassCondition)

   JacksonHttpMessageConvertersConfiguration.MappingJackson2XmlHttpMessageConverterConfiguration:
      Did not match:
         - @ConditionalOnClass did not find required class 'com.fasterxml.jackson.dataformat.xml.XmlMapper' (OnClassCondition)

   JdbcRepositoriesAutoConfiguration:
      Did not match:
         - @ConditionalOnClass did not find required class 'org.springframework.data.jdbc.repository.config.AbstractJdbcConfiguration' (OnClassCondition)

   JerseyAutoConfiguration:
      Did not match:
         - @ConditionalOnClass did not find required class 'org.glassfish.jersey.server.spring.SpringComponentProvider' (OnClassCondition)

   JmsAutoConfiguration:
      Did not match:
         - @ConditionalOnClass did not find required class 'jakarta.jms.Message' (OnClassCondition)

   JndiConnectionFactoryAutoConfiguration:
      Did not match:
         - @ConditionalOnClass did not find required class 'org.springframework.jms.core.JmsTemplate' (OnClassCondition)

   JndiDataSourceAutoConfiguration:
      Did not match:
         - @ConditionalOnProperty (spring.datasource.jndi-name) did not find property 'jndi-name' (OnPropertyCondition)
      Matched:
         - @ConditionalOnClass found required classes 'javax.sql.DataSource', 'org.springframework.jdbc.datasource.embedded.EmbeddedDatabaseType' (OnClassCondition)

   JndiJtaConfiguration:
      Did not match:
         - @ConditionalOnJndi JNDI environment is not available (OnJndiCondition)
      Matched:
         - @ConditionalOnClass found required class 'org.springframework.transaction.jta.JtaTransactionManager' (OnClassCondition)

   JooqAutoConfiguration:
      Did not match:
         - @ConditionalOnClass did not find required class 'org.jooq.DSLContext' (OnClassCondition)

   JpaRepositoriesAutoConfiguration#entityManagerFactoryBootstrapExecutorCustomizer:
      Did not match:
         - AnyNestedCondition 0 matched 2 did not; NestedCondition on JpaRepositoriesAutoConfiguration.BootstrapExecutorCondition.LazyBootstrapMode @ConditionalOnProperty (spring.data.jpa.repositories.bootstrap-mode=lazy) did not find property 'bootstrap-mode'; NestedCondition on JpaRepositoriesAutoConfiguration.BootstrapExecutorCondition.DeferredBootstrapMode @ConditionalOnProperty (spring.data.jpa.repositories.bootstrap-mode=deferred) did not find property 'bootstrap-mode' (JpaRepositoriesAutoConfiguration.BootstrapExecutorCondition)

   JsonbAutoConfiguration:
      Did not match:
         - @ConditionalOnClass did not find required class 'jakarta.json.bind.Jsonb' (OnClassCondition)

   JsonbHttpMessageConvertersConfiguration:
      Did not match:
         - @ConditionalOnClass did not find required class 'jakarta.json.bind.Jsonb' (OnClassCondition)

   KafkaAutoConfiguration:
      Did not match:
         - @ConditionalOnClass did not find required class 'org.springframework.kafka.core.KafkaTemplate' (OnClassCondition)

   LdapAutoConfiguration:
      Did not match:
         - @ConditionalOnClass did not find required class 'org.springframework.ldap.core.ContextSource' (OnClassCondition)

   LdapRepositoriesAutoConfiguration:
      Did not match:
         - @ConditionalOnClass did not find required class 'org.springframework.data.ldap.repository.LdapRepository' (OnClassCondition)

   LiquibaseAutoConfiguration:
      Did not match:
         - @ConditionalOnClass did not find required class 'liquibase.change.DatabaseChange' (OnClassCondition)

   MailSenderAutoConfiguration:
      Did not match:
         - @ConditionalOnClass did not find required class 'jakarta.mail.internet.MimeMessage' (OnClassCondition)

   MailSenderValidatorAutoConfiguration:
      Did not match:
         - @ConditionalOnSingleCandidate did not find required type 'org.springframework.mail.javamail.JavaMailSenderImpl' (OnBeanCondition)

   MessageSourceAutoConfiguration:
      Did not match:
         - ResourceBundle did not find bundle with basename messages (MessageSourceAutoConfiguration.ResourceBundleCondition)

   MongoAutoConfiguration:
      Did not match:
         - @ConditionalOnClass did not find required class 'com.mongodb.client.MongoClient' (OnClassCondition)

   MongoDataAutoConfiguration:
      Did not match:
         - @ConditionalOnClass did not find required class 'com.mongodb.client.MongoClient' (OnClassCondition)

   MongoReactiveAutoConfiguration:
      Did not match:
         - @ConditionalOnClass did not find required class 'com.mongodb.reactivestreams.client.MongoClient' (OnClassCondition)

   MongoReactiveDataAutoConfiguration:
      Did not match:
         - @ConditionalOnClass did not find required class 'com.mongodb.reactivestreams.client.MongoClient' (OnClassCondition)

   MongoReactiveRepositoriesAutoConfiguration:
      Did not match:
         - @ConditionalOnClass did not find required class 'com.mongodb.reactivestreams.client.MongoClient' (OnClassCondition)

   MongoRepositoriesAutoConfiguration:
      Did not match:
         - @ConditionalOnClass did not find required class 'com.mongodb.client.MongoClient' (OnClassCondition)

   MustacheAutoConfiguration:
      Did not match:
         - @ConditionalOnClass did not find required class 'com.samskivert.mustache.Mustache' (OnClassCondition)

   Neo4jAutoConfiguration:
      Did not match:
         - @ConditionalOnClass did not find required class 'org.neo4j.driver.Driver' (OnClassCondition)

   Neo4jDataAutoConfiguration:
      Did not match:
         - @ConditionalOnClass did not find required class 'org.neo4j.driver.Driver' (OnClassCondition)

   Neo4jReactiveDataAutoConfiguration:
      Did not match:
         - @ConditionalOnClass did not find required class 'org.neo4j.driver.Driver' (OnClassCondition)

   Neo4jReactiveRepositoriesAutoConfiguration:
      Did not match:
         - @ConditionalOnClass did not find required class 'org.neo4j.driver.Driver' (OnClassCondition)

   Neo4jRepositoriesAutoConfiguration:
      Did not match:
         - @ConditionalOnClass did not find required class 'org.neo4j.driver.Driver' (OnClassCondition)

   NettyAutoConfiguration:
      Did not match:
         - @ConditionalOnClass did not find required class 'io.netty.util.NettyRuntime' (OnClassCondition)

   OAuth2AuthorizationServerAutoConfiguration:
      Did not match:
         - @ConditionalOnClass did not find required class 'org.springframework.security.oauth2.server.authorization.OAuth2Authorization' (OnClassCondition)

   OAuth2AuthorizationServerJwtAutoConfiguration:
      Did not match:
         - @ConditionalOnClass did not find required class 'org.springframework.security.oauth2.server.authorization.OAuth2Authorization' (OnClassCondition)

   OAuth2ClientAutoConfiguration:
      Did not match:
         - @ConditionalOnClass did not find required class 'org.springframework.security.oauth2.client.registration.ClientRegistration' (OnClassCondition)

   OAuth2ResourceServerAutoConfiguration:
      Did not match:
         - @ConditionalOnClass did not find required class 'org.springframework.security.oauth2.server.resource.authentication.BearerTokenAuthenticationToken' (OnClassCondition)

   ProjectInfoAutoConfiguration#buildProperties:
      Did not match:
         - @ConditionalOnResource did not find resource '${spring.info.build.location:classpath:META-INF/build-info.properties}' (OnResourceCondition)

   ProjectInfoAutoConfiguration#gitProperties:
      Did not match:
         - GitResource did not find git info at classpath:git.properties (ProjectInfoAutoConfiguration.GitResourceAvailableCondition)

   PulsarAutoConfiguration:
      Did not match:
         - @ConditionalOnClass did not find required class 'org.apache.pulsar.client.api.PulsarClient' (OnClassCondition)

   PulsarReactiveAutoConfiguration:
      Did not match:
         - @ConditionalOnClass did not find required class 'org.apache.pulsar.client.api.PulsarClient' (OnClassCondition)

   QuartzAutoConfiguration:
      Did not match:
         - @ConditionalOnClass did not find required class 'org.quartz.Scheduler' (OnClassCondition)

   R2dbcAutoConfiguration:
      Did not match:
         - @ConditionalOnClass did not find required class 'io.r2dbc.spi.ConnectionFactory' (OnClassCondition)

   R2dbcDataAutoConfiguration:
      Did not match:
         - @ConditionalOnClass did not find required class 'org.springframework.data.r2dbc.core.R2dbcEntityTemplate' (OnClassCondition)

   R2dbcInitializationConfiguration:
      Did not match:
         - @ConditionalOnClass did not find required classes 'io.r2dbc.spi.ConnectionFactory', 'org.springframework.r2dbc.connection.init.DatabasePopulator' (OnClassCondition)

   R2dbcRepositoriesAutoConfiguration:
      Did not match:
         - @ConditionalOnClass did not find required class 'io.r2dbc.spi.ConnectionFactory' (OnClassCondition)

   R2dbcTransactionManagerAutoConfiguration:
      Did not match:
         - @ConditionalOnClass did not find required class 'org.springframework.r2dbc.connection.R2dbcTransactionManager' (OnClassCondition)

   RSocketGraphQlClientAutoConfiguration:
      Did not match:
         - @ConditionalOnClass did not find required class 'graphql.GraphQL' (OnClassCondition)

   RSocketMessagingAutoConfiguration:
      Did not match:
         - @ConditionalOnClass did not find required class 'io.rsocket.RSocket' (OnClassCondition)

   RSocketRequesterAutoConfiguration:
      Did not match:
         - @ConditionalOnClass did not find required class 'io.rsocket.RSocket' (OnClassCondition)

   RSocketSecurityAutoConfiguration:
      Did not match:
         - @ConditionalOnClass did not find required class 'org.springframework.security.rsocket.core.SecuritySocketAcceptorInterceptor' (OnClassCondition)

   RSocketServerAutoConfiguration:
      Did not match:
         - @ConditionalOnClass did not find required class 'io.rsocket.core.RSocketServer' (OnClassCondition)

   RSocketStrategiesAutoConfiguration:
      Did not match:
         - @ConditionalOnClass did not find required class 'io.netty.buffer.PooledByteBufAllocator' (OnClassCondition)

   RabbitAutoConfiguration:
      Did not match:
         - @ConditionalOnClass did not find required class 'com.rabbitmq.client.Channel' (OnClassCondition)

   ReactiveElasticsearchClientAutoConfiguration:
      Did not match:
         - @ConditionalOnClass did not find required class 'co.elastic.clients.transport.ElasticsearchTransport' (OnClassCondition)

   ReactiveElasticsearchRepositoriesAutoConfiguration:
      Did not match:
         - @ConditionalOnClass did not find required class 'org.springframework.data.elasticsearch.client.elc.ReactiveElasticsearchClient' (OnClassCondition)

   ReactiveMultipartAutoConfiguration:
      Did not match:
         - @ConditionalOnClass did not find required class 'org.springframework.web.reactive.config.WebFluxConfigurer' (OnClassCondition)

   ReactiveOAuth2ClientAutoConfiguration:
      Did not match:
         - @ConditionalOnClass did not find required class 'reactor.core.publisher.Flux' (OnClassCondition)

   ReactiveOAuth2ResourceServerAutoConfiguration:
      Did not match:
         - @ConditionalOnWebApplication did not find reactive web application classes (OnWebApplicationCondition)

   ReactiveSecurityAutoConfiguration:
      Did not match:
         - @ConditionalOnClass did not find required class 'reactor.core.publisher.Flux' (OnClassCondition)

   ReactiveUserDetailsServiceAutoConfiguration:
      Did not match:
         - AnyNestedCondition 0 matched 2 did not; NestedCondition on ReactiveUserDetailsServiceAutoConfiguration.RSocketEnabledOrReactiveWebApplication.ReactiveWebApplicationCondition did not find reactive web application classes; NestedCondition on ReactiveUserDetailsServiceAutoConfiguration.RSocketEnabledOrReactiveWebApplication.RSocketSecurityEnabledCondition @ConditionalOnBean (types: org.springframework.messaging.rsocket.annotation.support.RSocketMessageHandler; SearchStrategy: all) did not find any beans of type org.springframework.messaging.rsocket.annotation.support.RSocketMessageHandler (ReactiveUserDetailsServiceAutoConfiguration.RSocketEnabledOrReactiveWebApplication)
      Matched:
         - @ConditionalOnClass found required class 'org.springframework.security.authentication.ReactiveAuthenticationManager' (OnClassCondition)
         - AnyNestedCondition 1 matched 2 did not; NestedCondition on ReactiveUserDetailsServiceAutoConfiguration.MissingAlternativeOrUserPropertiesConfigured.PasswordConfigured @ConditionalOnProperty (spring.security.user.password) did not find property 'password'; NestedCondition on ReactiveUserDetailsServiceAutoConfiguration.MissingAlternativeOrUserPropertiesConfigured.NameConfigured @ConditionalOnProperty (spring.security.user.name) did not find property 'name'; NestedCondition on ReactiveUserDetailsServiceAutoConfiguration.MissingAlternativeOrUserPropertiesConfigured.MissingAlternative @ConditionalOnMissingClass did not find unwanted classes 'org.springframework.security.oauth2.client.registration.ClientRegistrationRepository', 'org.springframework.security.oauth2.server.resource.introspection.ReactiveOpaqueTokenIntrospector' (ReactiveUserDetailsServiceAutoConfiguration.MissingAlternativeOrUserPropertiesConfigured)

   ReactiveWebServerFactoryAutoConfiguration:
      Did not match:
         - @ConditionalOnWebApplication did not find reactive web application classes (OnWebApplicationCondition)

   ReactorAutoConfiguration:
      Did not match:
         - @ConditionalOnClass did not find required class 'reactor.core.publisher.Hooks' (OnClassCondition)

   RedisAutoConfiguration:
      Did not match:
         - @ConditionalOnClass did not find required class 'org.springframework.data.redis.core.RedisOperations' (OnClassCondition)

   RedisCacheConfiguration:
      Did not match:
         - @ConditionalOnClass did not find required class 'org.springframework.data.redis.connection.RedisConnectionFactory' (OnClassCondition)

   RedisReactiveAutoConfiguration:
      Did not match:
         - @ConditionalOnClass did not find required class 'reactor.core.publisher.Flux' (OnClassCondition)

   RedisRepositoriesAutoConfiguration:
      Did not match:
         - @ConditionalOnClass did not find required class 'org.springframework.data.redis.repository.configuration.EnableRedisRepositories' (OnClassCondition)

   RepositoryRestMvcAutoConfiguration:
      Did not match:
         - @ConditionalOnClass did not find required class 'org.springframework.data.rest.webmvc.config.RepositoryRestMvcConfiguration' (OnClassCondition)

   Saml2RelyingPartyAutoConfiguration:
      Did not match:
         - @ConditionalOnClass did not find required class 'org.springframework.security.saml2.provider.service.registration.RelyingPartyRegistrationRepository' (OnClassCondition)

   SecurityDataConfiguration:
      Did not match:
         - @ConditionalOnClass did not find required class 'org.springframework.security.data.repository.query.SecurityEvaluationContextExtension' (OnClassCondition)

   SendGridAutoConfiguration:
      Did not match:
         - @ConditionalOnClass did not find required class 'com.sendgrid.SendGrid' (OnClassCondition)

   ServletWebServerFactoryAutoConfiguration.ForwardedHeaderFilterConfiguration:
      Did not match:
         - @ConditionalOnProperty (server.forward-headers-strategy=framework) did not find property 'server.forward-headers-strategy' (OnPropertyCondition)

   ServletWebServerFactoryConfiguration.EmbeddedJetty:
      Did not match:
         - @ConditionalOnClass did not find required classes 'org.eclipse.jetty.server.Server', 'org.eclipse.jetty.util.Loader', 'org.eclipse.jetty.ee10.webapp.WebAppContext' (OnClassCondition)

   ServletWebServerFactoryConfiguration.EmbeddedUndertow:
      Did not match:
         - @ConditionalOnClass did not find required classes 'io.undertow.Undertow', 'org.xnio.SslClientAuthMode' (OnClassCondition)

   SessionAutoConfiguration:
      Did not match:
         - @ConditionalOnClass did not find required class 'org.springframework.session.Session' (OnClassCondition)

   SpringBootWebSecurityConfiguration.SecurityFilterChainConfiguration:
      Did not match:
         - AllNestedConditions 1 matched 1 did not; NestedCondition on DefaultWebSecurityCondition.Beans @ConditionalOnMissingBean (types: org.springframework.security.web.SecurityFilterChain; SearchStrategy: all) found beans of type 'org.springframework.security.web.SecurityFilterChain' securityFilterChain; NestedCondition on DefaultWebSecurityCondition.Classes @ConditionalOnClass found required classes 'org.springframework.security.web.SecurityFilterChain', 'org.springframework.security.config.annotation.web.builders.HttpSecurity' (DefaultWebSecurityCondition)

   TaskExecutorConfigurations.SimpleAsyncTaskExecutorBuilderConfiguration#simpleAsyncTaskExecutorBuilderVirtualThreads:
      Did not match:
         - @ConditionalOnMissingBean (types: org.springframework.boot.task.SimpleAsyncTaskExecutorBuilder; SearchStrategy: all) found beans of type 'org.springframework.boot.task.SimpleAsyncTaskExecutorBuilder' simpleAsyncTaskExecutorBuilder (OnBeanCondition)

   TaskExecutorConfigurations.TaskExecutorConfiguration#applicationTaskExecutorVirtualThreads:
      Did not match:
         - @ConditionalOnThreading did not find VIRTUAL (OnThreadingCondition)

   TaskSchedulingAutoConfiguration#scheduledBeanLazyInitializationExcludeFilter:
      Did not match:
         - @ConditionalOnBean (names: org.springframework.context.annotation.internalScheduledAnnotationProcessor; SearchStrategy: all) did not find any beans named org.springframework.context.annotation.internalScheduledAnnotationProcessor (OnBeanCondition)

   TaskSchedulingConfigurations.SimpleAsyncTaskSchedulerBuilderConfiguration#simpleAsyncTaskSchedulerBuilderVirtualThreads:
      Did not match:
         - @ConditionalOnMissingBean (types: org.springframework.boot.task.SimpleAsyncTaskSchedulerBuilder; SearchStrategy: all) found beans of type 'org.springframework.boot.task.SimpleAsyncTaskSchedulerBuilder' simpleAsyncTaskSchedulerBuilder (OnBeanCondition)

   TaskSchedulingConfigurations.TaskSchedulerConfiguration:
      Did not match:
         - @ConditionalOnBean (names: org.springframework.context.annotation.internalScheduledAnnotationProcessor; SearchStrategy: all) did not find any beans named org.springframework.context.annotation.internalScheduledAnnotationProcessor (OnBeanCondition)

   ThymeleafAutoConfiguration:
      Did not match:
         - @ConditionalOnClass did not find required class 'org.thymeleaf.spring6.SpringTemplateEngine' (OnClassCondition)

   TransactionAutoConfiguration#transactionalOperator:
      Did not match:
         - @ConditionalOnSingleCandidate (types: org.springframework.transaction.ReactiveTransactionManager; SearchStrategy: all) did not find any beans (OnBeanCondition)

   TransactionAutoConfiguration.AspectJTransactionManagementConfiguration:
      Did not match:
         - @ConditionalOnBean (types: org.springframework.transaction.aspectj.AbstractTransactionAspect; SearchStrategy: all) did not find any beans of type org.springframework.transaction.aspectj.AbstractTransactionAspect (OnBeanCondition)

   TransactionAutoConfiguration.EnableTransactionManagementConfiguration.JdkDynamicAutoProxyConfiguration:
      Did not match:
         - @ConditionalOnProperty (spring.aop.proxy-target-class=false) did not find property 'proxy-target-class' (OnPropertyCondition)

   UserDetailsServiceAutoConfiguration:
      Did not match:
         - @ConditionalOnMissingBean (types: org.springframework.security.authentication.AuthenticationManager,org.springframework.security.authentication.AuthenticationProvider,org.springframework.security.core.userdetails.UserDetailsService,org.springframework.security.authentication.AuthenticationManagerResolver,org.springframework.security.oauth2.jwt.JwtDecoder; SearchStrategy: all) found beans of type 'org.springframework.security.authentication.AuthenticationManager' authenticationManager and found beans of type 'org.springframework.security.core.userdetails.UserDetailsService' customUserDetailsService (OnBeanCondition)
      Matched:
         - @ConditionalOnClass found required class 'org.springframework.security.authentication.AuthenticationManager' (OnClassCondition)
         - AnyNestedCondition 1 matched 2 did not; NestedCondition on UserDetailsServiceAutoConfiguration.MissingAlternativeOrUserPropertiesConfigured.PasswordConfigured @ConditionalOnProperty (spring.security.user.password) did not find property 'password'; NestedCondition on UserDetailsServiceAutoConfiguration.MissingAlternativeOrUserPropertiesConfigured.NameConfigured @ConditionalOnProperty (spring.security.user.name) did not find property 'name'; NestedCondition on UserDetailsServiceAutoConfiguration.MissingAlternativeOrUserPropertiesConfigured.MissingAlternative @ConditionalOnMissingClass did not find unwanted classes 'org.springframework.security.oauth2.client.registration.ClientRegistrationRepository', 'org.springframework.security.oauth2.server.resource.introspection.OpaqueTokenIntrospector', 'org.springframework.security.saml2.provider.service.registration.RelyingPartyRegistrationRepository' (UserDetailsServiceAutoConfiguration.MissingAlternativeOrUserPropertiesConfigured)

   WebClientAutoConfiguration:
      Did not match:
         - @ConditionalOnClass did not find required class 'org.springframework.web.reactive.function.client.WebClient' (OnClassCondition)

   WebFluxAutoConfiguration:
      Did not match:
         - @ConditionalOnClass did not find required class 'org.springframework.web.reactive.config.WebFluxConfigurer' (OnClassCondition)

   WebMvcAutoConfiguration#hiddenHttpMethodFilter:
      Did not match:
         - @ConditionalOnProperty (spring.mvc.hiddenmethod.filter.enabled) did not find property 'enabled' (OnPropertyCondition)

   WebMvcAutoConfiguration.ProblemDetailsErrorHandlingConfiguration:
      Did not match:
         - @ConditionalOnProperty (spring.mvc.problemdetails.enabled=true) did not find property 'enabled' (OnPropertyCondition)

   WebMvcAutoConfiguration.ResourceChainCustomizerConfiguration:
      Did not match:
         - @ConditionalOnEnabledResourceChain did not find class org.webjars.WebJarAssetLocator (OnEnabledResourceChainCondition)

   WebMvcAutoConfiguration.WebMvcAutoConfigurationAdapter#beanNameViewResolver:
      Did not match:
         - @ConditionalOnMissingBean (types: org.springframework.web.servlet.view.BeanNameViewResolver; SearchStrategy: all) found beans of type 'org.springframework.web.servlet.view.BeanNameViewResolver' beanNameViewResolver (OnBeanCondition)

   WebServiceTemplateAutoConfiguration:
      Did not match:
         - @ConditionalOnClass did not find required class 'org.springframework.oxm.Marshaller' (OnClassCondition)

   WebServicesAutoConfiguration:
      Did not match:
         - @ConditionalOnClass did not find required class 'org.springframework.ws.transport.http.MessageDispatcherServlet' (OnClassCondition)

   WebSessionIdResolverAutoConfiguration:
      Did not match:
         - @ConditionalOnClass did not find required class 'reactor.core.publisher.Mono' (OnClassCondition)

   WebSocketMessagingAutoConfiguration:
      Did not match:
         - @ConditionalOnClass did not find required class 'org.springframework.web.socket.config.annotation.WebSocketMessageBrokerConfigurer' (OnClassCondition)

   WebSocketReactiveAutoConfiguration:
      Did not match:
         - @ConditionalOnWebApplication did not find reactive web application classes (OnWebApplicationCondition)

   WebSocketServletAutoConfiguration.JettyWebSocketConfiguration:
      Did not match:
         - @ConditionalOnClass did not find required class 'org.eclipse.jetty.ee10.websocket.jakarta.server.config.JakartaWebSocketServletContainerInitializer' (OnClassCondition)

   WebSocketServletAutoConfiguration.UndertowWebSocketConfiguration:
      Did not match:
         - @ConditionalOnClass did not find required class 'io.undertow.websockets.jsr.Bootstrap' (OnClassCondition)

   XADataSourceAutoConfiguration:
      Did not match:
         - @ConditionalOnBean (types: org.springframework.boot.jdbc.XADataSourceWrapper; SearchStrategy: all) did not find any beans of type org.springframework.boot.jdbc.XADataSourceWrapper (OnBeanCondition)
      Matched:
         - @ConditionalOnClass found required classes 'javax.sql.DataSource', 'jakarta.transaction.TransactionManager', 'org.springframework.jdbc.datasource.embedded.EmbeddedDatabaseType' (OnClassCondition)


Exclusions:
-----------

    None


Unconditional classes:
----------------------

    org.springframework.boot.autoconfigure.context.ConfigurationPropertiesAutoConfiguration

    org.springframework.boot.autoconfigure.ssl.SslAutoConfiguration

    org.springframework.boot.autoconfigure.context.LifecycleAutoConfiguration

    org.springframework.boot.autoconfigure.context.PropertyPlaceholderAutoConfiguration

    org.springframework.boot.autoconfigure.availability.ApplicationAvailabilityAutoConfiguration

    org.springframework.boot.autoconfigure.info.ProjectInfoAutoConfiguration



2026-02-18T03:25:13.798+02:00  INFO 704 --- [medical-crm] [main] c.m.backend.MedicalCrmApplication        : Started MedicalCrmApplication in 9.192 seconds (process running for 10.313)
2026-02-18T03:25:13.800+02:00 DEBUG 704 --- [medical-crm] [main] o.s.b.a.ApplicationAvailabilityBean      : Application availability state LivenessState changed to CORRECT
2026-02-18T03:25:13.803+02:00 DEBUG 704 --- [medical-crm] [main] o.s.b.a.ApplicationAvailabilityBean      : Application availability state ReadinessState changed to ACCEPTING_TRAFFIC
2026-02-18T03:28:13.350+02:00 DEBUG 704 --- [medical-crm] [SpringApplicationShutdownHook] o.s.b.a.ApplicationAvailabilityBean      : Application availability state ReadinessState changed from ACCEPTING_TRAFFIC to REFUSING_TRAFFIC
2026-02-18T03:28:13.350+02:00 DEBUG 704 --- [medical-crm] [SpringApplicationShutdownHook] ConfigServletWebServerApplicationContext : Closing org.springframework.boot.web.servlet.context.AnnotationConfigServletWebServerApplicationContext@2dc995f4, started on Wed Feb 18 03:25:05 EET 2026
2026-02-18T03:28:13.354+02:00 DEBUG 704 --- [medical-crm] [SpringApplicationShutdownHook] o.s.c.support.DefaultLifecycleProcessor  : Stopping beans in phase 2147483647
2026-02-18T03:28:13.355+02:00 DEBUG 704 --- [medical-crm] [SpringApplicationShutdownHook] o.s.c.support.DefaultLifecycleProcessor  : Bean 'applicationTaskExecutor' completed its stop procedure
2026-02-18T03:28:13.355+02:00 DEBUG 704 --- [medical-crm] [SpringApplicationShutdownHook] o.s.c.support.DefaultLifecycleProcessor  : Stopping beans in phase 2147482623
2026-02-18T03:28:13.356+02:00 DEBUG 704 --- [medical-crm] [SpringApplicationShutdownHook] o.s.c.support.DefaultLifecycleProcessor  : Bean 'webServerGracefulShutdown' completed its stop procedure
2026-02-18T03:28:13.356+02:00 DEBUG 704 --- [medical-crm] [SpringApplicationShutdownHook] o.s.c.support.DefaultLifecycleProcessor  : Stopping beans in phase 2147481599
2026-02-18T03:28:13.374+02:00 DEBUG 704 --- [medical-crm] [SpringApplicationShutdownHook] o.s.c.support.DefaultLifecycleProcessor  : Bean 'webServerStartStop' completed its stop procedure
2026-02-18T03:28:13.374+02:00 DEBUG 704 --- [medical-crm] [SpringApplicationShutdownHook] o.s.c.support.DefaultLifecycleProcessor  : Stopping beans in phase -2147483647
2026-02-18T03:28:13.374+02:00 DEBUG 704 --- [medical-crm] [SpringApplicationShutdownHook] o.s.c.support.DefaultLifecycleProcessor  : Bean 'springBootLoggingLifecycle' completed its stop procedure
2026-02-18T03:28:13.376+02:00 DEBUG 704 --- [medical-crm] [SpringApplicationShutdownHook] o.s.j.e.a.AnnotationMBeanExporter        : Unregistering JMX-exposed beans on shutdown
2026-02-18T03:28:13.376+02:00 DEBUG 704 --- [medical-crm] [SpringApplicationShutdownHook] o.s.j.e.a.AnnotationMBeanExporter        : Unregistering JMX-exposed beans
2026-02-18T03:28:13.376+02:00 DEBUG 704 --- [medical-crm] [SpringApplicationShutdownHook] o.s.s.concurrent.ThreadPoolTaskExecutor  : Shutting down ExecutorService 'applicationTaskExecutor'
2026-02-18T03:28:13.380+02:00  INFO 704 --- [medical-crm] [SpringApplicationShutdownHook] j.LocalContainerEntityManagerFactoryBean : Closing JPA EntityManagerFactory for persistence unit 'default'
2026-02-18T03:28:13.382+02:00  INFO 704 --- [medical-crm] [SpringApplicationShutdownHook] com.zaxxer.hikari.HikariDataSource       : HikariPool-1 - Shutdown initiated...
2026-02-18T03:28:13.385+02:00  INFO 704 --- [medical-crm] [SpringApplicationShutdownHook] com.zaxxer.hikari.HikariDataSource       : HikariPool-1 - Shutdown completed.
2026-02-18T03:28:16.767+02:00  INFO 8552 --- [medical-crm] [main] c.m.backend.MedicalCrmApplication        : Starting MedicalCrmApplication using Java 17.0.6 with PID 8552 (D:\P&I\backend\target\classes started by steli in D:\P&I\backend)
2026-02-18T03:28:16.771+02:00 DEBUG 8552 --- [medical-crm] [main] c.m.backend.MedicalCrmApplication        : Running with Spring Boot v3.2.5, Spring v6.1.6
2026-02-18T03:28:16.772+02:00  INFO 8552 --- [medical-crm] [main] c.m.backend.MedicalCrmApplication        : No active profile set, falling back to 1 default profile: "default"
2026-02-18T03:28:16.772+02:00 DEBUG 8552 --- [medical-crm] [main] o.s.boot.SpringApplication               : Loading source class com.medicalcrm.backend.MedicalCrmApplication
2026-02-18T03:28:16.830+02:00 DEBUG 8552 --- [medical-crm] [main] ConfigServletWebServerApplicationContext : Refreshing org.springframework.boot.web.servlet.context.AnnotationConfigServletWebServerApplicationContext@2dc995f4
2026-02-18T03:28:16.857+02:00 DEBUG 8552 --- [medical-crm] [main] o.s.b.f.s.DefaultListableBeanFactory     : Creating shared instance of singleton bean 'org.springframework.context.annotation.internalConfigurationAnnotationProcessor'
2026-02-18T03:28:16.876+02:00 DEBUG 8552 --- [medical-crm] [main] o.s.b.f.s.DefaultListableBeanFactory     : Creating shared instance of singleton bean 'org.springframework.boot.autoconfigure.internalCachingMetadataReaderFactory'
2026-02-18T03:28:16.959+02:00 DEBUG 8552 --- [medical-crm] [main] o.s.c.a.ClassPathBeanDefinitionScanner   : Identified candidate component class: file [D:\P&I\backend\target\classes\com\medicalcrm\backend\config\SecurityConfig.class]
2026-02-18T03:28:16.960+02:00 DEBUG 8552 --- [medical-crm] [main] o.s.c.a.ClassPathBeanDefinitionScanner   : Identified candidate component class: file [D:\P&I\backend\target\classes\com\medicalcrm\backend\config\SwaggerConfig.class]
2026-02-18T03:28:16.984+02:00 DEBUG 8552 --- [medical-crm] [main] o.s.c.a.ClassPathBeanDefinitionScanner   : Identified candidate component class: file [D:\P&I\backend\target\classes\com\medicalcrm\backend\controller\AppointmentController.class]
2026-02-18T03:28:16.985+02:00 DEBUG 8552 --- [medical-crm] [main] o.s.c.a.ClassPathBeanDefinitionScanner   : Identified candidate component class: file [D:\P&I\backend\target\classes\com\medicalcrm\backend\controller\AuthController.class]
2026-02-18T03:28:16.987+02:00 DEBUG 8552 --- [medical-crm] [main] o.s.c.a.ClassPathBeanDefinitionScanner   : Identified candidate component class: file [D:\P&I\backend\target\classes\com\medicalcrm\backend\controller\DoctorController.class]
2026-02-18T03:28:16.988+02:00 DEBUG 8552 --- [medical-crm] [main] o.s.c.a.ClassPathBeanDefinitionScanner   : Identified candidate component class: file [D:\P&I\backend\target\classes\com\medicalcrm\backend\controller\MedicalServiceController.class]
2026-02-18T03:28:16.990+02:00 DEBUG 8552 --- [medical-crm] [main] o.s.c.a.ClassPathBeanDefinitionScanner   : Identified candidate component class: file [D:\P&I\backend\target\classes\com\medicalcrm\backend\controller\PatientController.class]
2026-02-18T03:28:16.992+02:00 DEBUG 8552 --- [medical-crm] [main] o.s.c.a.ClassPathBeanDefinitionScanner   : Identified candidate component class: file [D:\P&I\backend\target\classes\com\medicalcrm\backend\controller\PaymentController.class]
2026-02-18T03:28:16.994+02:00 DEBUG 8552 --- [medical-crm] [main] o.s.c.a.ClassPathBeanDefinitionScanner   : Identified candidate component class: file [D:\P&I\backend\target\classes\com\medicalcrm\backend\controller\UserController.class]
2026-02-18T03:28:17.013+02:00 DEBUG 8552 --- [medical-crm] [main] o.s.c.a.ClassPathBeanDefinitionScanner   : Identified candidate component class: file [D:\P&I\backend\target\classes\com\medicalcrm\backend\exception\GlobalExceptionHandler.class]
2026-02-18T03:28:17.038+02:00 DEBUG 8552 --- [medical-crm] [main] o.s.c.a.ClassPathBeanDefinitionScanner   : Identified candidate component class: file [D:\P&I\backend\target\classes\com\medicalcrm\backend\security\CustomUserDetailsService.class]
2026-02-18T03:28:17.039+02:00 DEBUG 8552 --- [medical-crm] [main] o.s.c.a.ClassPathBeanDefinitionScanner   : Identified candidate component class: file [D:\P&I\backend\target\classes\com\medicalcrm\backend\security\JwtAuthenticationFilter.class]
2026-02-18T03:28:17.040+02:00 DEBUG 8552 --- [medical-crm] [main] o.s.c.a.ClassPathBeanDefinitionScanner   : Identified candidate component class: file [D:\P&I\backend\target\classes\com\medicalcrm\backend\security\JwtService.class]
2026-02-18T03:28:17.043+02:00 DEBUG 8552 --- [medical-crm] [main] o.s.c.a.ClassPathBeanDefinitionScanner   : Identified candidate component class: file [D:\P&I\backend\target\classes\com\medicalcrm\backend\service\impl\AppointmentServiceImpl.class]
2026-02-18T03:28:17.044+02:00 DEBUG 8552 --- [medical-crm] [main] o.s.c.a.ClassPathBeanDefinitionScanner   : Identified candidate component class: file [D:\P&I\backend\target\classes\com\medicalcrm\backend\service\impl\DoctorServiceImpl.class]
2026-02-18T03:28:17.045+02:00 DEBUG 8552 --- [medical-crm] [main] o.s.c.a.ClassPathBeanDefinitionScanner   : Identified candidate component class: file [D:\P&I\backend\target\classes\com\medicalcrm\backend\service\impl\MedicalServiceServiceImpl.class]
2026-02-18T03:28:17.046+02:00 DEBUG 8552 --- [medical-crm] [main] o.s.c.a.ClassPathBeanDefinitionScanner   : Identified candidate component class: file [D:\P&I\backend\target\classes\com\medicalcrm\backend\service\impl\PatientServiceImpl.class]
2026-02-18T03:28:17.048+02:00 DEBUG 8552 --- [medical-crm] [main] o.s.c.a.ClassPathBeanDefinitionScanner   : Identified candidate component class: file [D:\P&I\backend\target\classes\com\medicalcrm\backend\service\impl\PaymentServiceImpl.class]
2026-02-18T03:28:17.049+02:00 DEBUG 8552 --- [medical-crm] [main] o.s.c.a.ClassPathBeanDefinitionScanner   : Identified candidate component class: file [D:\P&I\backend\target\classes\com\medicalcrm\backend\service\impl\UserServiceImpl.class]
2026-02-18T03:28:17.049+02:00 DEBUG 8552 --- [medical-crm] [main] o.s.c.a.ClassPathBeanDefinitionScanner   : Identified candidate component class: file [D:\P&I\backend\target\classes\com\medicalcrm\backend\service\LogClass.class]
2026-02-18T03:28:17.777+02:00  INFO 8552 --- [medical-crm] [main] .s.d.r.c.RepositoryConfigurationDelegate : Bootstrapping Spring Data JPA repositories in DEFAULT mode.
2026-02-18T03:28:17.785+02:00 DEBUG 8552 --- [medical-crm] [main] o.s.b.f.s.DefaultListableBeanFactory     : Creating shared instance of singleton bean 'org.springframework.boot.autoconfigure.AutoConfigurationPackages'
2026-02-18T03:28:17.795+02:00 DEBUG 8552 --- [medical-crm] [main] o.s.b.a.AutoConfigurationPackages        : @EnableAutoConfiguration was declared on a class in the package 'com.medicalcrm.backend'. Automatic @Repository and @Entity scanning is enabled.
2026-02-18T03:28:17.797+02:00 DEBUG 8552 --- [medical-crm] [main] .s.d.r.c.RepositoryConfigurationDelegate : Scanning for JPA repositories in packages com.medicalcrm.backend.
2026-02-18T03:28:17.812+02:00 DEBUG 8552 --- [medical-crm] [main] o.s.d.r.c.RepositoryComponentProvider    : Identified candidate component class: file [D:\P&I\backend\target\classes\com\medicalcrm\backend\repository\AppointmentRepository.class]
2026-02-18T03:28:17.813+02:00 DEBUG 8552 --- [medical-crm] [main] o.s.d.r.c.RepositoryComponentProvider    : Identified candidate component class: file [D:\P&I\backend\target\classes\com\medicalcrm\backend\repository\DoctorRepository.class]
2026-02-18T03:28:17.813+02:00 DEBUG 8552 --- [medical-crm] [main] o.s.d.r.c.RepositoryComponentProvider    : Identified candidate component class: file [D:\P&I\backend\target\classes\com\medicalcrm\backend\repository\MedicalServiceRepository.class]
2026-02-18T03:28:17.813+02:00 DEBUG 8552 --- [medical-crm] [main] o.s.d.r.c.RepositoryComponentProvider    : Identified candidate component class: file [D:\P&I\backend\target\classes\com\medicalcrm\backend\repository\PatientRepository.class]
2026-02-18T03:28:17.813+02:00 DEBUG 8552 --- [medical-crm] [main] o.s.d.r.c.RepositoryComponentProvider    : Identified candidate component class: file [D:\P&I\backend\target\classes\com\medicalcrm\backend\repository\PaymentRepository.class]
2026-02-18T03:28:17.814+02:00 DEBUG 8552 --- [medical-crm] [main] o.s.d.r.c.RepositoryComponentProvider    : Identified candidate component class: file [D:\P&I\backend\target\classes\com\medicalcrm\backend\repository\UserRepository.class]
2026-02-18T03:28:17.874+02:00 DEBUG 8552 --- [medical-crm] [main] ssPathScanningCandidateComponentProvider : Identified candidate component class: file [D:\P&I\backend\target\classes\com\medicalcrm\backend\service\impl\AppointmentServiceImpl.class]
2026-02-18T03:28:17.875+02:00 DEBUG 8552 --- [medical-crm] [main] ssPathScanningCandidateComponentProvider : Identified candidate component class: file [D:\P&I\backend\target\classes\com\medicalcrm\backend\service\impl\DoctorServiceImpl.class]
2026-02-18T03:28:17.875+02:00 DEBUG 8552 --- [medical-crm] [main] ssPathScanningCandidateComponentProvider : Identified candidate component class: file [D:\P&I\backend\target\classes\com\medicalcrm\backend\service\impl\MedicalServiceServiceImpl.class]
2026-02-18T03:28:17.875+02:00 DEBUG 8552 --- [medical-crm] [main] ssPathScanningCandidateComponentProvider : Identified candidate component class: file [D:\P&I\backend\target\classes\com\medicalcrm\backend\service\impl\PatientServiceImpl.class]
2026-02-18T03:28:17.875+02:00 DEBUG 8552 --- [medical-crm] [main] ssPathScanningCandidateComponentProvider : Identified candidate component class: file [D:\P&I\backend\target\classes\com\medicalcrm\backend\service\impl\PaymentServiceImpl.class]
2026-02-18T03:28:17.876+02:00 DEBUG 8552 --- [medical-crm] [main] ssPathScanningCandidateComponentProvider : Identified candidate component class: file [D:\P&I\backend\target\classes\com\medicalcrm\backend\service\impl\UserServiceImpl.class]
2026-02-18T03:28:17.902+02:00  INFO 8552 --- [medical-crm] [main] .s.d.r.c.RepositoryConfigurationDelegate : Finished Spring Data repository scanning in 102 ms. Found 6 JPA repository interfaces.
2026-02-18T03:28:18.022+02:00 DEBUG 8552 --- [medical-crm] [main] o.s.b.f.s.DefaultListableBeanFactory     : Creating shared instance of singleton bean 'springSecurityHandlerMappingIntrospectorBeanDefinitionRegistryPostProcessor'
2026-02-18T03:28:18.145+02:00 DEBUG 8552 --- [medical-crm] [main] o.s.b.f.s.DefaultListableBeanFactory     : Creating shared instance of singleton bean 'propertySourcesPlaceholderConfigurer'
2026-02-18T03:28:18.151+02:00 DEBUG 8552 --- [medical-crm] [main] o.s.b.f.s.DefaultListableBeanFactory     : Creating shared instance of singleton bean 'emBeanDefinitionRegistrarPostProcessor'
2026-02-18T03:28:18.152+02:00 DEBUG 8552 --- [medical-crm] [main] o.s.b.f.s.DefaultListableBeanFactory     : Creating shared instance of singleton bean 'org.springframework.boot.sql.init.dependency.DatabaseInitializationDependencyConfigurer$DependsOnDatabaseInitializationPostProcessor'
2026-02-18T03:28:18.195+02:00 DEBUG 8552 --- [medical-crm] [main] o.s.b.f.s.DefaultListableBeanFactory     : Creating shared instance of singleton bean 'org.springframework.context.event.internalEventListenerProcessor'
2026-02-18T03:28:18.197+02:00 DEBUG 8552 --- [medical-crm] [main] o.s.b.f.s.DefaultListableBeanFactory     : Creating shared instance of singleton bean 'preserveErrorControllerTargetClassPostProcessor'
2026-02-18T03:28:18.197+02:00 DEBUG 8552 --- [medical-crm] [main] o.s.b.f.s.DefaultListableBeanFactory     : Creating shared instance of singleton bean 'conversionServicePostProcessor'
2026-02-18T03:28:18.204+02:00 DEBUG 8552 --- [medical-crm] [main] o.s.b.f.s.DefaultListableBeanFactory     : Creating shared instance of singleton bean 'org.springframework.context.event.internalEventListenerFactory'
2026-02-18T03:28:18.205+02:00 DEBUG 8552 --- [medical-crm] [main] o.s.b.f.s.DefaultListableBeanFactory     : Creating shared instance of singleton bean 'org.springframework.transaction.config.internalTransactionalEventListenerFactory'
2026-02-18T03:28:18.208+02:00 DEBUG 8552 --- [medical-crm] [main] o.s.b.f.s.DefaultListableBeanFactory     : Creating shared instance of singleton bean 'org.springframework.context.annotation.internalAutowiredAnnotationProcessor'
2026-02-18T03:28:18.210+02:00 DEBUG 8552 --- [medical-crm] [main] o.s.b.f.s.DefaultListableBeanFactory     : Creating shared instance of singleton bean 'org.springframework.context.annotation.internalCommonAnnotationProcessor'
2026-02-18T03:28:18.214+02:00 DEBUG 8552 --- [medical-crm] [main] o.s.b.f.s.DefaultListableBeanFactory     : Creating shared instance of singleton bean 'org.springframework.context.annotation.internalPersistenceAnnotationProcessor'
2026-02-18T03:28:18.214+02:00 DEBUG 8552 --- [medical-crm] [main] o.s.b.f.s.DefaultListableBeanFactory     : Creating shared instance of singleton bean 'org.springframework.boot.context.properties.ConfigurationPropertiesBindingPostProcessor'
2026-02-18T03:28:18.214+02:00 DEBUG 8552 --- [medical-crm] [main] o.s.b.f.s.DefaultListableBeanFactory     : Creating shared instance of singleton bean 'org.springframework.boot.context.internalConfigurationPropertiesBinder'
2026-02-18T03:28:18.216+02:00 DEBUG 8552 --- [medical-crm] [main] o.s.b.f.s.DefaultListableBeanFactory     : Creating shared instance of singleton bean 'jdbcConnectionDetailsHikariBeanPostProcessor'
2026-02-18T03:28:18.219+02:00 DEBUG 8552 --- [medical-crm] [main] o.s.b.f.s.DefaultListableBeanFactory     : Creating shared instance of singleton bean 'org.springframework.aop.config.internalAutoProxyCreator'
2026-02-18T03:28:18.244+02:00 DEBUG 8552 --- [medical-crm] [main] o.s.b.f.s.DefaultListableBeanFactory     : Creating shared instance of singleton bean 'methodValidationPostProcessor'
2026-02-18T03:28:18.261+02:00 DEBUG 8552 --- [medical-crm] [main] o.s.b.f.s.DefaultListableBeanFactory     : Autowiring by type from bean name 'methodValidationPostProcessor' via factory method to bean named 'environment'
2026-02-18T03:28:18.262+02:00 DEBUG 8552 --- [medical-crm] [main] o.s.b.f.s.DefaultListableBeanFactory     : Creating shared instance of singleton bean 'org.springframework.boot.context.properties.EnableConfigurationPropertiesRegistrar.methodValidationExcludeFilter'
2026-02-18T03:28:18.279+02:00 DEBUG 8552 --- [medical-crm] [main] o.s.b.f.s.DefaultListableBeanFactory     : Creating shared instance of singleton bean 'persistenceExceptionTranslationPostProcessor'
2026-02-18T03:28:18.280+02:00 DEBUG 8552 --- [medical-crm] [main] o.s.b.f.s.DefaultListableBeanFactory     : Autowiring by type from bean name 'persistenceExceptionTranslationPostProcessor' via factory method to bean named 'environment'
2026-02-18T03:28:18.283+02:00 DEBUG 8552 --- [medical-crm] [main] o.s.b.f.s.DefaultListableBeanFactory     : Creating shared instance of singleton bean 'webServerFactoryCustomizerBeanPostProcessor'
2026-02-18T03:28:18.284+02:00 DEBUG 8552 --- [medical-crm] [main] o.s.b.f.s.DefaultListableBeanFactory     : Creating shared instance of singleton bean 'errorPageRegistrarBeanPostProcessor'
2026-02-18T03:28:18.284+02:00 DEBUG 8552 --- [medical-crm] [main] o.s.b.f.s.DefaultListableBeanFactory     : Creating shared instance of singleton bean 'projectingArgumentResolverBeanPostProcessor'
2026-02-18T03:28:18.286+02:00 DEBUG 8552 --- [medical-crm] [main] o.s.b.f.s.DefaultListableBeanFactory     : Creating shared instance of singleton bean 'preFilterAuthorizationAdvisor'
2026-02-18T03:28:18.287+02:00 DEBUG 8552 --- [medical-crm] [main] o.s.b.f.s.DefaultListableBeanFactory     : Autowiring by type from bean name 'preFilterAuthorizationAdvisor' via factory method to bean named 'org.springframework.boot.web.servlet.context.AnnotationConfigServletWebServerApplicationContext@2dc995f4'
2026-02-18T03:28:18.303+02:00 DEBUG 8552 --- [medical-crm] [main] o.s.b.f.s.DefaultListableBeanFactory     : Creating shared instance of singleton bean 'preAuthorizeAuthorizationAdvisor'
2026-02-18T03:28:18.305+02:00 DEBUG 8552 --- [medical-crm] [main] o.s.b.f.s.DefaultListableBeanFactory     : Autowiring by type from bean name 'preAuthorizeAuthorizationAdvisor' via factory method to bean named 'org.springframework.boot.web.servlet.context.AnnotationConfigServletWebServerApplicationContext@2dc995f4'
2026-02-18T03:28:18.311+02:00 DEBUG 8552 --- [medical-crm] [main] o.s.b.f.s.DefaultListableBeanFactory     : Creating shared instance of singleton bean 'postFilterAuthorizationAdvisor'
2026-02-18T03:28:18.312+02:00 DEBUG 8552 --- [medical-crm] [main] o.s.b.f.s.DefaultListableBeanFactory     : Autowiring by type from bean name 'postFilterAuthorizationAdvisor' via factory method to bean named 'org.springframework.boot.web.servlet.context.AnnotationConfigServletWebServerApplicationContext@2dc995f4'
2026-02-18T03:28:18.314+02:00 DEBUG 8552 --- [medical-crm] [main] o.s.b.f.s.DefaultListableBeanFactory     : Creating shared instance of singleton bean 'postAuthorizeAuthorizationAdvisor'
2026-02-18T03:28:18.315+02:00 DEBUG 8552 --- [medical-crm] [main] o.s.b.f.s.DefaultListableBeanFactory     : Autowiring by type from bean name 'postAuthorizeAuthorizationAdvisor' via factory method to bean named 'org.springframework.boot.web.servlet.context.AnnotationConfigServletWebServerApplicationContext@2dc995f4'
2026-02-18T03:28:18.321+02:00 DEBUG 8552 --- [medical-crm] [main] o.s.b.f.s.DefaultListableBeanFactory     : Creating shared instance of singleton bean 'org.springframework.transaction.config.internalTransactionAdvisor'
2026-02-18T03:28:18.321+02:00 DEBUG 8552 --- [medical-crm] [main] o.s.b.f.s.DefaultListableBeanFactory     : Creating shared instance of singleton bean 'org.springframework.transaction.annotation.ProxyTransactionManagementConfiguration'
2026-02-18T03:28:18.337+02:00 DEBUG 8552 --- [medical-crm] [main] o.s.b.f.s.DefaultListableBeanFactory     : Creating shared instance of singleton bean 'transactionAttributeSource'
2026-02-18T03:28:18.344+02:00 DEBUG 8552 --- [medical-crm] [main] o.s.b.f.s.DefaultListableBeanFactory     : Creating shared instance of singleton bean 'transactionInterceptor'
2026-02-18T03:28:18.345+02:00 DEBUG 8552 --- [medical-crm] [main] o.s.b.f.s.DefaultListableBeanFactory     : Autowiring by type from bean name 'transactionInterceptor' via factory method to bean named 'transactionAttributeSource'
2026-02-18T03:28:18.363+02:00 DEBUG 8552 --- [medical-crm] [main] o.s.b.f.s.DefaultListableBeanFactory     : Autowiring by type from bean name 'org.springframework.transaction.config.internalTransactionAdvisor' via factory method to bean named 'transactionAttributeSource'
2026-02-18T03:28:18.363+02:00 DEBUG 8552 --- [medical-crm] [main] o.s.b.f.s.DefaultListableBeanFactory     : Autowiring by type from bean name 'org.springframework.transaction.config.internalTransactionAdvisor' via factory method to bean named 'transactionInterceptor'
2026-02-18T03:28:18.385+02:00 DEBUG 8552 --- [medical-crm] [main] o.s.u.c.s.UiApplicationContextUtils      : Unable to locate ThemeSource with name 'themeSource': using default [org.springframework.ui.context.support.ResourceBundleThemeSource@76b47204]
2026-02-18T03:28:18.385+02:00 DEBUG 8552 --- [medical-crm] [main] o.s.b.f.s.DefaultListableBeanFactory     : Creating shared instance of singleton bean 'tomcatServletWebServerFactory'
2026-02-18T03:28:18.386+02:00 DEBUG 8552 --- [medical-crm] [main] o.s.b.f.s.DefaultListableBeanFactory     : Creating shared instance of singleton bean 'org.springframework.boot.autoconfigure.web.servlet.ServletWebServerFactoryConfiguration$EmbeddedTomcat'
2026-02-18T03:28:18.432+02:00 DEBUG 8552 --- [medical-crm] [main] o.s.b.f.s.DefaultListableBeanFactory     : Creating shared instance of singleton bean 'websocketServletWebServerCustomizer'
2026-02-18T03:28:18.432+02:00 DEBUG 8552 --- [medical-crm] [main] o.s.b.f.s.DefaultListableBeanFactory     : Creating shared instance of singleton bean 'org.springframework.boot.autoconfigure.websocket.servlet.WebSocketServletAutoConfiguration$TomcatWebSocketConfiguration'
2026-02-18T03:28:18.434+02:00 DEBUG 8552 --- [medical-crm] [main] o.s.b.f.s.DefaultListableBeanFactory     : Creating shared instance of singleton bean 'servletWebServerFactoryCustomizer'
2026-02-18T03:28:18.434+02:00 DEBUG 8552 --- [medical-crm] [main] o.s.b.f.s.DefaultListableBeanFactory     : Creating shared instance of singleton bean 'org.springframework.boot.autoconfigure.web.servlet.ServletWebServerFactoryAutoConfiguration'
2026-02-18T03:28:18.436+02:00 DEBUG 8552 --- [medical-crm] [main] o.s.b.f.s.DefaultListableBeanFactory     : Creating shared instance of singleton bean 'server-org.springframework.boot.autoconfigure.web.ServerProperties'
2026-02-18T03:28:18.444+02:00 DEBUG 8552 --- [medical-crm] [main] o.s.b.f.s.DefaultListableBeanFactory     : Creating shared instance of singleton bean 'org.springframework.boot.context.properties.BoundConfigurationProperties'
2026-02-18T03:28:18.460+02:00 DEBUG 8552 --- [medical-crm] [main] o.s.b.f.s.DefaultListableBeanFactory     : Autowiring by type from bean name 'servletWebServerFactoryCustomizer' via factory method to bean named 'server-org.springframework.boot.autoconfigure.web.ServerProperties'
2026-02-18T03:28:18.461+02:00 DEBUG 8552 --- [medical-crm] [main] o.s.b.f.s.DefaultListableBeanFactory     : Creating shared instance of singleton bean 'sslBundleRegistry'
2026-02-18T03:28:18.461+02:00 DEBUG 8552 --- [medical-crm] [main] o.s.b.f.s.DefaultListableBeanFactory     : Creating shared instance of singleton bean 'org.springframework.boot.autoconfigure.ssl.SslAutoConfiguration'
2026-02-18T03:28:18.462+02:00 DEBUG 8552 --- [medical-crm] [main] o.s.b.f.s.DefaultListableBeanFactory     : Creating shared instance of singleton bean 'spring.ssl-org.springframework.boot.autoconfigure.ssl.SslProperties'
2026-02-18T03:28:18.465+02:00 DEBUG 8552 --- [medical-crm] [main] o.s.b.f.s.DefaultListableBeanFactory     : Autowiring by type from bean name 'org.springframework.boot.autoconfigure.ssl.SslAutoConfiguration' via constructor to bean named 'spring.ssl-org.springframework.boot.autoconfigure.ssl.SslProperties'
2026-02-18T03:28:18.468+02:00 DEBUG 8552 --- [medical-crm] [main] o.s.b.f.s.DefaultListableBeanFactory     : Creating shared instance of singleton bean 'sslPropertiesSslBundleRegistrar'
2026-02-18T03:28:18.469+02:00 DEBUG 8552 --- [medical-crm] [main] o.s.b.f.s.DefaultListableBeanFactory     : Creating shared instance of singleton bean 'fileWatcher'
2026-02-18T03:28:18.471+02:00 DEBUG 8552 --- [medical-crm] [main] o.s.b.f.s.DefaultListableBeanFactory     : Autowiring by type from bean name 'sslPropertiesSslBundleRegistrar' via factory method to bean named 'fileWatcher'
2026-02-18T03:28:18.477+02:00 DEBUG 8552 --- [medical-crm] [main] o.s.b.f.s.DefaultListableBeanFactory     : Creating shared instance of singleton bean 'tomcatServletWebServerFactoryCustomizer'
2026-02-18T03:28:18.478+02:00 DEBUG 8552 --- [medical-crm] [main] o.s.b.f.s.DefaultListableBeanFactory     : Autowiring by type from bean name 'tomcatServletWebServerFactoryCustomizer' via factory method to bean named 'server-org.springframework.boot.autoconfigure.web.ServerProperties'
2026-02-18T03:28:18.479+02:00 DEBUG 8552 --- [medical-crm] [main] o.s.b.f.s.DefaultListableBeanFactory     : Creating shared instance of singleton bean 'tomcatWebServerFactoryCustomizer'
2026-02-18T03:28:18.480+02:00 DEBUG 8552 --- [medical-crm] [main] o.s.b.f.s.DefaultListableBeanFactory     : Creating shared instance of singleton bean 'org.springframework.boot.autoconfigure.web.embedded.EmbeddedWebServerFactoryCustomizerAutoConfiguration$TomcatWebServerFactoryCustomizerConfiguration'
2026-02-18T03:28:18.482+02:00 DEBUG 8552 --- [medical-crm] [main] o.s.b.f.s.DefaultListableBeanFactory     : Autowiring by type from bean name 'tomcatWebServerFactoryCustomizer' via factory method to bean named 'environment'
2026-02-18T03:28:18.482+02:00 DEBUG 8552 --- [medical-crm] [main] o.s.b.f.s.DefaultListableBeanFactory     : Autowiring by type from bean name 'tomcatWebServerFactoryCustomizer' via factory method to bean named 'server-org.springframework.boot.autoconfigure.web.ServerProperties'
2026-02-18T03:28:18.486+02:00 DEBUG 8552 --- [medical-crm] [main] o.s.b.f.s.DefaultListableBeanFactory     : Creating shared instance of singleton bean 'localeCharsetMappingsCustomizer'
2026-02-18T03:28:18.486+02:00 DEBUG 8552 --- [medical-crm] [main] o.s.b.f.s.DefaultListableBeanFactory     : Creating shared instance of singleton bean 'org.springframework.boot.autoconfigure.web.servlet.HttpEncodingAutoConfiguration'
2026-02-18T03:28:18.487+02:00 DEBUG 8552 --- [medical-crm] [main] o.s.b.f.s.DefaultListableBeanFactory     : Autowiring by type from bean name 'org.springframework.boot.autoconfigure.web.servlet.HttpEncodingAutoConfiguration' via constructor to bean named 'server-org.springframework.boot.autoconfigure.web.ServerProperties'
2026-02-18T03:28:18.520+02:00 DEBUG 8552 --- [medical-crm] [main] o.s.b.f.s.DefaultListableBeanFactory     : Creating shared instance of singleton bean 'errorPageCustomizer'
2026-02-18T03:28:18.521+02:00 DEBUG 8552 --- [medical-crm] [main] o.s.b.f.s.DefaultListableBeanFactory     : Creating shared instance of singleton bean 'org.springframework.boot.autoconfigure.web.servlet.error.ErrorMvcAutoConfiguration'
2026-02-18T03:28:18.521+02:00 DEBUG 8552 --- [medical-crm] [main] o.s.b.f.s.DefaultListableBeanFactory     : Autowiring by type from bean name 'org.springframework.boot.autoconfigure.web.servlet.error.ErrorMvcAutoConfiguration' via constructor to bean named 'server-org.springframework.boot.autoconfigure.web.ServerProperties'
2026-02-18T03:28:18.523+02:00 DEBUG 8552 --- [medical-crm] [main] o.s.b.f.s.DefaultListableBeanFactory     : Creating shared instance of singleton bean 'dispatcherServletRegistration'
2026-02-18T03:28:18.523+02:00 DEBUG 8552 --- [medical-crm] [main] o.s.b.f.s.DefaultListableBeanFactory     : Creating shared instance of singleton bean 'org.springframework.boot.autoconfigure.web.servlet.DispatcherServletAutoConfiguration$DispatcherServletRegistrationConfiguration'
2026-02-18T03:28:18.524+02:00 DEBUG 8552 --- [medical-crm] [main] o.s.b.f.s.DefaultListableBeanFactory     : Creating shared instance of singleton bean 'dispatcherServlet'
2026-02-18T03:28:18.525+02:00 DEBUG 8552 --- [medical-crm] [main] o.s.b.f.s.DefaultListableBeanFactory     : Creating shared instance of singleton bean 'org.springframework.boot.autoconfigure.web.servlet.DispatcherServletAutoConfiguration$DispatcherServletConfiguration'
2026-02-18T03:28:18.526+02:00 DEBUG 8552 --- [medical-crm] [main] o.s.b.f.s.DefaultListableBeanFactory     : Creating shared instance of singleton bean 'spring.mvc-org.springframework.boot.autoconfigure.web.servlet.WebMvcProperties'
2026-02-18T03:28:18.532+02:00 DEBUG 8552 --- [medical-crm] [main] o.s.b.f.s.DefaultListableBeanFactory     : Autowiring by type from bean name 'dispatcherServlet' via factory method to bean named 'spring.mvc-org.springframework.boot.autoconfigure.web.servlet.WebMvcProperties'
2026-02-18T03:28:18.553+02:00 DEBUG 8552 --- [medical-crm] [main] o.s.b.f.s.DefaultListableBeanFactory     : Autowiring by type from bean name 'dispatcherServletRegistration' via factory method to bean named 'dispatcherServlet'
2026-02-18T03:28:18.553+02:00 DEBUG 8552 --- [medical-crm] [main] o.s.b.f.s.DefaultListableBeanFactory     : Autowiring by type from bean name 'dispatcherServletRegistration' via factory method to bean named 'spring.mvc-org.springframework.boot.autoconfigure.web.servlet.WebMvcProperties'
2026-02-18T03:28:18.555+02:00 DEBUG 8552 --- [medical-crm] [main] o.s.b.f.s.DefaultListableBeanFactory     : Creating shared instance of singleton bean 'multipartConfigElement'
2026-02-18T03:28:18.556+02:00 DEBUG 8552 --- [medical-crm] [main] o.s.b.f.s.DefaultListableBeanFactory     : Creating shared instance of singleton bean 'org.springframework.boot.autoconfigure.web.servlet.MultipartAutoConfiguration'
2026-02-18T03:28:18.556+02:00 DEBUG 8552 --- [medical-crm] [main] o.s.b.f.s.DefaultListableBeanFactory     : Creating shared instance of singleton bean 'spring.servlet.multipart-org.springframework.boot.autoconfigure.web.servlet.MultipartProperties'
2026-02-18T03:28:18.563+02:00 DEBUG 8552 --- [medical-crm] [main] o.s.b.f.s.DefaultListableBeanFactory     : Autowiring by type from bean name 'org.springframework.boot.autoconfigure.web.servlet.MultipartAutoConfiguration' via constructor to bean named 'spring.servlet.multipart-org.springframework.boot.autoconfigure.web.servlet.MultipartProperties'
2026-02-18T03:28:18.571+02:00 DEBUG 8552 --- [medical-crm] [main] o.s.b.f.s.DefaultListableBeanFactory     : Autowiring by type from bean name 'errorPageCustomizer' via factory method to bean named 'dispatcherServletRegistration'
2026-02-18T03:28:18.662+02:00 DEBUG 8552 --- [medical-crm] [main] .s.b.w.e.t.TomcatServletWebServerFactory : Code archive: C:\Users\steli\.m2\repository\org\springframework\boot\spring-boot\3.2.5\spring-boot-3.2.5.jar
2026-02-18T03:28:18.663+02:00 DEBUG 8552 --- [medical-crm] [main] .s.b.w.e.t.TomcatServletWebServerFactory : Code archive: C:\Users\steli\.m2\repository\org\springframework\boot\spring-boot\3.2.5\spring-boot-3.2.5.jar
2026-02-18T03:28:18.664+02:00 DEBUG 8552 --- [medical-crm] [main] .s.b.w.e.t.TomcatServletWebServerFactory : None of the document roots [src/main/webapp, public, static] point to a directory and will be ignored.
2026-02-18T03:28:18.694+02:00  INFO 8552 --- [medical-crm] [main] o.s.b.w.embedded.tomcat.TomcatWebServer  : Tomcat initialized with port 8080 (http)
2026-02-18T03:28:18.708+02:00  INFO 8552 --- [medical-crm] [main] o.apache.catalina.core.StandardService   : Starting service [Tomcat]
2026-02-18T03:28:18.709+02:00  INFO 8552 --- [medical-crm] [main] o.apache.catalina.core.StandardEngine    : Starting Servlet engine: [Apache Tomcat/10.1.20]
2026-02-18T03:28:18.821+02:00  INFO 8552 --- [medical-crm] [main] o.a.c.c.C.[Tomcat].[localhost].[/]       : Initializing Spring embedded WebApplicationContext
2026-02-18T03:28:18.822+02:00 DEBUG 8552 --- [medical-crm] [main] w.s.c.ServletWebServerApplicationContext : Published root WebApplicationContext as ServletContext attribute with name [org.springframework.web.context.WebApplicationContext.ROOT]
2026-02-18T03:28:18.822+02:00  INFO 8552 --- [medical-crm] [main] w.s.c.ServletWebServerApplicationContext : Root WebApplicationContext: initialization completed in 1992 ms
2026-02-18T03:28:18.824+02:00 DEBUG 8552 --- [medical-crm] [main] o.s.b.f.s.DefaultListableBeanFactory     : Creating shared instance of singleton bean 'securityFilterChainRegistration'
2026-02-18T03:28:18.824+02:00 DEBUG 8552 --- [medical-crm] [main] o.s.b.f.s.DefaultListableBeanFactory     : Creating shared instance of singleton bean 'org.springframework.boot.autoconfigure.security.servlet.SecurityFilterAutoConfiguration'
2026-02-18T03:28:18.826+02:00 DEBUG 8552 --- [medical-crm] [main] o.s.b.f.s.DefaultListableBeanFactory     : Creating shared instance of singleton bean 'spring.security-org.springframework.boot.autoconfigure.security.SecurityProperties'
2026-02-18T03:28:18.829+02:00 DEBUG 8552 --- [medical-crm] [main] o.s.b.f.s.DefaultListableBeanFactory     : Autowiring by type from bean name 'securityFilterChainRegistration' via factory method to bean named 'spring.security-org.springframework.boot.autoconfigure.security.SecurityProperties'
2026-02-18T03:28:18.850+02:00 DEBUG 8552 --- [medical-crm] [main] o.s.b.f.s.DefaultListableBeanFactory     : Creating shared instance of singleton bean 'jwtAuthenticationFilter'
2026-02-18T03:28:18.851+02:00 DEBUG 8552 --- [medical-crm] [main] o.s.b.f.s.DefaultListableBeanFactory     : Creating shared instance of singleton bean 'jwtService'
2026-02-18T03:28:18.855+02:00 DEBUG 8552 --- [medical-crm] [main] o.s.b.f.s.DefaultListableBeanFactory     : Creating shared instance of singleton bean 'customUserDetailsService'
2026-02-18T03:28:18.857+02:00 DEBUG 8552 --- [medical-crm] [main] o.s.b.f.s.DefaultListableBeanFactory     : Creating shared instance of singleton bean 'userRepository'
2026-02-18T03:28:18.863+02:00 DEBUG 8552 --- [medical-crm] [main] o.s.b.f.s.DefaultListableBeanFactory     : Creating shared instance of singleton bean 'jpa.named-queries#3'
2026-02-18T03:28:18.868+02:00 DEBUG 8552 --- [medical-crm] [main] o.s.b.f.s.DefaultListableBeanFactory     : Creating shared instance of singleton bean 'jpa.UserRepository.fragments#0'
2026-02-18T03:28:18.875+02:00 DEBUG 8552 --- [medical-crm] [main] o.s.b.f.s.DefaultListableBeanFactory     : Creating shared instance of singleton bean 'jpaSharedEM_entityManagerFactory'
2026-02-18T03:28:18.875+02:00 DEBUG 8552 --- [medical-crm] [main] o.s.b.f.s.DefaultListableBeanFactory     : Creating shared instance of singleton bean 'dataSourceScriptDatabaseInitializer'
2026-02-18T03:28:18.875+02:00 DEBUG 8552 --- [medical-crm] [main] o.s.b.f.s.DefaultListableBeanFactory     : Creating shared instance of singleton bean 'org.springframework.boot.autoconfigure.sql.init.DataSourceInitializationConfiguration'
2026-02-18T03:28:18.876+02:00 DEBUG 8552 --- [medical-crm] [main] o.s.b.f.s.DefaultListableBeanFactory     : Creating shared instance of singleton bean 'dataSource'
2026-02-18T03:28:18.876+02:00 DEBUG 8552 --- [medical-crm] [main] o.s.b.f.s.DefaultListableBeanFactory     : Creating shared instance of singleton bean 'org.springframework.boot.autoconfigure.jdbc.DataSourceConfiguration$Hikari'
2026-02-18T03:28:18.878+02:00 DEBUG 8552 --- [medical-crm] [main] o.s.b.f.s.DefaultListableBeanFactory     : Creating shared instance of singleton bean 'spring.datasource-org.springframework.boot.autoconfigure.jdbc.DataSourceProperties'
2026-02-18T03:28:18.886+02:00 DEBUG 8552 --- [medical-crm] [main] o.s.b.f.s.DefaultListableBeanFactory     : Creating shared instance of singleton bean 'jdbcConnectionDetails'
2026-02-18T03:28:18.886+02:00 DEBUG 8552 --- [medical-crm] [main] o.s.b.f.s.DefaultListableBeanFactory     : Creating shared instance of singleton bean 'org.springframework.boot.autoconfigure.jdbc.DataSourceAutoConfiguration$PooledDataSourceConfiguration'
2026-02-18T03:28:18.888+02:00 DEBUG 8552 --- [medical-crm] [main] o.s.b.f.s.DefaultListableBeanFactory     : Autowiring by type from bean name 'jdbcConnectionDetails' via factory method to bean named 'spring.datasource-org.springframework.boot.autoconfigure.jdbc.DataSourceProperties'
2026-02-18T03:28:18.889+02:00 DEBUG 8552 --- [medical-crm] [main] o.s.b.f.s.DefaultListableBeanFactory     : Autowiring by type from bean name 'dataSource' via factory method to bean named 'spring.datasource-org.springframework.boot.autoconfigure.jdbc.DataSourceProperties'
2026-02-18T03:28:18.889+02:00 DEBUG 8552 --- [medical-crm] [main] o.s.b.f.s.DefaultListableBeanFactory     : Autowiring by type from bean name 'dataSource' via factory method to bean named 'jdbcConnectionDetails'
2026-02-18T03:28:18.916+02:00 DEBUG 8552 --- [medical-crm] [main] o.s.b.f.s.DefaultListableBeanFactory     : Creating shared instance of singleton bean 'spring.sql.init-org.springframework.boot.autoconfigure.sql.init.SqlInitializationProperties'
2026-02-18T03:28:18.920+02:00 DEBUG 8552 --- [medical-crm] [main] o.s.b.f.s.DefaultListableBeanFactory     : Autowiring by type from bean name 'dataSourceScriptDatabaseInitializer' via factory method to bean named 'dataSource'
2026-02-18T03:28:18.920+02:00 DEBUG 8552 --- [medical-crm] [main] o.s.b.f.s.DefaultListableBeanFactory     : Autowiring by type from bean name 'dataSourceScriptDatabaseInitializer' via factory method to bean named 'spring.sql.init-org.springframework.boot.autoconfigure.sql.init.SqlInitializationProperties'
2026-02-18T03:28:18.926+02:00 DEBUG 8552 --- [medical-crm] [main] o.s.b.f.s.DefaultListableBeanFactory     : Creating shared instance of singleton bean 'entityManagerFactory'
2026-02-18T03:28:18.926+02:00 DEBUG 8552 --- [medical-crm] [main] o.s.b.f.s.DefaultListableBeanFactory     : Creating shared instance of singleton bean 'org.springframework.boot.autoconfigure.orm.jpa.HibernateJpaConfiguration'
2026-02-18T03:28:18.928+02:00 DEBUG 8552 --- [medical-crm] [main] o.s.b.f.s.DefaultListableBeanFactory     : Creating shared instance of singleton bean 'spring.jpa-org.springframework.boot.autoconfigure.orm.jpa.JpaProperties'
2026-02-18T03:28:18.932+02:00 DEBUG 8552 --- [medical-crm] [main] o.s.b.f.s.DefaultListableBeanFactory     : Creating shared instance of singleton bean 'spring.jpa.hibernate-org.springframework.boot.autoconfigure.orm.jpa.HibernateProperties'
2026-02-18T03:28:18.935+02:00 DEBUG 8552 --- [medical-crm] [main] o.s.b.f.s.DefaultListableBeanFactory     : Autowiring by type from bean name 'org.springframework.boot.autoconfigure.orm.jpa.HibernateJpaConfiguration' via constructor to bean named 'dataSource'
2026-02-18T03:28:18.935+02:00 DEBUG 8552 --- [medical-crm] [main] o.s.b.f.s.DefaultListableBeanFactory     : Autowiring by type from bean name 'org.springframework.boot.autoconfigure.orm.jpa.HibernateJpaConfiguration' via constructor to bean named 'spring.jpa-org.springframework.boot.autoconfigure.orm.jpa.JpaProperties'
2026-02-18T03:28:18.935+02:00 DEBUG 8552 --- [medical-crm] [main] o.s.b.f.s.DefaultListableBeanFactory     : Autowiring by type from bean name 'org.springframework.boot.autoconfigure.orm.jpa.HibernateJpaConfiguration' via constructor to bean named 'org.springframework.beans.factory.support.DefaultListableBeanFactory@14f5da2c'
2026-02-18T03:28:18.935+02:00 DEBUG 8552 --- [medical-crm] [main] o.s.b.f.s.DefaultListableBeanFactory     : Autowiring by type from bean name 'org.springframework.boot.autoconfigure.orm.jpa.HibernateJpaConfiguration' via constructor to bean named 'spring.jpa.hibernate-org.springframework.boot.autoconfigure.orm.jpa.HibernateProperties'
2026-02-18T03:28:18.937+02:00 DEBUG 8552 --- [medical-crm] [main] o.s.b.f.s.DefaultListableBeanFactory     : Creating shared instance of singleton bean 'hikariPoolDataSourceMetadataProvider'
2026-02-18T03:28:18.938+02:00 DEBUG 8552 --- [medical-crm] [main] o.s.b.f.s.DefaultListableBeanFactory     : Creating shared instance of singleton bean 'org.springframework.boot.autoconfigure.jdbc.metadata.DataSourcePoolMetadataProvidersConfiguration$HikariPoolDataSourceMetadataProviderConfiguration'
2026-02-18T03:28:18.945+02:00 DEBUG 8552 --- [medical-crm] [main] o.s.b.f.s.DefaultListableBeanFactory     : Creating shared instance of singleton bean 'entityManagerFactoryBuilder'
2026-02-18T03:28:18.946+02:00 DEBUG 8552 --- [medical-crm] [main] o.s.b.f.s.DefaultListableBeanFactory     : Creating shared instance of singleton bean 'jpaVendorAdapter'
2026-02-18T03:28:18.960+02:00 DEBUG 8552 --- [medical-crm] [main] o.s.b.f.s.DefaultListableBeanFactory     : Autowiring by type from bean name 'entityManagerFactoryBuilder' via factory method to bean named 'jpaVendorAdapter'
2026-02-18T03:28:18.964+02:00 DEBUG 8552 --- [medical-crm] [main] o.s.b.f.s.DefaultListableBeanFactory     : Creating shared instance of singleton bean 'persistenceManagedTypes'
2026-02-18T03:28:18.964+02:00 DEBUG 8552 --- [medical-crm] [main] o.s.b.f.s.DefaultListableBeanFactory     : Autowiring by type from bean name 'persistenceManagedTypes' via factory method to bean named 'org.springframework.beans.factory.support.DefaultListableBeanFactory@14f5da2c'
2026-02-18T03:28:18.965+02:00 DEBUG 8552 --- [medical-crm] [main] o.s.b.f.s.DefaultListableBeanFactory     : Autowiring by type from bean name 'persistenceManagedTypes' via factory method to bean named 'org.springframework.boot.web.servlet.context.AnnotationConfigServletWebServerApplicationContext@2dc995f4'
2026-02-18T03:28:18.976+02:00 DEBUG 8552 --- [medical-crm] [main] o.s.b.f.s.DefaultListableBeanFactory     : Autowiring by type from bean name 'entityManagerFactory' via factory method to bean named 'entityManagerFactoryBuilder'
2026-02-18T03:28:18.976+02:00 DEBUG 8552 --- [medical-crm] [main] o.s.b.f.s.DefaultListableBeanFactory     : Autowiring by type from bean name 'entityManagerFactory' via factory method to bean named 'persistenceManagedTypes'
2026-02-18T03:28:18.993+02:00 DEBUG 8552 --- [medical-crm] [main] j.LocalContainerEntityManagerFactoryBean : Building JPA container EntityManagerFactory for persistence unit 'default'
2026-02-18T03:28:19.013+02:00  INFO 8552 --- [medical-crm] [main] o.hibernate.jpa.internal.util.LogHelper  : HHH000204: Processing PersistenceUnitInfo [name: default]
2026-02-18T03:28:19.092+02:00  INFO 8552 --- [medical-crm] [main] org.hibernate.Version                    : HHH000412: Hibernate ORM core version 6.4.4.Final
2026-02-18T03:28:19.134+02:00  INFO 8552 --- [medical-crm] [main] o.h.c.internal.RegionFactoryInitiator    : HHH000026: Second-level cache disabled
2026-02-18T03:28:19.448+02:00  INFO 8552 --- [medical-crm] [main] o.s.o.j.p.SpringPersistenceUnitInfo      : No LoadTimeWeaver setup: ignoring JPA class transformer
2026-02-18T03:28:19.479+02:00  INFO 8552 --- [medical-crm] [main] com.zaxxer.hikari.HikariDataSource       : HikariPool-1 - Starting...
2026-02-18T03:28:19.689+02:00  INFO 8552 --- [medical-crm] [main] com.zaxxer.hikari.pool.HikariPool        : HikariPool-1 - Added connection org.postgresql.jdbc.PgConnection@47eaf55c
2026-02-18T03:28:19.691+02:00  INFO 8552 --- [medical-crm] [main] com.zaxxer.hikari.HikariDataSource       : HikariPool-1 - Start completed.
2026-02-18T03:28:21.121+02:00  INFO 8552 --- [medical-crm] [main] o.h.e.t.j.p.i.JtaPlatformInitiator       : HHH000489: No JTA platform available (set 'hibernate.transaction.jta.platform' to enable JTA platform integration)
2026-02-18T03:28:21.307+02:00  INFO 8552 --- [medical-crm] [main] j.LocalContainerEntityManagerFactoryBean : Initialized JPA EntityManagerFactory for persistence unit 'default'
2026-02-18T03:28:21.354+02:00 DEBUG 8552 --- [medical-crm] [main] o.s.b.f.s.DefaultListableBeanFactory     : Creating shared instance of singleton bean 'jpaMappingContext'
2026-02-18T03:28:21.355+02:00 DEBUG 8552 --- [medical-crm] [main] .c.JpaMetamodelMappingContextFactoryBean : Initializing JpaMetamodelMappingContext…
2026-02-18T03:28:21.369+02:00 DEBUG 8552 --- [medical-crm] [main] .c.JpaMetamodelMappingContextFactoryBean : Finished initializing JpaMetamodelMappingContext
2026-02-18T03:28:21.411+02:00 DEBUG 8552 --- [medical-crm] [main] tor$SharedEntityManagerInvocationHandler : Creating new EntityManager for shared EntityManager invocation
2026-02-18T03:28:21.453+02:00 DEBUG 8552 --- [medical-crm] [main] tor$SharedEntityManagerInvocationHandler : Creating new EntityManager for shared EntityManager invocation
2026-02-18T03:28:21.496+02:00 DEBUG 8552 --- [medical-crm] [main] o.s.d.r.c.s.RepositoryFactorySupport     : Initializing repository instance for com.medicalcrm.backend.repository.UserRepository…
2026-02-18T03:28:21.519+02:00 DEBUG 8552 --- [medical-crm] [main] tor$SharedEntityManagerInvocationHandler : Creating new EntityManager for shared EntityManager invocation
2026-02-18T03:28:21.566+02:00 DEBUG 8552 --- [medical-crm] [main] o.s.d.jpa.repository.query.NamedQuery    : Looking up named query User.existsByEmail
2026-02-18T03:28:21.569+02:00 DEBUG 8552 --- [medical-crm] [main] o.s.d.jpa.repository.query.NamedQuery    : Did not find named query User.existsByEmail
2026-02-18T03:28:21.572+02:00 DEBUG 8552 --- [medical-crm] [main] tor$SharedEntityManagerInvocationHandler : Creating new EntityManager for shared EntityManager invocation
2026-02-18T03:28:21.641+02:00 DEBUG 8552 --- [medical-crm] [main] o.s.d.jpa.repository.query.NamedQuery    : Looking up named query User.existsByUsername
2026-02-18T03:28:21.642+02:00 DEBUG 8552 --- [medical-crm] [main] o.s.d.jpa.repository.query.NamedQuery    : Did not find named query User.existsByUsername
2026-02-18T03:28:21.642+02:00 DEBUG 8552 --- [medical-crm] [main] tor$SharedEntityManagerInvocationHandler : Creating new EntityManager for shared EntityManager invocation
2026-02-18T03:28:21.644+02:00 DEBUG 8552 --- [medical-crm] [main] o.s.d.jpa.repository.query.NamedQuery    : Looking up named query User.findByUsername
2026-02-18T03:28:21.644+02:00 DEBUG 8552 --- [medical-crm] [main] o.s.d.jpa.repository.query.NamedQuery    : Did not find named query User.findByUsername
2026-02-18T03:28:21.644+02:00 DEBUG 8552 --- [medical-crm] [main] tor$SharedEntityManagerInvocationHandler : Creating new EntityManager for shared EntityManager invocation
2026-02-18T03:28:21.646+02:00 DEBUG 8552 --- [medical-crm] [main] o.s.d.jpa.repository.query.NamedQuery    : Looking up named query User.findByEmail
2026-02-18T03:28:21.646+02:00 DEBUG 8552 --- [medical-crm] [main] o.s.d.jpa.repository.query.NamedQuery    : Did not find named query User.findByEmail
2026-02-18T03:28:21.648+02:00 DEBUG 8552 --- [medical-crm] [main] tor$SharedEntityManagerInvocationHandler : Creating new EntityManager for shared EntityManager invocation
2026-02-18T03:28:21.653+02:00 DEBUG 8552 --- [medical-crm] [main] o.s.d.r.c.s.RepositoryFactorySupport     : Finished creation of repository instance for com.medicalcrm.backend.repository.UserRepository.
2026-02-18T03:28:21.665+02:00 DEBUG 8552 --- [medical-crm] [main] o.s.b.f.s.DefaultListableBeanFactory     : Autowiring by type from bean name 'customUserDetailsService' via constructor to bean named 'userRepository'
2026-02-18T03:28:21.688+02:00 DEBUG 8552 --- [medical-crm] [main] o.s.b.f.s.DefaultListableBeanFactory     : Autowiring by type from bean name 'jwtAuthenticationFilter' via constructor to bean named 'jwtService'
2026-02-18T03:28:21.689+02:00 DEBUG 8552 --- [medical-crm] [main] o.s.b.f.s.DefaultListableBeanFactory     : Autowiring by type from bean name 'jwtAuthenticationFilter' via constructor to bean named 'customUserDetailsService'
2026-02-18T03:28:21.692+02:00 DEBUG 8552 --- [medical-crm] [main] o.s.b.f.s.DefaultListableBeanFactory     : Creating shared instance of singleton bean 'requestContextFilter'
2026-02-18T03:28:21.697+02:00 DEBUG 8552 --- [medical-crm] [main] o.s.b.f.s.DefaultListableBeanFactory     : Creating shared instance of singleton bean 'formContentFilter'
2026-02-18T03:28:21.697+02:00 DEBUG 8552 --- [medical-crm] [main] o.s.b.f.s.DefaultListableBeanFactory     : Creating shared instance of singleton bean 'org.springframework.boot.autoconfigure.web.servlet.WebMvcAutoConfiguration'
2026-02-18T03:28:21.704+02:00 DEBUG 8552 --- [medical-crm] [main] o.s.b.f.s.DefaultListableBeanFactory     : Creating shared instance of singleton bean 'characterEncodingFilter'
2026-02-18T03:28:21.716+02:00 DEBUG 8552 --- [medical-crm] [main] o.s.b.w.s.ServletContextInitializerBeans : Mapping filters: springSecurityFilterChain urls=[/*] order=-100, characterEncodingFilter urls=[/*] order=-2147483648, formContentFilter urls=[/*] order=-9900, requestContextFilter urls=[/*] order=-105, jwtAuthenticationFilter urls=[/*] order=2147483647
2026-02-18T03:28:21.716+02:00 DEBUG 8552 --- [medical-crm] [main] o.s.b.w.s.ServletContextInitializerBeans : Mapping servlets: dispatcherServlet urls=[/]
2026-02-18T03:28:21.749+02:00 DEBUG 8552 --- [medical-crm] [main] o.s.b.w.s.f.OrderedRequestContextFilter  : Filter 'requestContextFilter' configured for use
2026-02-18T03:28:21.753+02:00 DEBUG 8552 --- [medical-crm] [main] c.m.b.security.JwtAuthenticationFilter   : Filter 'jwtAuthenticationFilter' configured for use
2026-02-18T03:28:21.753+02:00 DEBUG 8552 --- [medical-crm] [main] s.b.w.s.f.OrderedCharacterEncodingFilter : Filter 'characterEncodingFilter' configured for use
2026-02-18T03:28:21.754+02:00 DEBUG 8552 --- [medical-crm] [main] .DelegatingFilterProxyRegistrationBean$1 : Filter 'springSecurityFilterChain' configured for use
2026-02-18T03:28:21.754+02:00 DEBUG 8552 --- [medical-crm] [main] o.s.b.w.s.f.OrderedFormContentFilter     : Filter 'formContentFilter' configured for use
2026-02-18T03:28:21.764+02:00 DEBUG 8552 --- [medical-crm] [main] o.s.b.f.s.DefaultListableBeanFactory     : Creating shared instance of singleton bean 'medicalCrmApplication'
2026-02-18T03:28:21.766+02:00 DEBUG 8552 --- [medical-crm] [main] o.s.b.f.s.DefaultListableBeanFactory     : Creating shared instance of singleton bean 'securityConfig'
2026-02-18T03:28:21.768+02:00 DEBUG 8552 --- [medical-crm] [main] o.s.b.f.s.DefaultListableBeanFactory     : Autowiring by type from bean name 'securityConfig' via constructor to bean named 'jwtAuthenticationFilter'
2026-02-18T03:28:21.770+02:00 DEBUG 8552 --- [medical-crm] [main] o.s.b.f.s.DefaultListableBeanFactory     : Creating shared instance of singleton bean 'swaggerConfig'
2026-02-18T03:28:21.771+02:00 DEBUG 8552 --- [medical-crm] [main] o.s.b.f.s.DefaultListableBeanFactory     : Creating shared instance of singleton bean 'appointmentController'
2026-02-18T03:28:21.778+02:00 DEBUG 8552 --- [medical-crm] [main] o.s.b.f.s.DefaultListableBeanFactory     : Creating shared instance of singleton bean 'appointmentServiceImpl'
2026-02-18T03:28:21.781+02:00 DEBUG 8552 --- [medical-crm] [main] o.s.b.f.s.DefaultListableBeanFactory     : Creating shared instance of singleton bean 'appointmentRepository'
2026-02-18T03:28:21.784+02:00 DEBUG 8552 --- [medical-crm] [main] o.s.b.f.s.DefaultListableBeanFactory     : Creating shared instance of singleton bean 'jpa.named-queries#1'
2026-02-18T03:28:21.786+02:00 DEBUG 8552 --- [medical-crm] [main] o.s.b.f.s.DefaultListableBeanFactory     : Creating shared instance of singleton bean 'jpa.AppointmentRepository.fragments#0'
2026-02-18T03:28:21.789+02:00 DEBUG 8552 --- [medical-crm] [main] tor$SharedEntityManagerInvocationHandler : Creating new EntityManager for shared EntityManager invocation
2026-02-18T03:28:21.827+02:00 DEBUG 8552 --- [medical-crm] [main] o.s.d.r.c.s.RepositoryFactorySupport     : Initializing repository instance for com.medicalcrm.backend.repository.AppointmentRepository…
2026-02-18T03:28:21.828+02:00 DEBUG 8552 --- [medical-crm] [main] tor$SharedEntityManagerInvocationHandler : Creating new EntityManager for shared EntityManager invocation
2026-02-18T03:28:21.838+02:00 DEBUG 8552 --- [medical-crm] [main] o.s.d.jpa.repository.query.NamedQuery    : Looking up named query Appointment.findByAppointmentDate
2026-02-18T03:28:21.838+02:00 DEBUG 8552 --- [medical-crm] [main] o.s.d.jpa.repository.query.NamedQuery    : Did not find named query Appointment.findByAppointmentDate
2026-02-18T03:28:21.839+02:00 DEBUG 8552 --- [medical-crm] [main] tor$SharedEntityManagerInvocationHandler : Creating new EntityManager for shared EntityManager invocation
2026-02-18T03:28:21.841+02:00 DEBUG 8552 --- [medical-crm] [main] o.s.d.jpa.repository.query.NamedQuery    : Looking up named query Appointment.findByPatientIdAndStatus
2026-02-18T03:28:21.842+02:00 DEBUG 8552 --- [medical-crm] [main] o.s.d.jpa.repository.query.NamedQuery    : Did not find named query Appointment.findByPatientIdAndStatus
2026-02-18T03:28:21.842+02:00 DEBUG 8552 --- [medical-crm] [main] tor$SharedEntityManagerInvocationHandler : Creating new EntityManager for shared EntityManager invocation
2026-02-18T03:28:21.852+02:00 DEBUG 8552 --- [medical-crm] [main] o.s.d.jpa.repository.query.NamedQuery    : Looking up named query Appointment.findByDoctorIdAndStatus
2026-02-18T03:28:21.853+02:00 DEBUG 8552 --- [medical-crm] [main] o.s.d.jpa.repository.query.NamedQuery    : Did not find named query Appointment.findByDoctorIdAndStatus
2026-02-18T03:28:21.854+02:00 DEBUG 8552 --- [medical-crm] [main] tor$SharedEntityManagerInvocationHandler : Creating new EntityManager for shared EntityManager invocation
2026-02-18T03:28:21.857+02:00 DEBUG 8552 --- [medical-crm] [main] o.s.d.jpa.repository.query.NamedQuery    : Looking up named query Appointment.findByStatus
2026-02-18T03:28:21.857+02:00 DEBUG 8552 --- [medical-crm] [main] o.s.d.jpa.repository.query.NamedQuery    : Did not find named query Appointment.findByStatus
2026-02-18T03:28:21.858+02:00 DEBUG 8552 --- [medical-crm] [main] tor$SharedEntityManagerInvocationHandler : Creating new EntityManager for shared EntityManager invocation
2026-02-18T03:28:21.860+02:00 DEBUG 8552 --- [medical-crm] [main] o.s.d.jpa.repository.query.NamedQuery    : Looking up named query Appointment.findByPatientId
2026-02-18T03:28:21.860+02:00 DEBUG 8552 --- [medical-crm] [main] o.s.d.jpa.repository.query.NamedQuery    : Did not find named query Appointment.findByPatientId
2026-02-18T03:28:21.860+02:00 DEBUG 8552 --- [medical-crm] [main] tor$SharedEntityManagerInvocationHandler : Creating new EntityManager for shared EntityManager invocation
2026-02-18T03:28:21.862+02:00 DEBUG 8552 --- [medical-crm] [main] o.s.d.jpa.repository.query.NamedQuery    : Looking up named query Appointment.findByDoctorId
2026-02-18T03:28:21.863+02:00 DEBUG 8552 --- [medical-crm] [main] o.s.d.jpa.repository.query.NamedQuery    : Did not find named query Appointment.findByDoctorId
2026-02-18T03:28:21.863+02:00 DEBUG 8552 --- [medical-crm] [main] tor$SharedEntityManagerInvocationHandler : Creating new EntityManager for shared EntityManager invocation
2026-02-18T03:28:21.879+02:00  INFO 8552 --- [medical-crm] [main] o.s.d.j.r.query.QueryEnhancerFactory     : Hibernate is in classpath; If applicable, HQL parser will be used.
2026-02-18T03:28:22.142+02:00 DEBUG 8552 --- [medical-crm] [main] o.s.d.jpa.repository.query.NamedQuery    : Did not find named query Appointment.sumAppointmentPricesToDoctor.count
2026-02-18T03:28:22.143+02:00 DEBUG 8552 --- [medical-crm] [main] tor$SharedEntityManagerInvocationHandler : Creating new EntityManager for shared EntityManager invocation
2026-02-18T03:28:22.518+02:00 DEBUG 8552 --- [medical-crm] [main] o.s.d.jpa.repository.query.NamedQuery    : Did not find named query Appointment.findDistinctPatientsByDoctorId.count
2026-02-18T03:28:22.518+02:00 DEBUG 8552 --- [medical-crm] [main] tor$SharedEntityManagerInvocationHandler : Creating new EntityManager for shared EntityManager invocation
2026-02-18T03:28:22.528+02:00 DEBUG 8552 --- [medical-crm] [main] o.s.d.jpa.repository.query.NamedQuery    : Did not find named query Appointment.findDistinctDoctorsByPatientId.count
2026-02-18T03:28:22.528+02:00 DEBUG 8552 --- [medical-crm] [main] tor$SharedEntityManagerInvocationHandler : Creating new EntityManager for shared EntityManager invocation
2026-02-18T03:28:22.532+02:00 DEBUG 8552 --- [medical-crm] [main] o.s.d.jpa.repository.query.NamedQuery    : Did not find named query Appointment.sumAppointmentPricesByPatient.count
2026-02-18T03:28:22.532+02:00 DEBUG 8552 --- [medical-crm] [main] tor$SharedEntityManagerInvocationHandler : Creating new EntityManager for shared EntityManager invocation
2026-02-18T03:28:22.538+02:00 DEBUG 8552 --- [medical-crm] [main] o.s.d.r.c.s.RepositoryFactorySupport     : Finished creation of repository instance for com.medicalcrm.backend.repository.AppointmentRepository.
2026-02-18T03:28:22.546+02:00 DEBUG 8552 --- [medical-crm] [main] o.s.b.f.s.DefaultListableBeanFactory     : Creating shared instance of singleton bean 'patientRepository'
2026-02-18T03:28:22.547+02:00 DEBUG 8552 --- [medical-crm] [main] o.s.b.f.s.DefaultListableBeanFactory     : Creating shared instance of singleton bean 'jpa.named-queries#2'
2026-02-18T03:28:22.549+02:00 DEBUG 8552 --- [medical-crm] [main] o.s.b.f.s.DefaultListableBeanFactory     : Creating shared instance of singleton bean 'jpa.PatientRepository.fragments#0'
2026-02-18T03:28:22.552+02:00 DEBUG 8552 --- [medical-crm] [main] tor$SharedEntityManagerInvocationHandler : Creating new EntityManager for shared EntityManager invocation
2026-02-18T03:28:22.552+02:00 DEBUG 8552 --- [medical-crm] [main] o.s.d.r.c.s.RepositoryFactorySupport     : Initializing repository instance for com.medicalcrm.backend.repository.PatientRepository…
2026-02-18T03:28:22.553+02:00 DEBUG 8552 --- [medical-crm] [main] tor$SharedEntityManagerInvocationHandler : Creating new EntityManager for shared EntityManager invocation
2026-02-18T03:28:22.556+02:00 DEBUG 8552 --- [medical-crm] [main] o.s.d.jpa.repository.query.NamedQuery    : Looking up named query Patient.findByLastName
2026-02-18T03:28:22.556+02:00 DEBUG 8552 --- [medical-crm] [main] o.s.d.jpa.repository.query.NamedQuery    : Did not find named query Patient.findByLastName
2026-02-18T03:28:22.556+02:00 DEBUG 8552 --- [medical-crm] [main] tor$SharedEntityManagerInvocationHandler : Creating new EntityManager for shared EntityManager invocation
2026-02-18T03:28:22.557+02:00 DEBUG 8552 --- [medical-crm] [main] o.s.d.jpa.repository.query.NamedQuery    : Looking up named query Patient.findByUserId
2026-02-18T03:28:22.558+02:00 DEBUG 8552 --- [medical-crm] [main] o.s.d.jpa.repository.query.NamedQuery    : Did not find named query Patient.findByUserId
2026-02-18T03:28:22.558+02:00 DEBUG 8552 --- [medical-crm] [main] tor$SharedEntityManagerInvocationHandler : Creating new EntityManager for shared EntityManager invocation
2026-02-18T03:28:22.562+02:00 DEBUG 8552 --- [medical-crm] [main] o.s.d.r.c.s.RepositoryFactorySupport     : Finished creation of repository instance for com.medicalcrm.backend.repository.PatientRepository.
2026-02-18T03:28:22.570+02:00 DEBUG 8552 --- [medical-crm] [main] o.s.b.f.s.DefaultListableBeanFactory     : Creating shared instance of singleton bean 'doctorRepository'
2026-02-18T03:28:22.571+02:00 DEBUG 8552 --- [medical-crm] [main] o.s.b.f.s.DefaultListableBeanFactory     : Creating shared instance of singleton bean 'jpa.named-queries#4'
2026-02-18T03:28:22.573+02:00 DEBUG 8552 --- [medical-crm] [main] o.s.b.f.s.DefaultListableBeanFactory     : Creating shared instance of singleton bean 'jpa.DoctorRepository.fragments#0'
2026-02-18T03:28:22.579+02:00 DEBUG 8552 --- [medical-crm] [main] tor$SharedEntityManagerInvocationHandler : Creating new EntityManager for shared EntityManager invocation
2026-02-18T03:28:22.579+02:00 DEBUG 8552 --- [medical-crm] [main] o.s.d.r.c.s.RepositoryFactorySupport     : Initializing repository instance for com.medicalcrm.backend.repository.DoctorRepository…
2026-02-18T03:28:22.580+02:00 DEBUG 8552 --- [medical-crm] [main] tor$SharedEntityManagerInvocationHandler : Creating new EntityManager for shared EntityManager invocation
2026-02-18T03:28:22.583+02:00 DEBUG 8552 --- [medical-crm] [main] o.s.d.jpa.repository.query.NamedQuery    : Looking up named query Doctor.findByLastName
2026-02-18T03:28:22.583+02:00 DEBUG 8552 --- [medical-crm] [main] o.s.d.jpa.repository.query.NamedQuery    : Did not find named query Doctor.findByLastName
2026-02-18T03:28:22.583+02:00 DEBUG 8552 --- [medical-crm] [main] tor$SharedEntityManagerInvocationHandler : Creating new EntityManager for shared EntityManager invocation
2026-02-18T03:28:22.585+02:00 DEBUG 8552 --- [medical-crm] [main] o.s.d.jpa.repository.query.NamedQuery    : Looking up named query Doctor.findByUserId
2026-02-18T03:28:22.585+02:00 DEBUG 8552 --- [medical-crm] [main] o.s.d.jpa.repository.query.NamedQuery    : Did not find named query Doctor.findByUserId
2026-02-18T03:28:22.585+02:00 DEBUG 8552 --- [medical-crm] [main] tor$SharedEntityManagerInvocationHandler : Creating new EntityManager for shared EntityManager invocation
2026-02-18T03:28:22.586+02:00 DEBUG 8552 --- [medical-crm] [main] o.s.d.jpa.repository.query.NamedQuery    : Looking up named query Doctor.findBySpecialty
2026-02-18T03:28:22.587+02:00 DEBUG 8552 --- [medical-crm] [main] o.s.d.jpa.repository.query.NamedQuery    : Did not find named query Doctor.findBySpecialty
2026-02-18T03:28:22.587+02:00 DEBUG 8552 --- [medical-crm] [main] tor$SharedEntityManagerInvocationHandler : Creating new EntityManager for shared EntityManager invocation
2026-02-18T03:28:22.591+02:00 DEBUG 8552 --- [medical-crm] [main] o.s.d.r.c.s.RepositoryFactorySupport     : Finished creation of repository instance for com.medicalcrm.backend.repository.DoctorRepository.
2026-02-18T03:28:22.599+02:00 DEBUG 8552 --- [medical-crm] [main] o.s.b.f.s.DefaultListableBeanFactory     : Creating shared instance of singleton bean 'medicalServiceRepository'
2026-02-18T03:28:22.600+02:00 DEBUG 8552 --- [medical-crm] [main] o.s.b.f.s.DefaultListableBeanFactory     : Creating shared instance of singleton bean 'jpa.named-queries#0'
2026-02-18T03:28:22.602+02:00 DEBUG 8552 --- [medical-crm] [main] o.s.b.f.s.DefaultListableBeanFactory     : Creating shared instance of singleton bean 'jpa.MedicalServiceRepository.fragments#0'
2026-02-18T03:28:22.605+02:00 DEBUG 8552 --- [medical-crm] [main] tor$SharedEntityManagerInvocationHandler : Creating new EntityManager for shared EntityManager invocation
2026-02-18T03:28:22.605+02:00 DEBUG 8552 --- [medical-crm] [main] o.s.d.r.c.s.RepositoryFactorySupport     : Initializing repository instance for com.medicalcrm.backend.repository.MedicalServiceRepository…
2026-02-18T03:28:22.606+02:00 DEBUG 8552 --- [medical-crm] [main] tor$SharedEntityManagerInvocationHandler : Creating new EntityManager for shared EntityManager invocation
2026-02-18T03:28:22.608+02:00 DEBUG 8552 --- [medical-crm] [main] o.s.d.jpa.repository.query.NamedQuery    : Looking up named query MedicalService.findByName
2026-02-18T03:28:22.609+02:00 DEBUG 8552 --- [medical-crm] [main] o.s.d.jpa.repository.query.NamedQuery    : Did not find named query MedicalService.findByName
2026-02-18T03:28:22.609+02:00 DEBUG 8552 --- [medical-crm] [main] tor$SharedEntityManagerInvocationHandler : Creating new EntityManager for shared EntityManager invocation
2026-02-18T03:28:22.610+02:00 DEBUG 8552 --- [medical-crm] [main] o.s.d.jpa.repository.query.NamedQuery    : Looking up named query MedicalService.existsByName
2026-02-18T03:28:22.610+02:00 DEBUG 8552 --- [medical-crm] [main] o.s.d.jpa.repository.query.NamedQuery    : Did not find named query MedicalService.existsByName
2026-02-18T03:28:22.610+02:00 DEBUG 8552 --- [medical-crm] [main] tor$SharedEntityManagerInvocationHandler : Creating new EntityManager for shared EntityManager invocation
2026-02-18T03:28:22.614+02:00 DEBUG 8552 --- [medical-crm] [main] o.s.d.r.c.s.RepositoryFactorySupport     : Finished creation of repository instance for com.medicalcrm.backend.repository.MedicalServiceRepository.
2026-02-18T03:28:22.621+02:00 DEBUG 8552 --- [medical-crm] [main] o.s.b.f.s.DefaultListableBeanFactory     : Creating shared instance of singleton bean 'paymentRepository'
2026-02-18T03:28:22.623+02:00 DEBUG 8552 --- [medical-crm] [main] o.s.b.f.s.DefaultListableBeanFactory     : Creating shared instance of singleton bean 'jpa.named-queries#5'
2026-02-18T03:28:22.624+02:00 DEBUG 8552 --- [medical-crm] [main] o.s.b.f.s.DefaultListableBeanFactory     : Creating shared instance of singleton bean 'jpa.PaymentRepository.fragments#0'
2026-02-18T03:28:22.626+02:00 DEBUG 8552 --- [medical-crm] [main] tor$SharedEntityManagerInvocationHandler : Creating new EntityManager for shared EntityManager invocation
2026-02-18T03:28:22.626+02:00 DEBUG 8552 --- [medical-crm] [main] o.s.d.r.c.s.RepositoryFactorySupport     : Initializing repository instance for com.medicalcrm.backend.repository.PaymentRepository…
2026-02-18T03:28:22.626+02:00 DEBUG 8552 --- [medical-crm] [main] tor$SharedEntityManagerInvocationHandler : Creating new EntityManager for shared EntityManager invocation
2026-02-18T03:28:22.636+02:00 DEBUG 8552 --- [medical-crm] [main] o.s.d.jpa.repository.query.NamedQuery    : Did not find named query Payment.sumAmountByAppointmentId.count
2026-02-18T03:28:22.636+02:00 DEBUG 8552 --- [medical-crm] [main] tor$SharedEntityManagerInvocationHandler : Creating new EntityManager for shared EntityManager invocation
2026-02-18T03:28:22.639+02:00 DEBUG 8552 --- [medical-crm] [main] o.s.d.jpa.repository.query.NamedQuery    : Looking up named query Payment.existsByAppointmentId
2026-02-18T03:28:22.639+02:00 DEBUG 8552 --- [medical-crm] [main] o.s.d.jpa.repository.query.NamedQuery    : Did not find named query Payment.existsByAppointmentId
2026-02-18T03:28:22.639+02:00 DEBUG 8552 --- [medical-crm] [main] tor$SharedEntityManagerInvocationHandler : Creating new EntityManager for shared EntityManager invocation
2026-02-18T03:28:22.641+02:00 DEBUG 8552 --- [medical-crm] [main] o.s.d.jpa.repository.query.NamedQuery    : Looking up named query Payment.findByStatus
2026-02-18T03:28:22.641+02:00 DEBUG 8552 --- [medical-crm] [main] o.s.d.jpa.repository.query.NamedQuery    : Did not find named query Payment.findByStatus
2026-02-18T03:28:22.641+02:00 DEBUG 8552 --- [medical-crm] [main] tor$SharedEntityManagerInvocationHandler : Creating new EntityManager for shared EntityManager invocation
2026-02-18T03:28:22.643+02:00 DEBUG 8552 --- [medical-crm] [main] o.s.d.jpa.repository.query.NamedQuery    : Did not find named query Payment.sumPaymentsToDoctor.count
2026-02-18T03:28:22.643+02:00 DEBUG 8552 --- [medical-crm] [main] tor$SharedEntityManagerInvocationHandler : Creating new EntityManager for shared EntityManager invocation
2026-02-18T03:28:22.647+02:00 DEBUG 8552 --- [medical-crm] [main] o.s.d.jpa.repository.query.NamedQuery    : Did not find named query Payment.sumPaymentsByPatient.count
2026-02-18T03:28:22.647+02:00 DEBUG 8552 --- [medical-crm] [main] tor$SharedEntityManagerInvocationHandler : Creating new EntityManager for shared EntityManager invocation
2026-02-18T03:28:22.649+02:00 DEBUG 8552 --- [medical-crm] [main] o.s.d.jpa.repository.query.NamedQuery    : Looking up named query Payment.findByAppointmentId
2026-02-18T03:28:22.649+02:00 DEBUG 8552 --- [medical-crm] [main] o.s.d.jpa.repository.query.NamedQuery    : Did not find named query Payment.findByAppointmentId
2026-02-18T03:28:22.649+02:00 DEBUG 8552 --- [medical-crm] [main] tor$SharedEntityManagerInvocationHandler : Creating new EntityManager for shared EntityManager invocation
2026-02-18T03:28:22.651+02:00 DEBUG 8552 --- [medical-crm] [main] o.s.d.jpa.repository.query.NamedQuery    : Looking up named query Payment.findByPaidById
2026-02-18T03:28:22.651+02:00 DEBUG 8552 --- [medical-crm] [main] o.s.d.jpa.repository.query.NamedQuery    : Did not find named query Payment.findByPaidById
2026-02-18T03:28:22.651+02:00 DEBUG 8552 --- [medical-crm] [main] tor$SharedEntityManagerInvocationHandler : Creating new EntityManager for shared EntityManager invocation
2026-02-18T03:28:22.657+02:00 DEBUG 8552 --- [medical-crm] [main] o.s.d.r.c.s.RepositoryFactorySupport     : Finished creation of repository instance for com.medicalcrm.backend.repository.PaymentRepository.
2026-02-18T03:28:22.663+02:00 DEBUG 8552 --- [medical-crm] [main] o.s.b.f.s.DefaultListableBeanFactory     : Autowiring by type from bean name 'appointmentServiceImpl' via constructor to bean named 'appointmentRepository'
2026-02-18T03:28:22.663+02:00 DEBUG 8552 --- [medical-crm] [main] o.s.b.f.s.DefaultListableBeanFactory     : Autowiring by type from bean name 'appointmentServiceImpl' via constructor to bean named 'patientRepository'
2026-02-18T03:28:22.663+02:00 DEBUG 8552 --- [medical-crm] [main] o.s.b.f.s.DefaultListableBeanFactory     : Autowiring by type from bean name 'appointmentServiceImpl' via constructor to bean named 'doctorRepository'
2026-02-18T03:28:22.663+02:00 DEBUG 8552 --- [medical-crm] [main] o.s.b.f.s.DefaultListableBeanFactory     : Autowiring by type from bean name 'appointmentServiceImpl' via constructor to bean named 'medicalServiceRepository'
2026-02-18T03:28:22.663+02:00 DEBUG 8552 --- [medical-crm] [main] o.s.b.f.s.DefaultListableBeanFactory     : Autowiring by type from bean name 'appointmentServiceImpl' via constructor to bean named 'paymentRepository'
2026-02-18T03:28:22.677+02:00 DEBUG 8552 --- [medical-crm] [main] o.s.b.f.s.DefaultListableBeanFactory     : Autowiring by type from bean name 'appointmentController' via constructor to bean named 'appointmentServiceImpl'
2026-02-18T03:28:22.691+02:00 DEBUG 8552 --- [medical-crm] [main] o.s.b.f.s.DefaultListableBeanFactory     : Creating shared instance of singleton bean 'authController'
2026-02-18T03:28:22.693+02:00 DEBUG 8552 --- [medical-crm] [main] o.s.b.f.s.DefaultListableBeanFactory     : Creating shared instance of singleton bean 'authenticationManager'
2026-02-18T03:28:22.693+02:00 DEBUG 8552 --- [medical-crm] [main] o.s.b.f.s.DefaultListableBeanFactory     : Creating shared instance of singleton bean 'org.springframework.security.config.annotation.authentication.configuration.AuthenticationConfiguration'
2026-02-18T03:28:22.695+02:00 DEBUG 8552 --- [medical-crm] [main] o.s.b.f.s.DefaultListableBeanFactory     : Creating shared instance of singleton bean 'enableGlobalAuthenticationAutowiredConfigurer'
2026-02-18T03:28:22.696+02:00 DEBUG 8552 --- [medical-crm] [main] o.s.b.f.s.DefaultListableBeanFactory     : Autowiring by type from bean name 'enableGlobalAuthenticationAutowiredConfigurer' via factory method to bean named 'org.springframework.boot.web.servlet.context.AnnotationConfigServletWebServerApplicationContext@2dc995f4'
2026-02-18T03:28:22.697+02:00 DEBUG 8552 --- [medical-crm] [main] o.s.b.f.s.DefaultListableBeanFactory     : Creating shared instance of singleton bean 'initializeUserDetailsBeanManagerConfigurer'
2026-02-18T03:28:22.697+02:00 DEBUG 8552 --- [medical-crm] [main] o.s.b.f.s.DefaultListableBeanFactory     : Autowiring by type from bean name 'initializeUserDetailsBeanManagerConfigurer' via factory method to bean named 'org.springframework.boot.web.servlet.context.AnnotationConfigServletWebServerApplicationContext@2dc995f4'
2026-02-18T03:28:22.698+02:00 DEBUG 8552 --- [medical-crm] [main] o.s.b.f.s.DefaultListableBeanFactory     : Creating shared instance of singleton bean 'initializeAuthenticationProviderBeanManagerConfigurer'
2026-02-18T03:28:22.698+02:00 DEBUG 8552 --- [medical-crm] [main] o.s.b.f.s.DefaultListableBeanFactory     : Autowiring by type from bean name 'initializeAuthenticationProviderBeanManagerConfigurer' via factory method to bean named 'org.springframework.boot.web.servlet.context.AnnotationConfigServletWebServerApplicationContext@2dc995f4'
2026-02-18T03:28:22.700+02:00 DEBUG 8552 --- [medical-crm] [main] o.s.b.f.s.DefaultListableBeanFactory     : Creating shared instance of singleton bean 'objectPostProcessor'
2026-02-18T03:28:22.700+02:00 DEBUG 8552 --- [medical-crm] [main] o.s.b.f.s.DefaultListableBeanFactory     : Creating shared instance of singleton bean 'org.springframework.security.config.annotation.configuration.ObjectPostProcessorConfiguration'
2026-02-18T03:28:22.701+02:00 DEBUG 8552 --- [medical-crm] [main] o.s.b.f.s.DefaultListableBeanFactory     : Autowiring by type from bean name 'objectPostProcessor' via factory method to bean named 'org.springframework.beans.factory.support.DefaultListableBeanFactory@14f5da2c'
2026-02-18T03:28:22.704+02:00 DEBUG 8552 --- [medical-crm] [main] o.s.b.f.s.DefaultListableBeanFactory     : Autowiring by type from bean name 'authenticationManager' via factory method to bean named 'org.springframework.security.config.annotation.authentication.configuration.AuthenticationConfiguration'
2026-02-18T03:28:22.704+02:00 DEBUG 8552 --- [medical-crm] [main] o.s.b.f.s.DefaultListableBeanFactory     : Creating shared instance of singleton bean 'authenticationManagerBuilder'
2026-02-18T03:28:22.705+02:00 DEBUG 8552 --- [medical-crm] [main] o.s.b.f.s.DefaultListableBeanFactory     : Autowiring by type from bean name 'authenticationManagerBuilder' via factory method to bean named 'objectPostProcessor'
2026-02-18T03:28:22.705+02:00 DEBUG 8552 --- [medical-crm] [main] o.s.b.f.s.DefaultListableBeanFactory     : Autowiring by type from bean name 'authenticationManagerBuilder' via factory method to bean named 'org.springframework.boot.web.servlet.context.AnnotationConfigServletWebServerApplicationContext@2dc995f4'
2026-02-18T03:28:22.705+02:00 DEBUG 8552 --- [medical-crm] [main] o.s.b.f.s.DefaultListableBeanFactory     : Creating shared instance of singleton bean 'authenticationEventPublisher'
2026-02-18T03:28:22.705+02:00 DEBUG 8552 --- [medical-crm] [main] o.s.b.f.s.DefaultListableBeanFactory     : Creating shared instance of singleton bean 'org.springframework.boot.autoconfigure.security.servlet.SecurityAutoConfiguration'
2026-02-18T03:28:22.706+02:00 DEBUG 8552 --- [medical-crm] [main] o.s.b.f.s.DefaultListableBeanFactory     : Autowiring by type from bean name 'authenticationEventPublisher' via factory method to bean named 'org.springframework.boot.web.servlet.context.AnnotationConfigServletWebServerApplicationContext@2dc995f4'
2026-02-18T03:28:22.721+02:00 DEBUG 8552 --- [medical-crm] [main] o.s.b.f.s.DefaultListableBeanFactory     : Creating shared instance of singleton bean 'org.springframework.boot.autoconfigure.security.servlet.SpringBootWebSecurityConfiguration$WebSecurityEnablerConfiguration'
2026-02-18T03:28:22.724+02:00 DEBUG 8552 --- [medical-crm] [main] o.s.b.f.s.DefaultListableBeanFactory     : Creating shared instance of singleton bean 'passwordEncoder'
2026-02-18T03:28:22.741+02:00 DEBUG 8552 --- [medical-crm] [main] o.s.b.f.s.DefaultListableBeanFactory     : Autowiring by type from bean name 'authController' via constructor to bean named 'authenticationManager'
2026-02-18T03:28:22.742+02:00 DEBUG 8552 --- [medical-crm] [main] o.s.b.f.s.DefaultListableBeanFactory     : Autowiring by type from bean name 'authController' via constructor to bean named 'jwtService'
2026-02-18T03:28:22.742+02:00 DEBUG 8552 --- [medical-crm] [main] o.s.b.f.s.DefaultListableBeanFactory     : Creating shared instance of singleton bean 'doctorController'
2026-02-18T03:28:22.745+02:00 DEBUG 8552 --- [medical-crm] [main] o.s.b.f.s.DefaultListableBeanFactory     : Creating shared instance of singleton bean 'doctorServiceImpl'
2026-02-18T03:28:22.745+02:00 DEBUG 8552 --- [medical-crm] [main] o.s.b.f.s.DefaultListableBeanFactory     : Autowiring by type from bean name 'doctorServiceImpl' via constructor to bean named 'doctorRepository'
2026-02-18T03:28:22.745+02:00 DEBUG 8552 --- [medical-crm] [main] o.s.b.f.s.DefaultListableBeanFactory     : Autowiring by type from bean name 'doctorServiceImpl' via constructor to bean named 'appointmentRepository'
2026-02-18T03:28:22.745+02:00 DEBUG 8552 --- [medical-crm] [main] o.s.b.f.s.DefaultListableBeanFactory     : Autowiring by type from bean name 'doctorServiceImpl' via constructor to bean named 'userRepository'
2026-02-18T03:28:22.753+02:00 DEBUG 8552 --- [medical-crm] [main] o.s.b.f.s.DefaultListableBeanFactory     : Autowiring by type from bean name 'doctorController' via constructor to bean named 'doctorServiceImpl'
2026-02-18T03:28:22.753+02:00 DEBUG 8552 --- [medical-crm] [main] o.s.b.f.s.DefaultListableBeanFactory     : Autowiring by type from bean name 'doctorController' via constructor to bean named 'appointmentServiceImpl'
2026-02-18T03:28:22.760+02:00 DEBUG 8552 --- [medical-crm] [main] o.s.b.f.s.DefaultListableBeanFactory     : Creating shared instance of singleton bean 'medicalServiceController'
2026-02-18T03:28:22.763+02:00 DEBUG 8552 --- [medical-crm] [main] o.s.b.f.s.DefaultListableBeanFactory     : Creating shared instance of singleton bean 'medicalServiceServiceImpl'
2026-02-18T03:28:22.764+02:00 DEBUG 8552 --- [medical-crm] [main] o.s.b.f.s.DefaultListableBeanFactory     : Autowiring by type from bean name 'medicalServiceServiceImpl' via constructor to bean named 'medicalServiceRepository'
2026-02-18T03:28:22.769+02:00 DEBUG 8552 --- [medical-crm] [main] o.s.b.f.s.DefaultListableBeanFactory     : Autowiring by type from bean name 'medicalServiceController' via constructor to bean named 'medicalServiceServiceImpl'
2026-02-18T03:28:22.775+02:00 DEBUG 8552 --- [medical-crm] [main] o.s.b.f.s.DefaultListableBeanFactory     : Creating shared instance of singleton bean 'patientController'
2026-02-18T03:28:22.778+02:00 DEBUG 8552 --- [medical-crm] [main] o.s.b.f.s.DefaultListableBeanFactory     : Creating shared instance of singleton bean 'patientServiceImpl'
2026-02-18T03:28:22.779+02:00 DEBUG 8552 --- [medical-crm] [main] o.s.b.f.s.DefaultListableBeanFactory     : Autowiring by type from bean name 'patientServiceImpl' via constructor to bean named 'patientRepository'
2026-02-18T03:28:22.779+02:00 DEBUG 8552 --- [medical-crm] [main] o.s.b.f.s.DefaultListableBeanFactory     : Autowiring by type from bean name 'patientServiceImpl' via constructor to bean named 'appointmentRepository'
2026-02-18T03:28:22.779+02:00 DEBUG 8552 --- [medical-crm] [main] o.s.b.f.s.DefaultListableBeanFactory     : Autowiring by type from bean name 'patientServiceImpl' via constructor to bean named 'paymentRepository'
2026-02-18T03:28:22.779+02:00 DEBUG 8552 --- [medical-crm] [main] o.s.b.f.s.DefaultListableBeanFactory     : Autowiring by type from bean name 'patientServiceImpl' via constructor to bean named 'userRepository'
2026-02-18T03:28:22.786+02:00 DEBUG 8552 --- [medical-crm] [main] o.s.b.f.s.DefaultListableBeanFactory     : Autowiring by type from bean name 'patientController' via constructor to bean named 'patientServiceImpl'
2026-02-18T03:28:22.793+02:00 DEBUG 8552 --- [medical-crm] [main] o.s.b.f.s.DefaultListableBeanFactory     : Creating shared instance of singleton bean 'paymentController'
2026-02-18T03:28:22.796+02:00 DEBUG 8552 --- [medical-crm] [main] o.s.b.f.s.DefaultListableBeanFactory     : Creating shared instance of singleton bean 'paymentServiceImpl'
2026-02-18T03:28:22.798+02:00 DEBUG 8552 --- [medical-crm] [main] o.s.b.f.s.DefaultListableBeanFactory     : Autowiring by type from bean name 'paymentServiceImpl' via constructor to bean named 'paymentRepository'
2026-02-18T03:28:22.798+02:00 DEBUG 8552 --- [medical-crm] [main] o.s.b.f.s.DefaultListableBeanFactory     : Autowiring by type from bean name 'paymentServiceImpl' via constructor to bean named 'appointmentRepository'
2026-02-18T03:28:22.798+02:00 DEBUG 8552 --- [medical-crm] [main] o.s.b.f.s.DefaultListableBeanFactory     : Autowiring by type from bean name 'paymentServiceImpl' via constructor to bean named 'patientRepository'
2026-02-18T03:28:22.798+02:00 DEBUG 8552 --- [medical-crm] [main] o.s.b.f.s.DefaultListableBeanFactory     : Autowiring by type from bean name 'paymentServiceImpl' via constructor to bean named 'doctorRepository'
2026-02-18T03:28:22.807+02:00 DEBUG 8552 --- [medical-crm] [main] o.s.b.f.s.DefaultListableBeanFactory     : Autowiring by type from bean name 'paymentController' via constructor to bean named 'paymentServiceImpl'
2026-02-18T03:28:22.812+02:00 DEBUG 8552 --- [medical-crm] [main] o.s.b.f.s.DefaultListableBeanFactory     : Creating shared instance of singleton bean 'userController'
2026-02-18T03:28:22.815+02:00 DEBUG 8552 --- [medical-crm] [main] o.s.b.f.s.DefaultListableBeanFactory     : Creating shared instance of singleton bean 'userServiceImpl'
2026-02-18T03:28:22.816+02:00 DEBUG 8552 --- [medical-crm] [main] o.s.b.f.s.DefaultListableBeanFactory     : Autowiring by type from bean name 'userServiceImpl' via constructor to bean named 'userRepository'
2026-02-18T03:28:22.816+02:00 DEBUG 8552 --- [medical-crm] [main] o.s.b.f.s.DefaultListableBeanFactory     : Autowiring by type from bean name 'userServiceImpl' via constructor to bean named 'passwordEncoder'
2026-02-18T03:28:22.823+02:00 DEBUG 8552 --- [medical-crm] [main] o.s.b.f.s.DefaultListableBeanFactory     : Autowiring by type from bean name 'userController' via constructor to bean named 'userServiceImpl'
2026-02-18T03:28:22.829+02:00 DEBUG 8552 --- [medical-crm] [main] o.s.b.f.s.DefaultListableBeanFactory     : Creating shared instance of singleton bean 'globalExceptionHandler'
2026-02-18T03:28:22.832+02:00 DEBUG 8552 --- [medical-crm] [main] o.s.b.f.s.DefaultListableBeanFactory     : Creating shared instance of singleton bean 'logClass'
2026-02-18T03:28:22.833+02:00 DEBUG 8552 --- [medical-crm] [main] o.s.b.f.s.DefaultListableBeanFactory     : Creating shared instance of singleton bean 'org.springframework.security.config.annotation.method.configuration.PrePostMethodSecurityConfiguration'
2026-02-18T03:28:22.833+02:00 DEBUG 8552 --- [medical-crm] [main] o.s.b.f.s.DefaultListableBeanFactory     : Creating shared instance of singleton bean 'preFilterAuthorizationMethodInterceptor'
2026-02-18T03:28:22.834+02:00 DEBUG 8552 --- [medical-crm] [main] o.s.b.f.s.DefaultListableBeanFactory     : Autowiring by type from bean name 'preFilterAuthorizationMethodInterceptor' via factory method to bean named 'org.springframework.boot.web.servlet.context.AnnotationConfigServletWebServerApplicationContext@2dc995f4'
2026-02-18T03:28:22.835+02:00 DEBUG 8552 --- [medical-crm] [main] o.s.b.f.s.DefaultListableBeanFactory     : Creating shared instance of singleton bean 'preAuthorizeAuthorizationMethodInterceptor'
2026-02-18T03:28:22.835+02:00 DEBUG 8552 --- [medical-crm] [main] o.s.b.f.s.DefaultListableBeanFactory     : Autowiring by type from bean name 'preAuthorizeAuthorizationMethodInterceptor' via factory method to bean named 'org.springframework.boot.web.servlet.context.AnnotationConfigServletWebServerApplicationContext@2dc995f4'
2026-02-18T03:28:22.835+02:00 DEBUG 8552 --- [medical-crm] [main] o.s.b.f.s.DefaultListableBeanFactory     : Creating shared instance of singleton bean 'postAuthorizeAuthorizationMethodInterceptor'
2026-02-18T03:28:22.836+02:00 DEBUG 8552 --- [medical-crm] [main] o.s.b.f.s.DefaultListableBeanFactory     : Autowiring by type from bean name 'postAuthorizeAuthorizationMethodInterceptor' via factory method to bean named 'org.springframework.boot.web.servlet.context.AnnotationConfigServletWebServerApplicationContext@2dc995f4'
2026-02-18T03:28:22.836+02:00 DEBUG 8552 --- [medical-crm] [main] o.s.b.f.s.DefaultListableBeanFactory     : Creating shared instance of singleton bean 'postFilterAuthorizationMethodInterceptor'
2026-02-18T03:28:22.836+02:00 DEBUG 8552 --- [medical-crm] [main] o.s.b.f.s.DefaultListableBeanFactory     : Autowiring by type from bean name 'postFilterAuthorizationMethodInterceptor' via factory method to bean named 'org.springframework.boot.web.servlet.context.AnnotationConfigServletWebServerApplicationContext@2dc995f4'
2026-02-18T03:28:22.837+02:00 DEBUG 8552 --- [medical-crm] [main] o.s.b.f.s.DefaultListableBeanFactory     : Creating shared instance of singleton bean 'securityFilterChain'
2026-02-18T03:28:22.837+02:00 DEBUG 8552 --- [medical-crm] [main] o.s.b.f.s.DefaultListableBeanFactory     : Creating shared instance of singleton bean 'org.springframework.security.config.annotation.web.configuration.HttpSecurityConfiguration'
2026-02-18T03:28:22.841+02:00 DEBUG 8552 --- [medical-crm] [main] o.s.b.f.s.DefaultListableBeanFactory     : Creating shared instance of singleton bean 'mvcContentNegotiationManager'
2026-02-18T03:28:22.842+02:00 DEBUG 8552 --- [medical-crm] [main] o.s.b.f.s.DefaultListableBeanFactory     : Creating shared instance of singleton bean 'org.springframework.boot.autoconfigure.web.servlet.WebMvcAutoConfiguration$EnableWebMvcConfiguration'
2026-02-18T03:28:22.843+02:00 DEBUG 8552 --- [medical-crm] [main] o.s.b.f.s.DefaultListableBeanFactory     : Creating shared instance of singleton bean 'spring.web-org.springframework.boot.autoconfigure.web.WebProperties'
2026-02-18T03:28:22.847+02:00 DEBUG 8552 --- [medical-crm] [main] o.s.b.f.s.DefaultListableBeanFactory     : Autowiring by type from bean name 'org.springframework.boot.autoconfigure.web.servlet.WebMvcAutoConfiguration$EnableWebMvcConfiguration' via constructor to bean named 'spring.mvc-org.springframework.boot.autoconfigure.web.servlet.WebMvcProperties'
2026-02-18T03:28:22.847+02:00 DEBUG 8552 --- [medical-crm] [main] o.s.b.f.s.DefaultListableBeanFactory     : Autowiring by type from bean name 'org.springframework.boot.autoconfigure.web.servlet.WebMvcAutoConfiguration$EnableWebMvcConfiguration' via constructor to bean named 'spring.web-org.springframework.boot.autoconfigure.web.WebProperties'
2026-02-18T03:28:22.847+02:00 DEBUG 8552 --- [medical-crm] [main] o.s.b.f.s.DefaultListableBeanFactory     : Autowiring by type from bean name 'org.springframework.boot.autoconfigure.web.servlet.WebMvcAutoConfiguration$EnableWebMvcConfiguration' via constructor to bean named 'org.springframework.beans.factory.support.DefaultListableBeanFactory@14f5da2c'
2026-02-18T03:28:22.853+02:00 DEBUG 8552 --- [medical-crm] [main] o.s.b.f.s.DefaultListableBeanFactory     : Creating shared instance of singleton bean 'org.springframework.boot.autoconfigure.web.servlet.WebMvcAutoConfiguration$WebMvcAutoConfigurationAdapter'
2026-02-18T03:28:22.854+02:00 DEBUG 8552 --- [medical-crm] [main] o.s.b.f.s.DefaultListableBeanFactory     : Autowiring by type from bean name 'org.springframework.boot.autoconfigure.web.servlet.WebMvcAutoConfiguration$WebMvcAutoConfigurationAdapter' via constructor to bean named 'spring.web-org.springframework.boot.autoconfigure.web.WebProperties'
2026-02-18T03:28:22.854+02:00 DEBUG 8552 --- [medical-crm] [main] o.s.b.f.s.DefaultListableBeanFactory     : Autowiring by type from bean name 'org.springframework.boot.autoconfigure.web.servlet.WebMvcAutoConfiguration$WebMvcAutoConfigurationAdapter' via constructor to bean named 'spring.mvc-org.springframework.boot.autoconfigure.web.servlet.WebMvcProperties'
2026-02-18T03:28:22.854+02:00 DEBUG 8552 --- [medical-crm] [main] o.s.b.f.s.DefaultListableBeanFactory     : Autowiring by type from bean name 'org.springframework.boot.autoconfigure.web.servlet.WebMvcAutoConfiguration$WebMvcAutoConfigurationAdapter' via constructor to bean named 'org.springframework.beans.factory.support.DefaultListableBeanFactory@14f5da2c'
2026-02-18T03:28:22.859+02:00 DEBUG 8552 --- [medical-crm] [main] o.s.b.f.s.DefaultListableBeanFactory     : Creating shared instance of singleton bean 'openEntityManagerInViewInterceptorConfigurer'
2026-02-18T03:28:22.859+02:00 DEBUG 8552 --- [medical-crm] [main] o.s.b.f.s.DefaultListableBeanFactory     : Creating shared instance of singleton bean 'org.springframework.boot.autoconfigure.orm.jpa.JpaBaseConfiguration$JpaWebConfiguration'
2026-02-18T03:28:22.859+02:00 DEBUG 8552 --- [medical-crm] [main] o.s.b.f.s.DefaultListableBeanFactory     : Autowiring by type from bean name 'org.springframework.boot.autoconfigure.orm.jpa.JpaBaseConfiguration$JpaWebConfiguration' via constructor to bean named 'spring.jpa-org.springframework.boot.autoconfigure.orm.jpa.JpaProperties'
2026-02-18T03:28:22.861+02:00 DEBUG 8552 --- [medical-crm] [main] o.s.b.f.s.DefaultListableBeanFactory     : Creating shared instance of singleton bean 'openEntityManagerInViewInterceptor'
2026-02-18T03:28:22.861+02:00  WARN 8552 --- [medical-crm] [main] JpaBaseConfiguration$JpaWebConfiguration : spring.jpa.open-in-view is enabled by default. Therefore, database queries may be performed during view rendering. Explicitly configure spring.jpa.open-in-view to disable this warning
2026-02-18T03:28:22.864+02:00 DEBUG 8552 --- [medical-crm] [main] o.s.b.f.s.DefaultListableBeanFactory     : Autowiring by type from bean name 'openEntityManagerInViewInterceptorConfigurer' via factory method to bean named 'openEntityManagerInViewInterceptor'
2026-02-18T03:28:22.866+02:00 DEBUG 8552 --- [medical-crm] [main] o.s.b.f.s.DefaultListableBeanFactory     : Creating shared instance of singleton bean 'org.springframework.data.web.config.SpringDataWebConfiguration'
2026-02-18T03:28:22.867+02:00 DEBUG 8552 --- [medical-crm] [main] o.s.b.f.s.DefaultListableBeanFactory     : Autowiring by type from bean name 'org.springframework.data.web.config.SpringDataWebConfiguration' via constructor to bean named 'org.springframework.boot.web.servlet.context.AnnotationConfigServletWebServerApplicationContext@2dc995f4'
2026-02-18T03:28:22.870+02:00 DEBUG 8552 --- [medical-crm] [main] o.s.b.f.s.DefaultListableBeanFactory     : Creating shared instance of singleton bean 'org.springframework.security.config.annotation.web.configuration.WebMvcSecurityConfiguration'
2026-02-18T03:28:22.944+02:00 DEBUG 8552 --- [medical-crm] [main] o.s.b.f.s.DefaultListableBeanFactory     : Autowiring by type from bean name 'securityFilterChain' via factory method to bean named 'org.springframework.security.config.annotation.web.configuration.HttpSecurityConfiguration.httpSecurity'
2026-02-18T03:28:22.948+02:00 DEBUG 8552 --- [medical-crm] [main] o.s.b.f.s.DefaultListableBeanFactory     : Creating shared instance of singleton bean 'mvcHandlerMappingIntrospector'
2026-02-18T03:28:22.952+02:00 DEBUG 8552 --- [medical-crm] [main] o.s.b.f.s.DefaultListableBeanFactory     : Creating shared instance of singleton bean 'welcomePageHandlerMapping'
2026-02-18T03:28:22.953+02:00 DEBUG 8552 --- [medical-crm] [main] o.s.b.f.s.DefaultListableBeanFactory     : Creating shared instance of singleton bean 'mvcConversionService'
2026-02-18T03:28:22.966+02:00 DEBUG 8552 --- [medical-crm] [main] o.s.b.f.s.DefaultListableBeanFactory     : Creating shared instance of singleton bean 'mvcResourceUrlProvider'
2026-02-18T03:28:22.969+02:00 DEBUG 8552 --- [medical-crm] [main] o.s.b.f.s.DefaultListableBeanFactory     : Autowiring by type from bean name 'welcomePageHandlerMapping' via factory method to bean named 'org.springframework.boot.web.servlet.context.AnnotationConfigServletWebServerApplicationContext@2dc995f4'
2026-02-18T03:28:22.969+02:00 DEBUG 8552 --- [medical-crm] [main] o.s.b.f.s.DefaultListableBeanFactory     : Autowiring by type from bean name 'welcomePageHandlerMapping' via factory method to bean named 'mvcConversionService'
2026-02-18T03:28:22.969+02:00 DEBUG 8552 --- [medical-crm] [main] o.s.b.f.s.DefaultListableBeanFactory     : Autowiring by type from bean name 'welcomePageHandlerMapping' via factory method to bean named 'mvcResourceUrlProvider'
2026-02-18T03:28:22.991+02:00 DEBUG 8552 --- [medical-crm] [main] o.s.b.f.s.DefaultListableBeanFactory     : Creating shared instance of singleton bean 'welcomePageNotAcceptableHandlerMapping'
2026-02-18T03:28:22.991+02:00 DEBUG 8552 --- [medical-crm] [main] o.s.b.f.s.DefaultListableBeanFactory     : Autowiring by type from bean name 'welcomePageNotAcceptableHandlerMapping' via factory method to bean named 'org.springframework.boot.web.servlet.context.AnnotationConfigServletWebServerApplicationContext@2dc995f4'
2026-02-18T03:28:22.991+02:00 DEBUG 8552 --- [medical-crm] [main] o.s.b.f.s.DefaultListableBeanFactory     : Autowiring by type from bean name 'welcomePageNotAcceptableHandlerMapping' via factory method to bean named 'mvcConversionService'
2026-02-18T03:28:22.991+02:00 DEBUG 8552 --- [medical-crm] [main] o.s.b.f.s.DefaultListableBeanFactory     : Autowiring by type from bean name 'welcomePageNotAcceptableHandlerMapping' via factory method to bean named 'mvcResourceUrlProvider'
2026-02-18T03:28:22.999+02:00 DEBUG 8552 --- [medical-crm] [main] o.s.b.f.s.DefaultListableBeanFactory     : Creating shared instance of singleton bean 'requestMappingHandlerMapping'
2026-02-18T03:28:23.001+02:00 DEBUG 8552 --- [medical-crm] [main] o.s.b.f.s.DefaultListableBeanFactory     : Autowiring by type from bean name 'requestMappingHandlerMapping' via factory method to bean named 'mvcContentNegotiationManager'
2026-02-18T03:28:23.001+02:00 DEBUG 8552 --- [medical-crm] [main] o.s.b.f.s.DefaultListableBeanFactory     : Autowiring by type from bean name 'requestMappingHandlerMapping' via factory method to bean named 'mvcConversionService'
2026-02-18T03:28:23.001+02:00 DEBUG 8552 --- [medical-crm] [main] o.s.b.f.s.DefaultListableBeanFactory     : Autowiring by type from bean name 'requestMappingHandlerMapping' via factory method to bean named 'mvcResourceUrlProvider'
2026-02-18T03:28:23.106+02:00 DEBUG 8552 --- [medical-crm] [main] s.w.s.m.m.a.RequestMappingHandlerMapping : 61 mappings in 'requestMappingHandlerMapping'
2026-02-18T03:28:23.120+02:00 DEBUG 8552 --- [medical-crm] [main] o.s.b.f.s.DefaultListableBeanFactory     : Creating shared instance of singleton bean 'viewControllerHandlerMapping'
2026-02-18T03:28:23.121+02:00 DEBUG 8552 --- [medical-crm] [main] o.s.b.f.s.DefaultListableBeanFactory     : Autowiring by type from bean name 'viewControllerHandlerMapping' via factory method to bean named 'mvcConversionService'
2026-02-18T03:28:23.121+02:00 DEBUG 8552 --- [medical-crm] [main] o.s.b.f.s.DefaultListableBeanFactory     : Autowiring by type from bean name 'viewControllerHandlerMapping' via factory method to bean named 'mvcResourceUrlProvider'
2026-02-18T03:28:23.122+02:00 DEBUG 8552 --- [medical-crm] [main] o.s.b.f.s.DefaultListableBeanFactory     : Creating shared instance of singleton bean 'beanNameHandlerMapping'
2026-02-18T03:28:23.122+02:00 DEBUG 8552 --- [medical-crm] [main] o.s.b.f.s.DefaultListableBeanFactory     : Autowiring by type from bean name 'beanNameHandlerMapping' via factory method to bean named 'mvcConversionService'
2026-02-18T03:28:23.122+02:00 DEBUG 8552 --- [medical-crm] [main] o.s.b.f.s.DefaultListableBeanFactory     : Autowiring by type from bean name 'beanNameHandlerMapping' via factory method to bean named 'mvcResourceUrlProvider'
2026-02-18T03:28:23.131+02:00 DEBUG 8552 --- [medical-crm] [main] o.s.b.f.s.DefaultListableBeanFactory     : Creating shared instance of singleton bean 'routerFunctionMapping'
2026-02-18T03:28:23.131+02:00 DEBUG 8552 --- [medical-crm] [main] o.s.b.f.s.DefaultListableBeanFactory     : Autowiring by type from bean name 'routerFunctionMapping' via factory method to bean named 'mvcConversionService'
2026-02-18T03:28:23.131+02:00 DEBUG 8552 --- [medical-crm] [main] o.s.b.f.s.DefaultListableBeanFactory     : Autowiring by type from bean name 'routerFunctionMapping' via factory method to bean named 'mvcResourceUrlProvider'
2026-02-18T03:28:23.132+02:00 DEBUG 8552 --- [medical-crm] [main] o.s.b.f.s.DefaultListableBeanFactory     : Creating shared instance of singleton bean 'messageConverters'
2026-02-18T03:28:23.132+02:00 DEBUG 8552 --- [medical-crm] [main] o.s.b.f.s.DefaultListableBeanFactory     : Creating shared instance of singleton bean 'org.springframework.boot.autoconfigure.http.HttpMessageConvertersAutoConfiguration'
2026-02-18T03:28:23.135+02:00 DEBUG 8552 --- [medical-crm] [main] o.s.b.f.s.DefaultListableBeanFactory     : Creating shared instance of singleton bean 'stringHttpMessageConverter'
2026-02-18T03:28:23.135+02:00 DEBUG 8552 --- [medical-crm] [main] o.s.b.f.s.DefaultListableBeanFactory     : Creating shared instance of singleton bean 'org.springframework.boot.autoconfigure.http.HttpMessageConvertersAutoConfiguration$StringHttpMessageConverterConfiguration'
2026-02-18T03:28:23.136+02:00 DEBUG 8552 --- [medical-crm] [main] o.s.b.f.s.DefaultListableBeanFactory     : Autowiring by type from bean name 'stringHttpMessageConverter' via factory method to bean named 'environment'
2026-02-18T03:28:23.141+02:00 DEBUG 8552 --- [medical-crm] [main] o.s.b.f.s.DefaultListableBeanFactory     : Creating shared instance of singleton bean 'mappingJackson2HttpMessageConverter'
2026-02-18T03:28:23.141+02:00 DEBUG 8552 --- [medical-crm] [main] o.s.b.f.s.DefaultListableBeanFactory     : Creating shared instance of singleton bean 'org.springframework.boot.autoconfigure.http.JacksonHttpMessageConvertersConfiguration$MappingJackson2HttpMessageConverterConfiguration'
2026-02-18T03:28:23.142+02:00 DEBUG 8552 --- [medical-crm] [main] o.s.b.f.s.DefaultListableBeanFactory     : Creating shared instance of singleton bean 'jacksonObjectMapper'
2026-02-18T03:28:23.142+02:00 DEBUG 8552 --- [medical-crm] [main] o.s.b.f.s.DefaultListableBeanFactory     : Creating shared instance of singleton bean 'org.springframework.boot.autoconfigure.jackson.JacksonAutoConfiguration$JacksonObjectMapperConfiguration'
2026-02-18T03:28:23.143+02:00 DEBUG 8552 --- [medical-crm] [main] o.s.b.f.s.DefaultListableBeanFactory     : Creating shared instance of singleton bean 'org.springframework.boot.autoconfigure.jackson.JacksonAutoConfiguration$JacksonObjectMapperBuilderConfiguration'
2026-02-18T03:28:23.144+02:00 DEBUG 8552 --- [medical-crm] [main] o.s.b.f.s.DefaultListableBeanFactory     : Creating shared instance of singleton bean 'standardJacksonObjectMapperBuilderCustomizer'
2026-02-18T03:28:23.144+02:00 DEBUG 8552 --- [medical-crm] [main] o.s.b.f.s.DefaultListableBeanFactory     : Creating shared instance of singleton bean 'org.springframework.boot.autoconfigure.jackson.JacksonAutoConfiguration$Jackson2ObjectMapperBuilderCustomizerConfiguration'
2026-02-18T03:28:23.145+02:00 DEBUG 8552 --- [medical-crm] [main] o.s.b.f.s.DefaultListableBeanFactory     : Creating shared instance of singleton bean 'spring.jackson-org.springframework.boot.autoconfigure.jackson.JacksonProperties'
2026-02-18T03:28:23.149+02:00 DEBUG 8552 --- [medical-crm] [main] o.s.b.f.s.DefaultListableBeanFactory     : Autowiring by type from bean name 'standardJacksonObjectMapperBuilderCustomizer' via factory method to bean named 'spring.jackson-org.springframework.boot.autoconfigure.jackson.JacksonProperties'
2026-02-18T03:28:23.150+02:00 DEBUG 8552 --- [medical-crm] [main] o.s.b.f.s.DefaultListableBeanFactory     : Creating shared instance of singleton bean 'parameterNamesModule'
2026-02-18T03:28:23.150+02:00 DEBUG 8552 --- [medical-crm] [main] o.s.b.f.s.DefaultListableBeanFactory     : Creating shared instance of singleton bean 'org.springframework.boot.autoconfigure.jackson.JacksonAutoConfiguration$ParameterNamesModuleConfiguration'
2026-02-18T03:28:23.154+02:00 DEBUG 8552 --- [medical-crm] [main] o.s.b.f.s.DefaultListableBeanFactory     : Creating shared instance of singleton bean 'jsonMixinModule'
2026-02-18T03:28:23.155+02:00 DEBUG 8552 --- [medical-crm] [main] o.s.b.f.s.DefaultListableBeanFactory     : Creating shared instance of singleton bean 'org.springframework.boot.autoconfigure.jackson.JacksonAutoConfiguration$JacksonMixinConfiguration'
2026-02-18T03:28:23.155+02:00 DEBUG 8552 --- [medical-crm] [main] o.s.b.f.s.DefaultListableBeanFactory     : Creating shared instance of singleton bean 'jsonMixinModuleEntries'
2026-02-18T03:28:23.156+02:00 DEBUG 8552 --- [medical-crm] [main] o.s.b.f.s.DefaultListableBeanFactory     : Autowiring by type from bean name 'jsonMixinModuleEntries' via factory method to bean named 'org.springframework.boot.web.servlet.context.AnnotationConfigServletWebServerApplicationContext@2dc995f4'
2026-02-18T03:28:23.166+02:00 DEBUG 8552 --- [medical-crm] [main] o.s.b.f.s.DefaultListableBeanFactory     : Autowiring by type from bean name 'jsonMixinModule' via factory method to bean named 'org.springframework.boot.web.servlet.context.AnnotationConfigServletWebServerApplicationContext@2dc995f4'
2026-02-18T03:28:23.166+02:00 DEBUG 8552 --- [medical-crm] [main] o.s.b.f.s.DefaultListableBeanFactory     : Autowiring by type from bean name 'jsonMixinModule' via factory method to bean named 'jsonMixinModuleEntries'
2026-02-18T03:28:23.168+02:00 DEBUG 8552 --- [medical-crm] [main] o.s.b.f.s.DefaultListableBeanFactory     : Creating shared instance of singleton bean 'jsonComponentModule'
2026-02-18T03:28:23.168+02:00 DEBUG 8552 --- [medical-crm] [main] o.s.b.f.s.DefaultListableBeanFactory     : Creating shared instance of singleton bean 'org.springframework.boot.autoconfigure.jackson.JacksonAutoConfiguration'
2026-02-18T03:28:23.175+02:00 DEBUG 8552 --- [medical-crm] [main] o.s.b.f.s.DefaultListableBeanFactory     : Creating shared instance of singleton bean 'jacksonGeoModule'
2026-02-18T03:28:23.176+02:00 DEBUG 8552 --- [medical-crm] [main] o.s.b.f.s.DefaultListableBeanFactory     : Creating shared instance of singleton bean 'org.springframework.data.web.config.SpringDataJacksonConfiguration'
2026-02-18T03:28:23.180+02:00 DEBUG 8552 --- [medical-crm] [main] o.s.b.f.s.DefaultListableBeanFactory     : Creating shared instance of singleton bean 'pageModule'
2026-02-18T03:28:23.184+02:00 DEBUG 8552 --- [medical-crm] [main] o.s.b.f.s.DefaultListableBeanFactory     : Autowiring by type from bean name 'jacksonObjectMapperBuilder' via factory method to bean named 'org.springframework.boot.web.servlet.context.AnnotationConfigServletWebServerApplicationContext@2dc995f4'
2026-02-18T03:28:23.184+02:00 DEBUG 8552 --- [medical-crm] [main] o.s.b.f.s.DefaultListableBeanFactory     : Autowiring by type from bean name 'jacksonObjectMapperBuilder' via factory method to bean named 'standardJacksonObjectMapperBuilderCustomizer'
2026-02-18T03:28:23.188+02:00 DEBUG 8552 --- [medical-crm] [main] o.s.b.f.s.DefaultListableBeanFactory     : Autowiring by type from bean name 'jacksonObjectMapper' via factory method to bean named 'jacksonObjectMapperBuilder'
2026-02-18T03:28:23.223+02:00 DEBUG 8552 --- [medical-crm] [main] o.s.b.f.s.DefaultListableBeanFactory     : Autowiring by type from bean name 'mappingJackson2HttpMessageConverter' via factory method to bean named 'jacksonObjectMapper'
2026-02-18T03:28:23.241+02:00 DEBUG 8552 --- [medical-crm] [main] o.s.b.f.s.DefaultListableBeanFactory     : Creating shared instance of singleton bean 'resourceHandlerMapping'
2026-02-18T03:28:23.241+02:00 DEBUG 8552 --- [medical-crm] [main] o.s.b.f.s.DefaultListableBeanFactory     : Autowiring by type from bean name 'resourceHandlerMapping' via factory method to bean named 'mvcContentNegotiationManager'
2026-02-18T03:28:23.241+02:00 DEBUG 8552 --- [medical-crm] [main] o.s.b.f.s.DefaultListableBeanFactory     : Autowiring by type from bean name 'resourceHandlerMapping' via factory method to bean named 'mvcConversionService'
2026-02-18T03:28:23.241+02:00 DEBUG 8552 --- [medical-crm] [main] o.s.b.f.s.DefaultListableBeanFactory     : Autowiring by type from bean name 'resourceHandlerMapping' via factory method to bean named 'mvcResourceUrlProvider'
2026-02-18T03:28:23.252+02:00 DEBUG 8552 --- [medical-crm] [main] o.s.w.s.handler.SimpleUrlHandlerMapping  : Patterns [/webjars/**, /**] in 'resourceHandlerMapping'
2026-02-18T03:28:23.259+02:00 DEBUG 8552 --- [medical-crm] [main] o.s.b.f.s.DefaultListableBeanFactory     : Creating shared instance of singleton bean 'defaultServletHandlerMapping'
2026-02-18T03:28:23.309+02:00  INFO 8552 --- [medical-crm] [main] o.s.s.web.DefaultSecurityFilterChain     : Will secure any request with [org.springframework.security.web.session.DisableEncodeUrlFilter@37acf9b1, org.springframework.security.web.context.request.async.WebAsyncManagerIntegrationFilter@279e9c95, org.springframework.security.web.context.SecurityContextHolderFilter@398f6622, org.springframework.security.web.header.HeaderWriterFilter@574f89bf, org.springframework.web.filter.CorsFilter@5546a9e0, org.springframework.security.web.authentication.logout.LogoutFilter@488bf7cd, com.medicalcrm.backend.security.JwtAuthenticationFilter@3b28ab9b, org.springframework.security.web.savedrequest.RequestCacheAwareFilter@5a318745, org.springframework.security.web.servletapi.SecurityContextHolderAwareRequestFilter@2d44025b, org.springframework.security.web.authentication.AnonymousAuthenticationFilter@1c027237, org.springframework.security.web.session.SessionManagementFilter@11261fc9, org.springframework.security.web.access.ExceptionTranslationFilter@6a339bc1, org.springframework.security.web.access.intercept.AuthorizationFilter@62ae5180]
2026-02-18T03:28:23.310+02:00 DEBUG 8552 --- [medical-crm] [main] o.s.b.f.s.DefaultListableBeanFactory     : Creating shared instance of singleton bean 'api'
2026-02-18T03:28:23.320+02:00 DEBUG 8552 --- [medical-crm] [main] o.s.b.f.s.DefaultListableBeanFactory     : Creating shared instance of singleton bean 'org.springframework.boot.autoconfigure.context.PropertyPlaceholderAutoConfiguration'
2026-02-18T03:28:23.321+02:00 DEBUG 8552 --- [medical-crm] [main] o.s.b.f.s.DefaultListableBeanFactory     : Creating shared instance of singleton bean 'org.springframework.boot.autoconfigure.websocket.servlet.WebSocketServletAutoConfiguration'
2026-02-18T03:28:23.322+02:00 DEBUG 8552 --- [medical-crm] [main] o.s.b.f.s.DefaultListableBeanFactory     : Creating shared instance of singleton bean 'org.springframework.boot.autoconfigure.web.servlet.DispatcherServletAutoConfiguration'
2026-02-18T03:28:23.322+02:00 DEBUG 8552 --- [medical-crm] [main] o.s.b.f.s.DefaultListableBeanFactory     : Creating shared instance of singleton bean 'org.springframework.boot.autoconfigure.task.TaskExecutorConfigurations$ThreadPoolTaskExecutorBuilderConfiguration'
2026-02-18T03:28:23.323+02:00 DEBUG 8552 --- [medical-crm] [main] o.s.b.f.s.DefaultListableBeanFactory     : Creating shared instance of singleton bean 'threadPoolTaskExecutorBuilder'
2026-02-18T03:28:23.324+02:00 DEBUG 8552 --- [medical-crm] [main] o.s.b.f.s.DefaultListableBeanFactory     : Creating shared instance of singleton bean 'spring.task.execution-org.springframework.boot.autoconfigure.task.TaskExecutionProperties'
2026-02-18T03:28:23.325+02:00 DEBUG 8552 --- [medical-crm] [main] o.s.b.f.s.DefaultListableBeanFactory     : Autowiring by type from bean name 'threadPoolTaskExecutorBuilder' via factory method to bean named 'spring.task.execution-org.springframework.boot.autoconfigure.task.TaskExecutionProperties'
2026-02-18T03:28:23.328+02:00 DEBUG 8552 --- [medical-crm] [main] o.s.b.f.s.DefaultListableBeanFactory     : Creating shared instance of singleton bean 'org.springframework.boot.autoconfigure.task.TaskExecutorConfigurations$TaskExecutorBuilderConfiguration'
2026-02-18T03:28:23.329+02:00 DEBUG 8552 --- [medical-crm] [main] o.s.b.f.s.DefaultListableBeanFactory     : Creating shared instance of singleton bean 'taskExecutorBuilder'
2026-02-18T03:28:23.329+02:00 DEBUG 8552 --- [medical-crm] [main] o.s.b.f.s.DefaultListableBeanFactory     : Autowiring by type from bean name 'taskExecutorBuilder' via factory method to bean named 'spring.task.execution-org.springframework.boot.autoconfigure.task.TaskExecutionProperties'
2026-02-18T03:28:23.330+02:00 DEBUG 8552 --- [medical-crm] [main] o.s.b.f.s.DefaultListableBeanFactory     : Creating shared instance of singleton bean 'org.springframework.boot.autoconfigure.task.TaskExecutorConfigurations$SimpleAsyncTaskExecutorBuilderConfiguration'
2026-02-18T03:28:23.331+02:00 DEBUG 8552 --- [medical-crm] [main] o.s.b.f.s.DefaultListableBeanFactory     : Autowiring by type from bean name 'org.springframework.boot.autoconfigure.task.TaskExecutorConfigurations$SimpleAsyncTaskExecutorBuilderConfiguration' via constructor to bean named 'spring.task.execution-org.springframework.boot.autoconfigure.task.TaskExecutionProperties'
2026-02-18T03:28:23.331+02:00 DEBUG 8552 --- [medical-crm] [main] o.s.b.f.s.DefaultListableBeanFactory     : Creating shared instance of singleton bean 'simpleAsyncTaskExecutorBuilder'
2026-02-18T03:28:23.332+02:00 DEBUG 8552 --- [medical-crm] [main] o.s.b.f.s.DefaultListableBeanFactory     : Creating shared instance of singleton bean 'org.springframework.boot.autoconfigure.task.TaskExecutorConfigurations$TaskExecutorConfiguration'
2026-02-18T03:28:23.333+02:00 DEBUG 8552 --- [medical-crm] [main] o.s.b.f.s.DefaultListableBeanFactory     : Creating shared instance of singleton bean 'org.springframework.boot.autoconfigure.task.TaskExecutionAutoConfiguration'
2026-02-18T03:28:23.334+02:00 DEBUG 8552 --- [medical-crm] [main] o.s.b.f.s.DefaultListableBeanFactory     : Creating shared instance of singleton bean 'org.springframework.boot.autoconfigure.validation.ValidationAutoConfiguration'
2026-02-18T03:28:23.335+02:00 DEBUG 8552 --- [medical-crm] [main] o.s.b.f.s.DefaultListableBeanFactory     : Creating shared instance of singleton bean 'defaultValidator'
2026-02-18T03:28:23.335+02:00 DEBUG 8552 --- [medical-crm] [main] o.s.b.f.s.DefaultListableBeanFactory     : Autowiring by type from bean name 'defaultValidator' via factory method to bean named 'org.springframework.boot.web.servlet.context.AnnotationConfigServletWebServerApplicationContext@2dc995f4'
2026-02-18T03:28:23.348+02:00 DEBUG 8552 --- [medical-crm] [main] o.s.b.f.s.DefaultListableBeanFactory     : Creating shared instance of singleton bean 'org.springframework.boot.autoconfigure.web.servlet.error.ErrorMvcAutoConfiguration$WhitelabelErrorViewConfiguration'
2026-02-18T03:28:23.350+02:00 DEBUG 8552 --- [medical-crm] [main] o.s.b.f.s.DefaultListableBeanFactory     : Creating shared instance of singleton bean 'error'
2026-02-18T03:28:23.350+02:00 DEBUG 8552 --- [medical-crm] [main] o.s.b.f.s.DefaultListableBeanFactory     : Creating shared instance of singleton bean 'beanNameViewResolver'
2026-02-18T03:28:23.352+02:00 DEBUG 8552 --- [medical-crm] [main] o.s.b.f.s.DefaultListableBeanFactory     : Creating shared instance of singleton bean 'org.springframework.boot.autoconfigure.web.servlet.error.ErrorMvcAutoConfiguration$DefaultErrorViewResolverConfiguration'
2026-02-18T03:28:23.352+02:00 DEBUG 8552 --- [medical-crm] [main] o.s.b.f.s.DefaultListableBeanFactory     : Autowiring by type from bean name 'org.springframework.boot.autoconfigure.web.servlet.error.ErrorMvcAutoConfiguration$DefaultErrorViewResolverConfiguration' via constructor to bean named 'org.springframework.boot.web.servlet.context.AnnotationConfigServletWebServerApplicationContext@2dc995f4'
2026-02-18T03:28:23.352+02:00 DEBUG 8552 --- [medical-crm] [main] o.s.b.f.s.DefaultListableBeanFactory     : Autowiring by type from bean name 'org.springframework.boot.autoconfigure.web.servlet.error.ErrorMvcAutoConfiguration$DefaultErrorViewResolverConfiguration' via constructor to bean named 'spring.web-org.springframework.boot.autoconfigure.web.WebProperties'
2026-02-18T03:28:23.352+02:00 DEBUG 8552 --- [medical-crm] [main] o.s.b.f.s.DefaultListableBeanFactory     : Creating shared instance of singleton bean 'conventionErrorViewResolver'
2026-02-18T03:28:23.353+02:00 DEBUG 8552 --- [medical-crm] [main] o.s.b.f.s.DefaultListableBeanFactory     : Creating shared instance of singleton bean 'errorAttributes'
2026-02-18T03:28:23.355+02:00 DEBUG 8552 --- [medical-crm] [main] o.s.b.f.s.DefaultListableBeanFactory     : Creating shared instance of singleton bean 'basicErrorController'
2026-02-18T03:28:23.355+02:00 DEBUG 8552 --- [medical-crm] [main] o.s.b.f.s.DefaultListableBeanFactory     : Autowiring by type from bean name 'basicErrorController' via factory method to bean named 'errorAttributes'
2026-02-18T03:28:23.357+02:00 DEBUG 8552 --- [medical-crm] [main] o.s.b.f.s.DefaultListableBeanFactory     : Creating shared instance of singleton bean 'localeResolver'
2026-02-18T03:28:23.360+02:00 DEBUG 8552 --- [medical-crm] [main] o.s.b.f.s.DefaultListableBeanFactory     : Creating shared instance of singleton bean 'themeResolver'
2026-02-18T03:28:23.361+02:00 DEBUG 8552 --- [medical-crm] [main] o.s.b.f.s.DefaultListableBeanFactory     : Creating shared instance of singleton bean 'flashMapManager'
2026-02-18T03:28:23.366+02:00 DEBUG 8552 --- [medical-crm] [main] o.s.b.f.s.DefaultListableBeanFactory     : Creating shared instance of singleton bean 'mvcValidator'
2026-02-18T03:28:23.370+02:00 DEBUG 8552 --- [medical-crm] [main] o.s.b.f.s.DefaultListableBeanFactory     : Creating shared instance of singleton bean 'mvcPatternParser'
2026-02-18T03:28:23.370+02:00 DEBUG 8552 --- [medical-crm] [main] o.s.b.f.s.DefaultListableBeanFactory     : Creating shared instance of singleton bean 'mvcUrlPathHelper'
2026-02-18T03:28:23.371+02:00 DEBUG 8552 --- [medical-crm] [main] o.s.b.f.s.DefaultListableBeanFactory     : Creating shared instance of singleton bean 'mvcPathMatcher'
2026-02-18T03:28:23.373+02:00 DEBUG 8552 --- [medical-crm] [main] o.s.b.f.s.DefaultListableBeanFactory     : Creating shared instance of singleton bean 'requestMappingHandlerAdapter'
2026-02-18T03:28:23.375+02:00 DEBUG 8552 --- [medical-crm] [main] o.s.b.f.s.DefaultListableBeanFactory     : Autowiring by type from bean name 'requestMappingHandlerAdapter' via factory method to bean named 'mvcContentNegotiationManager'
2026-02-18T03:28:23.375+02:00 DEBUG 8552 --- [medical-crm] [main] o.s.b.f.s.DefaultListableBeanFactory     : Autowiring by type from bean name 'requestMappingHandlerAdapter' via factory method to bean named 'mvcConversionService'
2026-02-18T03:28:23.375+02:00 DEBUG 8552 --- [medical-crm] [main] o.s.b.f.s.DefaultListableBeanFactory     : Autowiring by type from bean name 'requestMappingHandlerAdapter' via factory method to bean named 'mvcValidator'
2026-02-18T03:28:23.383+02:00 DEBUG 8552 --- [medical-crm] [main] o.s.b.f.s.DefaultListableBeanFactory     : Creating shared instance of singleton bean 'sortResolver'
2026-02-18T03:28:23.384+02:00 DEBUG 8552 --- [medical-crm] [main] o.s.b.f.s.DefaultListableBeanFactory     : Creating shared instance of singleton bean 'sortCustomizer'
2026-02-18T03:28:23.384+02:00 DEBUG 8552 --- [medical-crm] [main] o.s.b.f.s.DefaultListableBeanFactory     : Creating shared instance of singleton bean 'org.springframework.boot.autoconfigure.data.web.SpringDataWebAutoConfiguration'
2026-02-18T03:28:23.385+02:00 DEBUG 8552 --- [medical-crm] [main] o.s.b.f.s.DefaultListableBeanFactory     : Creating shared instance of singleton bean 'spring.data.web-org.springframework.boot.autoconfigure.data.web.SpringDataWebProperties'
2026-02-18T03:28:23.386+02:00 DEBUG 8552 --- [medical-crm] [main] o.s.b.f.s.DefaultListableBeanFactory     : Autowiring by type from bean name 'org.springframework.boot.autoconfigure.data.web.SpringDataWebAutoConfiguration' via constructor to bean named 'spring.data.web-org.springframework.boot.autoconfigure.data.web.SpringDataWebProperties'
2026-02-18T03:28:23.390+02:00 DEBUG 8552 --- [medical-crm] [main] o.s.b.f.s.DefaultListableBeanFactory     : Creating shared instance of singleton bean 'pageableResolver'
2026-02-18T03:28:23.392+02:00 DEBUG 8552 --- [medical-crm] [main] o.s.b.f.s.DefaultListableBeanFactory     : Creating shared instance of singleton bean 'pageableCustomizer'
2026-02-18T03:28:23.398+02:00 DEBUG 8552 --- [medical-crm] [main] o.s.b.f.s.DefaultListableBeanFactory     : Creating shared instance of singleton bean 'applicationTaskExecutor'
2026-02-18T03:28:23.399+02:00 DEBUG 8552 --- [medical-crm] [main] o.s.b.f.s.DefaultListableBeanFactory     : Autowiring by type from bean name 'applicationTaskExecutor' via factory method to bean named 'taskExecutorBuilder'
2026-02-18T03:28:23.404+02:00 DEBUG 8552 --- [medical-crm] [main] o.s.s.concurrent.ThreadPoolTaskExecutor  : Initializing ExecutorService 'applicationTaskExecutor'
2026-02-18T03:28:23.430+02:00 DEBUG 8552 --- [medical-crm] [main] s.w.s.m.m.a.RequestMappingHandlerAdapter : ControllerAdvice beans: 0 @ModelAttribute, 0 @InitBinder, 1 RequestBodyAdvice, 1 ResponseBodyAdvice
2026-02-18T03:28:23.470+02:00 DEBUG 8552 --- [medical-crm] [main] o.s.b.f.s.DefaultListableBeanFactory     : Creating shared instance of singleton bean 'handlerFunctionAdapter'
2026-02-18T03:28:23.472+02:00 DEBUG 8552 --- [medical-crm] [main] o.s.b.f.s.DefaultListableBeanFactory     : Creating shared instance of singleton bean 'mvcUriComponentsContributor'
2026-02-18T03:28:23.473+02:00 DEBUG 8552 --- [medical-crm] [main] o.s.b.f.s.DefaultListableBeanFactory     : Autowiring by type from bean name 'mvcUriComponentsContributor' via factory method to bean named 'mvcConversionService'
2026-02-18T03:28:23.473+02:00 DEBUG 8552 --- [medical-crm] [main] o.s.b.f.s.DefaultListableBeanFactory     : Autowiring by type from bean name 'mvcUriComponentsContributor' via factory method to bean named 'requestMappingHandlerAdapter'
2026-02-18T03:28:23.475+02:00 DEBUG 8552 --- [medical-crm] [main] o.s.b.f.s.DefaultListableBeanFactory     : Creating shared instance of singleton bean 'httpRequestHandlerAdapter'
2026-02-18T03:28:23.476+02:00 DEBUG 8552 --- [medical-crm] [main] o.s.b.f.s.DefaultListableBeanFactory     : Creating shared instance of singleton bean 'simpleControllerHandlerAdapter'
2026-02-18T03:28:23.477+02:00 DEBUG 8552 --- [medical-crm] [main] o.s.b.f.s.DefaultListableBeanFactory     : Creating shared instance of singleton bean 'handlerExceptionResolver'
2026-02-18T03:28:23.477+02:00 DEBUG 8552 --- [medical-crm] [main] o.s.b.f.s.DefaultListableBeanFactory     : Autowiring by type from bean name 'handlerExceptionResolver' via factory method to bean named 'mvcContentNegotiationManager'
2026-02-18T03:28:23.482+02:00 DEBUG 8552 --- [medical-crm] [main] .m.m.a.ExceptionHandlerExceptionResolver : ControllerAdvice beans: 1 @ExceptionHandler, 1 ResponseBodyAdvice
2026-02-18T03:28:23.486+02:00 DEBUG 8552 --- [medical-crm] [main] o.s.b.f.s.DefaultListableBeanFactory     : Creating shared instance of singleton bean 'mvcViewResolver'
2026-02-18T03:28:23.486+02:00 DEBUG 8552 --- [medical-crm] [main] o.s.b.f.s.DefaultListableBeanFactory     : Autowiring by type from bean name 'mvcViewResolver' via factory method to bean named 'mvcContentNegotiationManager'
2026-02-18T03:28:23.489+02:00 DEBUG 8552 --- [medical-crm] [main] o.s.b.f.s.DefaultListableBeanFactory     : Creating shared instance of singleton bean 'viewNameTranslator'
2026-02-18T03:28:23.490+02:00 DEBUG 8552 --- [medical-crm] [main] o.s.b.f.s.DefaultListableBeanFactory     : Creating shared instance of singleton bean 'defaultViewResolver'
2026-02-18T03:28:23.498+02:00 DEBUG 8552 --- [medical-crm] [main] o.s.b.f.s.DefaultListableBeanFactory     : Creating shared instance of singleton bean 'viewResolver'
2026-02-18T03:28:23.499+02:00 DEBUG 8552 --- [medical-crm] [main] o.s.b.f.s.DefaultListableBeanFactory     : Autowiring by type from bean name 'viewResolver' via factory method to bean named 'org.springframework.beans.factory.support.DefaultListableBeanFactory@14f5da2c'
2026-02-18T03:28:23.500+02:00 DEBUG 8552 --- [medical-crm] [main] o.s.b.f.s.DefaultListableBeanFactory     : Creating shared instance of singleton bean 'viewResolver'
2026-02-18T03:28:23.503+02:00 DEBUG 8552 --- [medical-crm] [main] o.s.b.f.s.DefaultListableBeanFactory     : Creating shared instance of singleton bean 'org.springframework.boot.autoconfigure.jmx.JmxAutoConfiguration'
2026-02-18T03:28:23.503+02:00 DEBUG 8552 --- [medical-crm] [main] o.s.b.f.s.DefaultListableBeanFactory     : Creating shared instance of singleton bean 'spring.jmx-org.springframework.boot.autoconfigure.jmx.JmxProperties'
2026-02-18T03:28:23.506+02:00 DEBUG 8552 --- [medical-crm] [main] o.s.b.f.s.DefaultListableBeanFactory     : Autowiring by type from bean name 'org.springframework.boot.autoconfigure.jmx.JmxAutoConfiguration' via constructor to bean named 'spring.jmx-org.springframework.boot.autoconfigure.jmx.JmxProperties'
2026-02-18T03:28:23.506+02:00 DEBUG 8552 --- [medical-crm] [main] o.s.b.f.s.DefaultListableBeanFactory     : Creating shared instance of singleton bean 'mbeanExporter'
2026-02-18T03:28:23.507+02:00 DEBUG 8552 --- [medical-crm] [main] o.s.b.f.s.DefaultListableBeanFactory     : Creating shared instance of singleton bean 'objectNamingStrategy'
2026-02-18T03:28:23.510+02:00 DEBUG 8552 --- [medical-crm] [main] o.s.b.f.s.DefaultListableBeanFactory     : Autowiring by type from bean name 'mbeanExporter' via factory method to bean named 'objectNamingStrategy'
2026-02-18T03:28:23.510+02:00 DEBUG 8552 --- [medical-crm] [main] o.s.b.f.s.DefaultListableBeanFactory     : Autowiring by type from bean name 'mbeanExporter' via factory method to bean named 'org.springframework.beans.factory.support.DefaultListableBeanFactory@14f5da2c'
2026-02-18T03:28:23.515+02:00 DEBUG 8552 --- [medical-crm] [main] o.s.b.f.s.DefaultListableBeanFactory     : Creating shared instance of singleton bean 'mbeanServer'
2026-02-18T03:28:23.517+02:00 DEBUG 8552 --- [medical-crm] [main] o.springframework.jmx.support.JmxUtils   : Found MBeanServer: com.sun.jmx.mbeanserver.JmxMBeanServer@67117f44
2026-02-18T03:28:23.528+02:00 DEBUG 8552 --- [medical-crm] [main] o.s.b.f.s.DefaultListableBeanFactory     : Creating shared instance of singleton bean 'org.springframework.boot.autoconfigure.admin.SpringApplicationAdminJmxAutoConfiguration'
2026-02-18T03:28:23.529+02:00 DEBUG 8552 --- [medical-crm] [main] o.s.b.f.s.DefaultListableBeanFactory     : Creating shared instance of singleton bean 'springApplicationAdminRegistrar'
2026-02-18T03:28:23.529+02:00 DEBUG 8552 --- [medical-crm] [main] o.s.b.f.s.DefaultListableBeanFactory     : Autowiring by type from bean name 'springApplicationAdminRegistrar' via factory method to bean named 'environment'
2026-02-18T03:28:23.531+02:00 DEBUG 8552 --- [medical-crm] [main] inMXBeanRegistrar$SpringApplicationAdmin : Application Admin MBean registered with name 'org.springframework.boot:type=Admin,name=SpringApplication'
2026-02-18T03:28:23.535+02:00 DEBUG 8552 --- [medical-crm] [main] o.s.b.f.s.DefaultListableBeanFactory     : Creating shared instance of singleton bean 'org.springframework.boot.autoconfigure.aop.AopAutoConfiguration$AspectJAutoProxyingConfiguration$CglibAutoProxyConfiguration'
2026-02-18T03:28:23.537+02:00 DEBUG 8552 --- [medical-crm] [main] o.s.b.f.s.DefaultListableBeanFactory     : Creating shared instance of singleton bean 'org.springframework.boot.autoconfigure.aop.AopAutoConfiguration$AspectJAutoProxyingConfiguration'
2026-02-18T03:28:23.538+02:00 DEBUG 8552 --- [medical-crm] [main] o.s.b.f.s.DefaultListableBeanFactory     : Creating shared instance of singleton bean 'org.springframework.boot.autoconfigure.aop.AopAutoConfiguration'
2026-02-18T03:28:23.539+02:00 DEBUG 8552 --- [medical-crm] [main] o.s.b.f.s.DefaultListableBeanFactory     : Creating shared instance of singleton bean 'org.springframework.boot.autoconfigure.availability.ApplicationAvailabilityAutoConfiguration'
2026-02-18T03:28:23.540+02:00 DEBUG 8552 --- [medical-crm] [main] o.s.b.f.s.DefaultListableBeanFactory     : Creating shared instance of singleton bean 'applicationAvailability'
2026-02-18T03:28:23.543+02:00 DEBUG 8552 --- [medical-crm] [main] o.s.b.f.s.DefaultListableBeanFactory     : Creating shared instance of singleton bean 'org.springframework.boot.autoconfigure.transaction.jta.JtaAutoConfiguration'
2026-02-18T03:28:23.544+02:00 DEBUG 8552 --- [medical-crm] [main] o.s.b.f.s.DefaultListableBeanFactory     : Creating shared instance of singleton bean 'org.springframework.boot.autoconfigure.jdbc.DataSourceJmxConfiguration$Hikari'
2026-02-18T03:28:23.544+02:00 DEBUG 8552 --- [medical-crm] [main] o.s.b.f.s.DefaultListableBeanFactory     : Autowiring by type from bean name 'org.springframework.boot.autoconfigure.jdbc.DataSourceJmxConfiguration$Hikari' via constructor to bean named 'dataSource'
2026-02-18T03:28:23.545+02:00 DEBUG 8552 --- [medical-crm] [main] o.s.b.f.s.DefaultListableBeanFactory     : Creating shared instance of singleton bean 'org.springframework.boot.autoconfigure.jdbc.DataSourceJmxConfiguration'
2026-02-18T03:28:23.545+02:00 DEBUG 8552 --- [medical-crm] [main] o.s.b.f.s.DefaultListableBeanFactory     : Creating shared instance of singleton bean 'org.springframework.boot.autoconfigure.jdbc.metadata.DataSourcePoolMetadataProvidersConfiguration'
2026-02-18T03:28:23.546+02:00 DEBUG 8552 --- [medical-crm] [main] o.s.b.f.s.DefaultListableBeanFactory     : Creating shared instance of singleton bean 'org.springframework.boot.autoconfigure.jdbc.DataSourceAutoConfiguration'
2026-02-18T03:28:23.547+02:00 DEBUG 8552 --- [medical-crm] [main] o.s.b.f.s.DefaultListableBeanFactory     : Creating shared instance of singleton bean 'org.springframework.boot.autoconfigure.transaction.TransactionManagerCustomizationAutoConfiguration'
2026-02-18T03:28:23.548+02:00 DEBUG 8552 --- [medical-crm] [main] o.s.b.f.s.DefaultListableBeanFactory     : Creating shared instance of singleton bean 'platformTransactionManagerCustomizers'
2026-02-18T03:28:23.548+02:00 DEBUG 8552 --- [medical-crm] [main] o.s.b.f.s.DefaultListableBeanFactory     : Creating shared instance of singleton bean 'transactionExecutionListeners'
2026-02-18T03:28:23.550+02:00 DEBUG 8552 --- [medical-crm] [main] o.s.b.f.s.DefaultListableBeanFactory     : Creating shared instance of singleton bean 'spring.transaction-org.springframework.boot.autoconfigure.transaction.TransactionProperties'
2026-02-18T03:28:23.555+02:00 DEBUG 8552 --- [medical-crm] [main] o.s.b.f.s.DefaultListableBeanFactory     : Creating shared instance of singleton bean 'org.springframework.boot.autoconfigure.orm.jpa.JpaBaseConfiguration$PersistenceManagedTypesConfiguration'
2026-02-18T03:28:23.556+02:00 DEBUG 8552 --- [medical-crm] [main] o.s.b.f.s.DefaultListableBeanFactory     : Creating shared instance of singleton bean 'transactionManager'
2026-02-18T03:28:23.569+02:00 DEBUG 8552 --- [medical-crm] [main] o.s.b.f.s.DefaultListableBeanFactory     : Creating shared instance of singleton bean 'org.springframework.boot.autoconfigure.orm.jpa.HibernateJpaAutoConfiguration'
2026-02-18T03:28:23.571+02:00 DEBUG 8552 --- [medical-crm] [main] o.s.b.f.s.DefaultListableBeanFactory     : Creating shared instance of singleton bean 'org.springframework.boot.autoconfigure.context.ConfigurationPropertiesAutoConfiguration'
2026-02-18T03:28:23.572+02:00 DEBUG 8552 --- [medical-crm] [main] o.s.b.f.s.DefaultListableBeanFactory     : Creating shared instance of singleton bean 'org.springframework.boot.autoconfigure.context.LifecycleAutoConfiguration'
2026-02-18T03:28:23.572+02:00 DEBUG 8552 --- [medical-crm] [main] o.s.b.f.s.DefaultListableBeanFactory     : Creating shared instance of singleton bean 'lifecycleProcessor'
2026-02-18T03:28:23.573+02:00 DEBUG 8552 --- [medical-crm] [main] o.s.b.f.s.DefaultListableBeanFactory     : Creating shared instance of singleton bean 'spring.lifecycle-org.springframework.boot.autoconfigure.context.LifecycleProperties'
2026-02-18T03:28:23.574+02:00 DEBUG 8552 --- [medical-crm] [main] o.s.b.f.s.DefaultListableBeanFactory     : Autowiring by type from bean name 'lifecycleProcessor' via factory method to bean named 'spring.lifecycle-org.springframework.boot.autoconfigure.context.LifecycleProperties'
2026-02-18T03:28:23.576+02:00 DEBUG 8552 --- [medical-crm] [main] o.s.b.f.s.DefaultListableBeanFactory     : Creating shared instance of singleton bean 'org.springframework.boot.autoconfigure.dao.PersistenceExceptionTranslationAutoConfiguration'
2026-02-18T03:28:23.577+02:00 DEBUG 8552 --- [medical-crm] [main] o.s.b.f.s.DefaultListableBeanFactory     : Creating shared instance of singleton bean 'org.springframework.boot.autoconfigure.data.jpa.JpaRepositoriesAutoConfiguration'
2026-02-18T03:28:23.578+02:00 DEBUG 8552 --- [medical-crm] [main] o.s.b.f.s.DefaultListableBeanFactory     : Creating shared instance of singleton bean 'org.springframework.data.jpa.util.JpaMetamodelCacheCleanup'
2026-02-18T03:28:23.579+02:00 DEBUG 8552 --- [medical-crm] [main] o.s.b.f.s.DefaultListableBeanFactory     : Creating shared instance of singleton bean 'org.springframework.data.jpa.repository.support.JpaEvaluationContextExtension'
2026-02-18T03:28:23.580+02:00 DEBUG 8552 --- [medical-crm] [main] o.s.b.f.s.DefaultListableBeanFactory     : Creating shared instance of singleton bean 'data-jpa.repository-aot-processor#0'
2026-02-18T03:28:23.585+02:00 DEBUG 8552 --- [medical-crm] [main] o.s.b.f.s.DefaultListableBeanFactory     : Creating shared instance of singleton bean 'org.springframework.boot.autoconfigure.http.JacksonHttpMessageConvertersConfiguration'
2026-02-18T03:28:23.586+02:00 DEBUG 8552 --- [medical-crm] [main] o.s.b.f.s.DefaultListableBeanFactory     : Creating shared instance of singleton bean 'org.springframework.data.web.config.ProjectingArgumentResolverRegistrar'
2026-02-18T03:28:23.587+02:00 DEBUG 8552 --- [medical-crm] [main] o.s.b.f.s.DefaultListableBeanFactory     : Creating shared instance of singleton bean 'offsetResolver'
2026-02-18T03:28:23.589+02:00 DEBUG 8552 --- [medical-crm] [main] o.s.b.f.s.DefaultListableBeanFactory     : Creating shared instance of singleton bean 'org.springframework.boot.autoconfigure.info.ProjectInfoAutoConfiguration'
2026-02-18T03:28:23.591+02:00 DEBUG 8552 --- [medical-crm] [main] o.s.b.f.s.DefaultListableBeanFactory     : Creating shared instance of singleton bean 'spring.info-org.springframework.boot.autoconfigure.info.ProjectInfoProperties'
2026-02-18T03:28:23.592+02:00 DEBUG 8552 --- [medical-crm] [main] o.s.b.f.s.DefaultListableBeanFactory     : Autowiring by type from bean name 'org.springframework.boot.autoconfigure.info.ProjectInfoAutoConfiguration' via constructor to bean named 'spring.info-org.springframework.boot.autoconfigure.info.ProjectInfoProperties'
2026-02-18T03:28:23.593+02:00 DEBUG 8552 --- [medical-crm] [main] o.s.b.f.s.DefaultListableBeanFactory     : Creating shared instance of singleton bean 'org.springframework.boot.autoconfigure.jdbc.JdbcTemplateConfiguration'
2026-02-18T03:28:23.593+02:00 DEBUG 8552 --- [medical-crm] [main] o.s.b.f.s.DefaultListableBeanFactory     : Creating shared instance of singleton bean 'jdbcTemplate'
2026-02-18T03:28:23.594+02:00 DEBUG 8552 --- [medical-crm] [main] o.s.b.f.s.DefaultListableBeanFactory     : Creating shared instance of singleton bean 'spring.jdbc-org.springframework.boot.autoconfigure.jdbc.JdbcProperties'
2026-02-18T03:28:23.595+02:00 DEBUG 8552 --- [medical-crm] [main] o.s.b.f.s.DefaultListableBeanFactory     : Autowiring by type from bean name 'jdbcTemplate' via factory method to bean named 'dataSource'
2026-02-18T03:28:23.595+02:00 DEBUG 8552 --- [medical-crm] [main] o.s.b.f.s.DefaultListableBeanFactory     : Autowiring by type from bean name 'jdbcTemplate' via factory method to bean named 'spring.jdbc-org.springframework.boot.autoconfigure.jdbc.JdbcProperties'
2026-02-18T03:28:23.608+02:00 DEBUG 8552 --- [medical-crm] [main] o.s.b.f.s.DefaultListableBeanFactory     : Creating shared instance of singleton bean 'org.springframework.boot.autoconfigure.jdbc.NamedParameterJdbcTemplateConfiguration'
2026-02-18T03:28:23.608+02:00 DEBUG 8552 --- [medical-crm] [main] o.s.b.f.s.DefaultListableBeanFactory     : Creating shared instance of singleton bean 'namedParameterJdbcTemplate'
2026-02-18T03:28:23.609+02:00 DEBUG 8552 --- [medical-crm] [main] o.s.b.f.s.DefaultListableBeanFactory     : Autowiring by type from bean name 'namedParameterJdbcTemplate' via factory method to bean named 'jdbcTemplate'
2026-02-18T03:28:23.616+02:00 DEBUG 8552 --- [medical-crm] [main] o.s.b.f.s.DefaultListableBeanFactory     : Creating shared instance of singleton bean 'org.springframework.boot.autoconfigure.jdbc.JdbcTemplateAutoConfiguration'
2026-02-18T03:28:23.616+02:00 DEBUG 8552 --- [medical-crm] [main] o.s.b.f.s.DefaultListableBeanFactory     : Creating shared instance of singleton bean 'org.springframework.boot.autoconfigure.jdbc.JdbcClientAutoConfiguration'
2026-02-18T03:28:23.617+02:00 DEBUG 8552 --- [medical-crm] [main] o.s.b.f.s.DefaultListableBeanFactory     : Creating shared instance of singleton bean 'jdbcClient'
2026-02-18T03:28:23.618+02:00 DEBUG 8552 --- [medical-crm] [main] o.s.b.f.s.DefaultListableBeanFactory     : Autowiring by type from bean name 'jdbcClient' via factory method to bean named 'namedParameterJdbcTemplate'
2026-02-18T03:28:23.620+02:00 DEBUG 8552 --- [medical-crm] [main] o.s.b.f.s.DefaultListableBeanFactory     : Creating shared instance of singleton bean 'org.springframework.security.config.annotation.web.configuration.WebSecurityConfiguration'
2026-02-18T03:28:23.627+02:00 DEBUG 8552 --- [medical-crm] [main] o.s.b.f.s.DefaultListableBeanFactory     : Creating shared instance of singleton bean 'mvcHandlerMappingIntrospectorRequestTransformer'
2026-02-18T03:28:23.634+02:00 DEBUG 8552 --- [medical-crm] [main] o.s.b.f.s.DefaultListableBeanFactory     : Creating shared instance of singleton bean 'delegatingApplicationListener'
2026-02-18T03:28:23.635+02:00 DEBUG 8552 --- [medical-crm] [main] o.s.b.f.s.DefaultListableBeanFactory     : Creating shared instance of singleton bean 'springSecurityFilterChain'
2026-02-18T03:28:23.655+02:00 DEBUG 8552 --- [medical-crm] [main] o.s.b.f.s.DefaultListableBeanFactory     : Creating shared instance of singleton bean 'webSecurityExpressionHandler'
2026-02-18T03:28:23.656+02:00 DEBUG 8552 --- [medical-crm] [main] o.s.b.f.s.DefaultListableBeanFactory     : Creating shared instance of singleton bean 'privilegeEvaluator'
2026-02-18T03:28:23.656+02:00 DEBUG 8552 --- [medical-crm] [main] o.s.b.f.s.DefaultListableBeanFactory     : Creating shared instance of singleton bean 'requestDataValueProcessor'
2026-02-18T03:28:23.657+02:00 DEBUG 8552 --- [medical-crm] [main] o.s.b.f.s.DefaultListableBeanFactory     : Creating shared instance of singleton bean 'org.springframework.boot.autoconfigure.security.servlet.SpringBootWebSecurityConfiguration'
2026-02-18T03:28:23.658+02:00 DEBUG 8552 --- [medical-crm] [main] o.s.b.f.s.DefaultListableBeanFactory     : Creating shared instance of singleton bean 'org.springframework.boot.autoconfigure.sql.init.SqlInitializationAutoConfiguration'
2026-02-18T03:28:23.659+02:00 DEBUG 8552 --- [medical-crm] [main] o.s.b.f.s.DefaultListableBeanFactory     : Creating shared instance of singleton bean 'org.springframework.boot.autoconfigure.task.TaskSchedulingConfigurations$ThreadPoolTaskSchedulerBuilderConfiguration'
2026-02-18T03:28:23.659+02:00 DEBUG 8552 --- [medical-crm] [main] o.s.b.f.s.DefaultListableBeanFactory     : Creating shared instance of singleton bean 'threadPoolTaskSchedulerBuilder'
2026-02-18T03:28:23.660+02:00 DEBUG 8552 --- [medical-crm] [main] o.s.b.f.s.DefaultListableBeanFactory     : Creating shared instance of singleton bean 'spring.task.scheduling-org.springframework.boot.autoconfigure.task.TaskSchedulingProperties'
2026-02-18T03:28:23.661+02:00 DEBUG 8552 --- [medical-crm] [main] o.s.b.f.s.DefaultListableBeanFactory     : Autowiring by type from bean name 'threadPoolTaskSchedulerBuilder' via factory method to bean named 'spring.task.scheduling-org.springframework.boot.autoconfigure.task.TaskSchedulingProperties'
2026-02-18T03:28:23.664+02:00 DEBUG 8552 --- [medical-crm] [main] o.s.b.f.s.DefaultListableBeanFactory     : Creating shared instance of singleton bean 'org.springframework.boot.autoconfigure.task.TaskSchedulingConfigurations$TaskSchedulerBuilderConfiguration'
2026-02-18T03:28:23.665+02:00 DEBUG 8552 --- [medical-crm] [main] o.s.b.f.s.DefaultListableBeanFactory     : Creating shared instance of singleton bean 'taskSchedulerBuilder'
2026-02-18T03:28:23.665+02:00 DEBUG 8552 --- [medical-crm] [main] o.s.b.f.s.DefaultListableBeanFactory     : Autowiring by type from bean name 'taskSchedulerBuilder' via factory method to bean named 'spring.task.scheduling-org.springframework.boot.autoconfigure.task.TaskSchedulingProperties'
2026-02-18T03:28:23.667+02:00 DEBUG 8552 --- [medical-crm] [main] o.s.b.f.s.DefaultListableBeanFactory     : Creating shared instance of singleton bean 'org.springframework.boot.autoconfigure.task.TaskSchedulingConfigurations$SimpleAsyncTaskSchedulerBuilderConfiguration'
2026-02-18T03:28:23.668+02:00 DEBUG 8552 --- [medical-crm] [main] o.s.b.f.s.DefaultListableBeanFactory     : Autowiring by type from bean name 'org.springframework.boot.autoconfigure.task.TaskSchedulingConfigurations$SimpleAsyncTaskSchedulerBuilderConfiguration' via constructor to bean named 'spring.task.scheduling-org.springframework.boot.autoconfigure.task.TaskSchedulingProperties'
2026-02-18T03:28:23.669+02:00 DEBUG 8552 --- [medical-crm] [main] o.s.b.f.s.DefaultListableBeanFactory     : Creating shared instance of singleton bean 'simpleAsyncTaskSchedulerBuilder'
2026-02-18T03:28:23.671+02:00 DEBUG 8552 --- [medical-crm] [main] o.s.b.f.s.DefaultListableBeanFactory     : Creating shared instance of singleton bean 'org.springframework.boot.autoconfigure.task.TaskSchedulingAutoConfiguration'
2026-02-18T03:28:23.672+02:00 DEBUG 8552 --- [medical-crm] [main] o.s.b.f.s.DefaultListableBeanFactory     : Creating shared instance of singleton bean 'org.springframework.boot.autoconfigure.jdbc.DataSourceTransactionManagerAutoConfiguration$JdbcTransactionManagerConfiguration'
2026-02-18T03:28:23.674+02:00 DEBUG 8552 --- [medical-crm] [main] o.s.b.f.s.DefaultListableBeanFactory     : Creating shared instance of singleton bean 'org.springframework.boot.autoconfigure.jdbc.DataSourceTransactionManagerAutoConfiguration'
2026-02-18T03:28:23.674+02:00 DEBUG 8552 --- [medical-crm] [main] o.s.b.f.s.DefaultListableBeanFactory     : Creating shared instance of singleton bean 'org.springframework.boot.autoconfigure.transaction.TransactionAutoConfiguration$EnableTransactionManagementConfiguration$CglibAutoProxyConfiguration'
2026-02-18T03:28:23.675+02:00 DEBUG 8552 --- [medical-crm] [main] o.s.b.f.s.DefaultListableBeanFactory     : Creating shared instance of singleton bean 'org.springframework.boot.autoconfigure.transaction.TransactionAutoConfiguration$EnableTransactionManagementConfiguration'
2026-02-18T03:28:23.675+02:00 DEBUG 8552 --- [medical-crm] [main] o.s.b.f.s.DefaultListableBeanFactory     : Creating shared instance of singleton bean 'org.springframework.boot.autoconfigure.transaction.TransactionAutoConfiguration$TransactionTemplateConfiguration'
2026-02-18T03:28:23.676+02:00 DEBUG 8552 --- [medical-crm] [main] o.s.b.f.s.DefaultListableBeanFactory     : Creating shared instance of singleton bean 'transactionTemplate'
2026-02-18T03:28:23.676+02:00 DEBUG 8552 --- [medical-crm] [main] o.s.b.f.s.DefaultListableBeanFactory     : Autowiring by type from bean name 'transactionTemplate' via factory method to bean named 'transactionManager'
2026-02-18T03:28:23.679+02:00 DEBUG 8552 --- [medical-crm] [main] o.s.b.f.s.DefaultListableBeanFactory     : Creating shared instance of singleton bean 'org.springframework.boot.autoconfigure.transaction.TransactionAutoConfiguration'
2026-02-18T03:28:23.680+02:00 DEBUG 8552 --- [medical-crm] [main] o.s.b.f.s.DefaultListableBeanFactory     : Creating shared instance of singleton bean 'org.springframework.boot.autoconfigure.web.client.RestClientAutoConfiguration'
2026-02-18T03:28:23.681+02:00 DEBUG 8552 --- [medical-crm] [main] o.s.b.f.s.DefaultListableBeanFactory     : Creating shared instance of singleton bean 'httpMessageConvertersRestClientCustomizer'
2026-02-18T03:28:23.681+02:00 DEBUG 8552 --- [medical-crm] [main] o.s.b.f.s.DefaultListableBeanFactory     : Creating shared instance of singleton bean 'restClientSsl'
2026-02-18T03:28:23.682+02:00 DEBUG 8552 --- [medical-crm] [main] o.s.b.f.s.DefaultListableBeanFactory     : Autowiring by type from bean name 'restClientSsl' via factory method to bean named 'sslBundleRegistry'
2026-02-18T03:28:23.683+02:00 DEBUG 8552 --- [medical-crm] [main] o.s.b.f.s.DefaultListableBeanFactory     : Creating shared instance of singleton bean 'restClientBuilderConfigurer'
2026-02-18T03:28:23.683+02:00 DEBUG 8552 --- [medical-crm] [main] o.s.b.f.s.DefaultListableBeanFactory     : Creating shared instance of singleton bean 'org.springframework.boot.autoconfigure.web.client.RestTemplateAutoConfiguration'
2026-02-18T03:28:23.684+02:00 DEBUG 8552 --- [medical-crm] [main] o.s.b.f.s.DefaultListableBeanFactory     : Creating shared instance of singleton bean 'org.springframework.boot.autoconfigure.web.embedded.EmbeddedWebServerFactoryCustomizerAutoConfiguration'
2026-02-18T03:28:23.684+02:00 DEBUG 8552 --- [medical-crm] [main] o.s.b.f.s.DefaultListableBeanFactory     : Creating shared instance of singleton bean 'multipartResolver'
2026-02-18T03:28:23.698+02:00 DEBUG 8552 --- [medical-crm] [main] o.s.j.e.a.AnnotationMBeanExporter        : Registering beans for JMX exposure on startup
2026-02-18T03:28:23.699+02:00 DEBUG 8552 --- [medical-crm] [main] o.s.j.e.a.AnnotationMBeanExporter        : Auto-detecting user-defined JMX MBeans
2026-02-18T03:28:23.701+02:00 DEBUG 8552 --- [medical-crm] [main] o.s.j.e.a.AnnotationMBeanExporter        : Bean with name 'dataSource' has been autodetected for JMX exposure
2026-02-18T03:28:23.707+02:00 DEBUG 8552 --- [medical-crm] [main] o.s.j.e.a.AnnotationMBeanExporter        : Located MBean 'dataSource': registering with JMX server as MBean [com.zaxxer.hikari:name=dataSource,type=HikariDataSource]
2026-02-18T03:28:23.712+02:00 DEBUG 8552 --- [medical-crm] [main] o.s.c.support.DefaultLifecycleProcessor  : Starting beans in phase -2147483647
2026-02-18T03:28:23.712+02:00 DEBUG 8552 --- [medical-crm] [main] o.s.c.support.DefaultLifecycleProcessor  : Successfully started bean 'springBootLoggingLifecycle'
2026-02-18T03:28:23.712+02:00 DEBUG 8552 --- [medical-crm] [main] o.s.c.support.DefaultLifecycleProcessor  : Starting beans in phase 2147481599
2026-02-18T03:28:23.733+02:00  INFO 8552 --- [medical-crm] [main] o.s.b.w.embedded.tomcat.TomcatWebServer  : Tomcat started on port 8080 (http) with context path ''
2026-02-18T03:28:23.734+02:00 DEBUG 8552 --- [medical-crm] [main] o.s.c.support.DefaultLifecycleProcessor  : Successfully started bean 'webServerStartStop'
2026-02-18T03:28:23.734+02:00 DEBUG 8552 --- [medical-crm] [main] o.s.c.support.DefaultLifecycleProcessor  : Starting beans in phase 2147482623
2026-02-18T03:28:23.734+02:00 DEBUG 8552 --- [medical-crm] [main] o.s.c.support.DefaultLifecycleProcessor  : Successfully started bean 'webServerGracefulShutdown'
2026-02-18T03:28:23.734+02:00 DEBUG 8552 --- [medical-crm] [main] o.s.c.support.DefaultLifecycleProcessor  : Starting beans in phase 2147483647
2026-02-18T03:28:23.752+02:00 DEBUG 8552 --- [medical-crm] [main] .s.b.a.l.ConditionEvaluationReportLogger : 


============================
CONDITIONS EVALUATION REPORT
============================


Positive matches:
-----------------

   AopAutoConfiguration matched:
      - @ConditionalOnProperty (spring.aop.auto=true) matched (OnPropertyCondition)

   AopAutoConfiguration.AspectJAutoProxyingConfiguration matched:
      - @ConditionalOnClass found required class 'org.aspectj.weaver.Advice' (OnClassCondition)

   AopAutoConfiguration.AspectJAutoProxyingConfiguration.CglibAutoProxyConfiguration matched:
      - @ConditionalOnProperty (spring.aop.proxy-target-class=true) matched (OnPropertyCondition)

   ApplicationAvailabilityAutoConfiguration#applicationAvailability matched:
      - @ConditionalOnMissingBean (types: org.springframework.boot.availability.ApplicationAvailability; SearchStrategy: all) did not find any beans (OnBeanCondition)

   DataSourceAutoConfiguration matched:
      - @ConditionalOnClass found required classes 'javax.sql.DataSource', 'org.springframework.jdbc.datasource.embedded.EmbeddedDatabaseType' (OnClassCondition)
      - @ConditionalOnMissingBean (types: io.r2dbc.spi.ConnectionFactory; SearchStrategy: all) did not find any beans (OnBeanCondition)

   DataSourceAutoConfiguration.PooledDataSourceConfiguration matched:
      - AnyNestedCondition 1 matched 1 did not; NestedCondition on DataSourceAutoConfiguration.PooledDataSourceCondition.PooledDataSourceAvailable PooledDataSource found supported DataSource; NestedCondition on DataSourceAutoConfiguration.PooledDataSourceCondition.ExplicitType @ConditionalOnProperty (spring.datasource.type) did not find property 'type' (DataSourceAutoConfiguration.PooledDataSourceCondition)
      - @ConditionalOnMissingBean (types: javax.sql.DataSource,javax.sql.XADataSource; SearchStrategy: all) did not find any beans (OnBeanCondition)

   DataSourceAutoConfiguration.PooledDataSourceConfiguration#jdbcConnectionDetails matched:
      - @ConditionalOnMissingBean (types: org.springframework.boot.autoconfigure.jdbc.JdbcConnectionDetails; SearchStrategy: all) did not find any beans (OnBeanCondition)

   DataSourceConfiguration.Hikari matched:
      - @ConditionalOnClass found required class 'com.zaxxer.hikari.HikariDataSource' (OnClassCondition)
      - @ConditionalOnProperty (spring.datasource.type=com.zaxxer.hikari.HikariDataSource) matched (OnPropertyCondition)
      - @ConditionalOnMissingBean (types: javax.sql.DataSource; SearchStrategy: all) did not find any beans (OnBeanCondition)

   DataSourceInitializationConfiguration matched:
      - @ConditionalOnClass found required class 'org.springframework.jdbc.datasource.init.DatabasePopulator' (OnClassCondition)
      - @ConditionalOnSingleCandidate (types: javax.sql.DataSource; SearchStrategy: all) found a single bean 'dataSource'; @ConditionalOnMissingBean (types: org.springframework.boot.autoconfigure.sql.init.SqlDataSourceScriptDatabaseInitializer,org.springframework.boot.autoconfigure.sql.init.SqlR2dbcScriptDatabaseInitializer; SearchStrategy: all) did not find any beans (OnBeanCondition)

   DataSourceJmxConfiguration matched:
      - @ConditionalOnProperty (spring.jmx.enabled=true) matched (OnPropertyCondition)

   DataSourceJmxConfiguration.Hikari matched:
      - @ConditionalOnClass found required class 'com.zaxxer.hikari.HikariDataSource' (OnClassCondition)
      - @ConditionalOnSingleCandidate (types: javax.sql.DataSource; SearchStrategy: all) found a single bean 'dataSource' (OnBeanCondition)

   DataSourcePoolMetadataProvidersConfiguration.HikariPoolDataSourceMetadataProviderConfiguration matched:
      - @ConditionalOnClass found required class 'com.zaxxer.hikari.HikariDataSource' (OnClassCondition)

   DataSourceTransactionManagerAutoConfiguration matched:
      - @ConditionalOnClass found required classes 'org.springframework.jdbc.core.JdbcTemplate', 'org.springframework.transaction.TransactionManager' (OnClassCondition)

   DataSourceTransactionManagerAutoConfiguration.JdbcTransactionManagerConfiguration matched:
      - @ConditionalOnSingleCandidate (types: javax.sql.DataSource; SearchStrategy: all) found a single bean 'dataSource' (OnBeanCondition)

   DispatcherServletAutoConfiguration matched:
      - @ConditionalOnClass found required class 'org.springframework.web.servlet.DispatcherServlet' (OnClassCondition)
      - found 'session' scope (OnWebApplicationCondition)

   DispatcherServletAutoConfiguration.DispatcherServletConfiguration matched:
      - @ConditionalOnClass found required class 'jakarta.servlet.ServletRegistration' (OnClassCondition)
      - Default DispatcherServlet did not find dispatcher servlet beans (DispatcherServletAutoConfiguration.DefaultDispatcherServletCondition)

   DispatcherServletAutoConfiguration.DispatcherServletRegistrationConfiguration matched:
      - @ConditionalOnClass found required class 'jakarta.servlet.ServletRegistration' (OnClassCondition)
      - DispatcherServlet Registration did not find servlet registration bean (DispatcherServletAutoConfiguration.DispatcherServletRegistrationCondition)

   DispatcherServletAutoConfiguration.DispatcherServletRegistrationConfiguration#dispatcherServletRegistration matched:
      - @ConditionalOnBean (names: dispatcherServlet types: org.springframework.web.servlet.DispatcherServlet; SearchStrategy: all) found bean 'dispatcherServlet' (OnBeanCondition)

   EmbeddedWebServerFactoryCustomizerAutoConfiguration matched:
      - @ConditionalOnWebApplication (required) found 'session' scope (OnWebApplicationCondition)
      - @ConditionalOnWarDeployment the application is not deployed as a WAR file. (OnWarDeploymentCondition)

   EmbeddedWebServerFactoryCustomizerAutoConfiguration.TomcatWebServerFactoryCustomizerConfiguration matched:
      - @ConditionalOnClass found required classes 'org.apache.catalina.startup.Tomcat', 'org.apache.coyote.UpgradeProtocol' (OnClassCondition)

   ErrorMvcAutoConfiguration matched:
      - @ConditionalOnClass found required classes 'jakarta.servlet.Servlet', 'org.springframework.web.servlet.DispatcherServlet' (OnClassCondition)
      - found 'session' scope (OnWebApplicationCondition)

   ErrorMvcAutoConfiguration#basicErrorController matched:
      - @ConditionalOnMissingBean (types: org.springframework.boot.web.servlet.error.ErrorController; SearchStrategy: current) did not find any beans (OnBeanCondition)

   ErrorMvcAutoConfiguration#errorAttributes matched:
      - @ConditionalOnMissingBean (types: org.springframework.boot.web.servlet.error.ErrorAttributes; SearchStrategy: current) did not find any beans (OnBeanCondition)

   ErrorMvcAutoConfiguration.DefaultErrorViewResolverConfiguration#conventionErrorViewResolver matched:
      - @ConditionalOnBean (types: org.springframework.web.servlet.DispatcherServlet; SearchStrategy: all) found bean 'dispatcherServlet'; @ConditionalOnMissingBean (types: org.springframework.boot.autoconfigure.web.servlet.error.ErrorViewResolver; SearchStrategy: all) did not find any beans (OnBeanCondition)

   ErrorMvcAutoConfiguration.WhitelabelErrorViewConfiguration matched:
      - @ConditionalOnProperty (server.error.whitelabel.enabled) matched (OnPropertyCondition)
      - ErrorTemplate Missing did not find error template view (ErrorMvcAutoConfiguration.ErrorTemplateMissingCondition)

   ErrorMvcAutoConfiguration.WhitelabelErrorViewConfiguration#beanNameViewResolver matched:
      - @ConditionalOnMissingBean (types: org.springframework.web.servlet.view.BeanNameViewResolver; SearchStrategy: all) did not find any beans (OnBeanCondition)

   ErrorMvcAutoConfiguration.WhitelabelErrorViewConfiguration#defaultErrorView matched:
      - @ConditionalOnMissingBean (names: error; SearchStrategy: all) did not find any beans (OnBeanCondition)

   GenericCacheConfiguration matched:
      - Cache org.springframework.boot.autoconfigure.cache.GenericCacheConfiguration automatic cache type (CacheCondition)

   HibernateJpaAutoConfiguration matched:
      - @ConditionalOnClass found required classes 'org.springframework.orm.jpa.LocalContainerEntityManagerFactoryBean', 'jakarta.persistence.EntityManager', 'org.hibernate.engine.spi.SessionImplementor' (OnClassCondition)

   HibernateJpaConfiguration matched:
      - @ConditionalOnSingleCandidate (types: javax.sql.DataSource; SearchStrategy: all) found a single bean 'dataSource' (OnBeanCondition)

   HttpEncodingAutoConfiguration matched:
      - @ConditionalOnClass found required class 'org.springframework.web.filter.CharacterEncodingFilter' (OnClassCondition)
      - found 'session' scope (OnWebApplicationCondition)
      - @ConditionalOnProperty (server.servlet.encoding.enabled) matched (OnPropertyCondition)

   HttpEncodingAutoConfiguration#characterEncodingFilter matched:
      - @ConditionalOnMissingBean (types: org.springframework.web.filter.CharacterEncodingFilter; SearchStrategy: all) did not find any beans (OnBeanCondition)

   HttpMessageConvertersAutoConfiguration matched:
      - @ConditionalOnClass found required class 'org.springframework.http.converter.HttpMessageConverter' (OnClassCondition)
      - NoneNestedConditions 0 matched 1 did not; NestedCondition on HttpMessageConvertersAutoConfiguration.NotReactiveWebApplicationCondition.ReactiveWebApplication did not find reactive web application classes (HttpMessageConvertersAutoConfiguration.NotReactiveWebApplicationCondition)

   HttpMessageConvertersAutoConfiguration#messageConverters matched:
      - @ConditionalOnMissingBean (types: org.springframework.boot.autoconfigure.http.HttpMessageConverters; SearchStrategy: all) did not find any beans (OnBeanCondition)

   HttpMessageConvertersAutoConfiguration.StringHttpMessageConverterConfiguration matched:
      - @ConditionalOnClass found required class 'org.springframework.http.converter.StringHttpMessageConverter' (OnClassCondition)

   HttpMessageConvertersAutoConfiguration.StringHttpMessageConverterConfiguration#stringHttpMessageConverter matched:
      - @ConditionalOnMissingBean (types: org.springframework.http.converter.StringHttpMessageConverter; SearchStrategy: all) did not find any beans (OnBeanCondition)

   JacksonAutoConfiguration matched:
      - @ConditionalOnClass found required class 'com.fasterxml.jackson.databind.ObjectMapper' (OnClassCondition)

   JacksonAutoConfiguration.Jackson2ObjectMapperBuilderCustomizerConfiguration matched:
      - @ConditionalOnClass found required class 'org.springframework.http.converter.json.Jackson2ObjectMapperBuilder' (OnClassCondition)

   JacksonAutoConfiguration.JacksonObjectMapperBuilderConfiguration matched:
      - @ConditionalOnClass found required class 'org.springframework.http.converter.json.Jackson2ObjectMapperBuilder' (OnClassCondition)

   JacksonAutoConfiguration.JacksonObjectMapperBuilderConfiguration#jacksonObjectMapperBuilder matched:
      - @ConditionalOnMissingBean (types: org.springframework.http.converter.json.Jackson2ObjectMapperBuilder; SearchStrategy: all) did not find any beans (OnBeanCondition)

   JacksonAutoConfiguration.JacksonObjectMapperConfiguration matched:
      - @ConditionalOnClass found required class 'org.springframework.http.converter.json.Jackson2ObjectMapperBuilder' (OnClassCondition)

   JacksonAutoConfiguration.JacksonObjectMapperConfiguration#jacksonObjectMapper matched:
      - @ConditionalOnMissingBean (types: com.fasterxml.jackson.databind.ObjectMapper; SearchStrategy: all) did not find any beans (OnBeanCondition)

   JacksonAutoConfiguration.ParameterNamesModuleConfiguration matched:
      - @ConditionalOnClass found required class 'com.fasterxml.jackson.module.paramnames.ParameterNamesModule' (OnClassCondition)

   JacksonAutoConfiguration.ParameterNamesModuleConfiguration#parameterNamesModule matched:
      - @ConditionalOnMissingBean (types: com.fasterxml.jackson.module.paramnames.ParameterNamesModule; SearchStrategy: all) did not find any beans (OnBeanCondition)

   JacksonHttpMessageConvertersConfiguration.MappingJackson2HttpMessageConverterConfiguration matched:
      - @ConditionalOnClass found required class 'com.fasterxml.jackson.databind.ObjectMapper' (OnClassCondition)
      - @ConditionalOnProperty (spring.mvc.converters.preferred-json-mapper=jackson) matched (OnPropertyCondition)
      - @ConditionalOnBean (types: com.fasterxml.jackson.databind.ObjectMapper; SearchStrategy: all) found bean 'jacksonObjectMapper' (OnBeanCondition)

   JacksonHttpMessageConvertersConfiguration.MappingJackson2HttpMessageConverterConfiguration#mappingJackson2HttpMessageConverter matched:
      - @ConditionalOnMissingBean (types: org.springframework.http.converter.json.MappingJackson2HttpMessageConverter ignored: org.springframework.hateoas.server.mvc.TypeConstrainedMappingJackson2HttpMessageConverter,org.springframework.data.rest.webmvc.alps.AlpsJsonHttpMessageConverter; SearchStrategy: all) did not find any beans (OnBeanCondition)

   JdbcClientAutoConfiguration matched:
      - @ConditionalOnSingleCandidate (types: org.springframework.jdbc.core.namedparam.NamedParameterJdbcTemplate; SearchStrategy: all) found a single bean 'namedParameterJdbcTemplate'; @ConditionalOnMissingBean (types: org.springframework.jdbc.core.simple.JdbcClient; SearchStrategy: all) did not find any beans (OnBeanCondition)

   JdbcTemplateAutoConfiguration matched:
      - @ConditionalOnClass found required classes 'javax.sql.DataSource', 'org.springframework.jdbc.core.JdbcTemplate' (OnClassCondition)
      - @ConditionalOnSingleCandidate (types: javax.sql.DataSource; SearchStrategy: all) found a single bean 'dataSource' (OnBeanCondition)

   JdbcTemplateConfiguration matched:
      - @ConditionalOnMissingBean (types: org.springframework.jdbc.core.JdbcOperations; SearchStrategy: all) did not find any beans (OnBeanCondition)

   JmxAutoConfiguration matched:
      - @ConditionalOnClass found required class 'org.springframework.jmx.export.MBeanExporter' (OnClassCondition)
      - @ConditionalOnProperty (spring.jmx.enabled=true) matched (OnPropertyCondition)

   JmxAutoConfiguration#mbeanExporter matched:
      - @ConditionalOnMissingBean (types: org.springframework.jmx.export.MBeanExporter; SearchStrategy: current) did not find any beans (OnBeanCondition)

   JmxAutoConfiguration#mbeanServer matched:
      - @ConditionalOnMissingBean (types: javax.management.MBeanServer; SearchStrategy: all) did not find any beans (OnBeanCondition)

   JmxAutoConfiguration#objectNamingStrategy matched:
      - @ConditionalOnMissingBean (types: org.springframework.jmx.export.naming.ObjectNamingStrategy; SearchStrategy: current) did not find any beans (OnBeanCondition)

   JpaBaseConfiguration#entityManagerFactory matched:
      - @ConditionalOnMissingBean (types: org.springframework.orm.jpa.LocalContainerEntityManagerFactoryBean,jakarta.persistence.EntityManagerFactory; SearchStrategy: all) did not find any beans (OnBeanCondition)

   JpaBaseConfiguration#entityManagerFactoryBuilder matched:
      - @ConditionalOnMissingBean (types: org.springframework.boot.orm.jpa.EntityManagerFactoryBuilder; SearchStrategy: all) did not find any beans (OnBeanCondition)

   JpaBaseConfiguration#jpaVendorAdapter matched:
      - @ConditionalOnMissingBean (types: org.springframework.orm.jpa.JpaVendorAdapter; SearchStrategy: all) did not find any beans (OnBeanCondition)

   JpaBaseConfiguration#transactionManager matched:
      - @ConditionalOnMissingBean (types: org.springframework.transaction.TransactionManager; SearchStrategy: all) did not find any beans (OnBeanCondition)

   JpaBaseConfiguration.JpaWebConfiguration matched:
      - @ConditionalOnClass found required class 'org.springframework.web.servlet.config.annotation.WebMvcConfigurer' (OnClassCondition)
      - found 'session' scope (OnWebApplicationCondition)
      - @ConditionalOnProperty (spring.jpa.open-in-view=true) matched (OnPropertyCondition)
      - @ConditionalOnMissingBean (types: org.springframework.orm.jpa.support.OpenEntityManagerInViewInterceptor,org.springframework.orm.jpa.support.OpenEntityManagerInViewFilter; SearchStrategy: all) did not find any beans (OnBeanCondition)

   JpaBaseConfiguration.PersistenceManagedTypesConfiguration matched:
      - @ConditionalOnMissingBean (types: org.springframework.orm.jpa.LocalContainerEntityManagerFactoryBean,jakarta.persistence.EntityManagerFactory; SearchStrategy: all) did not find any beans (OnBeanCondition)

   JpaBaseConfiguration.PersistenceManagedTypesConfiguration#persistenceManagedTypes matched:
      - @ConditionalOnMissingBean (types: org.springframework.orm.jpa.persistenceunit.PersistenceManagedTypes; SearchStrategy: all) did not find any beans (OnBeanCondition)

   JpaRepositoriesAutoConfiguration matched:
      - @ConditionalOnClass found required class 'org.springframework.data.jpa.repository.JpaRepository' (OnClassCondition)
      - @ConditionalOnProperty (spring.data.jpa.repositories.enabled=true) matched (OnPropertyCondition)
      - @ConditionalOnBean (types: javax.sql.DataSource; SearchStrategy: all) found bean 'dataSource'; @ConditionalOnMissingBean (types: org.springframework.data.jpa.repository.support.JpaRepositoryFactoryBean,org.springframework.data.jpa.repository.config.JpaRepositoryConfigExtension; SearchStrategy: all) did not find any beans (OnBeanCondition)

   JtaAutoConfiguration matched:
      - @ConditionalOnClass found required class 'jakarta.transaction.Transaction' (OnClassCondition)
      - @ConditionalOnProperty (spring.jta.enabled) matched (OnPropertyCondition)

   LifecycleAutoConfiguration#defaultLifecycleProcessor matched:
      - @ConditionalOnMissingBean (names: lifecycleProcessor; SearchStrategy: current) did not find any beans (OnBeanCondition)

   MultipartAutoConfiguration matched:
      - @ConditionalOnClass found required classes 'jakarta.servlet.Servlet', 'org.springframework.web.multipart.support.StandardServletMultipartResolver', 'jakarta.servlet.MultipartConfigElement' (OnClassCondition)
      - found 'session' scope (OnWebApplicationCondition)
      - @ConditionalOnProperty (spring.servlet.multipart.enabled) matched (OnPropertyCondition)

   MultipartAutoConfiguration#multipartConfigElement matched:
      - @ConditionalOnMissingBean (types: jakarta.servlet.MultipartConfigElement; SearchStrategy: all) did not find any beans (OnBeanCondition)

   MultipartAutoConfiguration#multipartResolver matched:
      - @ConditionalOnMissingBean (types: org.springframework.web.multipart.MultipartResolver; SearchStrategy: all) did not find any beans (OnBeanCondition)

   NamedParameterJdbcTemplateConfiguration matched:
      - @ConditionalOnSingleCandidate (types: org.springframework.jdbc.core.JdbcTemplate; SearchStrategy: all) found a single bean 'jdbcTemplate'; @ConditionalOnMissingBean (types: org.springframework.jdbc.core.namedparam.NamedParameterJdbcOperations; SearchStrategy: all) did not find any beans (OnBeanCondition)

   NoOpCacheConfiguration matched:
      - Cache org.springframework.boot.autoconfigure.cache.NoOpCacheConfiguration automatic cache type (CacheCondition)

   PersistenceExceptionTranslationAutoConfiguration matched:
      - @ConditionalOnClass found required class 'org.springframework.dao.annotation.PersistenceExceptionTranslationPostProcessor' (OnClassCondition)

   PersistenceExceptionTranslationAutoConfiguration#persistenceExceptionTranslationPostProcessor matched:
      - @ConditionalOnProperty (spring.dao.exceptiontranslation.enabled) matched (OnPropertyCondition)
      - @ConditionalOnMissingBean (types: org.springframework.dao.annotation.PersistenceExceptionTranslationPostProcessor; SearchStrategy: all) did not find any beans (OnBeanCondition)

   PropertyPlaceholderAutoConfiguration#propertySourcesPlaceholderConfigurer matched:
      - @ConditionalOnMissingBean (types: org.springframework.context.support.PropertySourcesPlaceholderConfigurer; SearchStrategy: current) did not find any beans (OnBeanCondition)

   RestClientAutoConfiguration matched:
      - @ConditionalOnClass found required class 'org.springframework.web.client.RestClient' (OnClassCondition)
      - NoneNestedConditions 0 matched 1 did not; NestedCondition on NotReactiveWebApplicationCondition.ReactiveWebApplication did not find reactive web application classes (NotReactiveWebApplicationCondition)

   RestClientAutoConfiguration#httpMessageConvertersRestClientCustomizer matched:
      - @ConditionalOnMissingBean (types: org.springframework.boot.autoconfigure.web.client.HttpMessageConvertersRestClientCustomizer; SearchStrategy: all) did not find any beans (OnBeanCondition)

   RestClientAutoConfiguration#restClientBuilder matched:
      - @ConditionalOnMissingBean (types: org.springframework.web.client.RestClient$Builder; SearchStrategy: all) did not find any beans (OnBeanCondition)

   RestClientAutoConfiguration#restClientBuilderConfigurer matched:
      - @ConditionalOnMissingBean (types: org.springframework.boot.autoconfigure.web.client.RestClientBuilderConfigurer; SearchStrategy: all) did not find any beans (OnBeanCondition)

   RestClientAutoConfiguration#restClientSsl matched:
      - @ConditionalOnBean (types: org.springframework.boot.ssl.SslBundles; SearchStrategy: all) found bean 'sslBundleRegistry'; @ConditionalOnMissingBean (types: org.springframework.boot.autoconfigure.web.client.RestClientSsl; SearchStrategy: all) did not find any beans (OnBeanCondition)

   RestTemplateAutoConfiguration matched:
      - @ConditionalOnClass found required class 'org.springframework.web.client.RestTemplate' (OnClassCondition)
      - NoneNestedConditions 0 matched 1 did not; NestedCondition on NotReactiveWebApplicationCondition.ReactiveWebApplication did not find reactive web application classes (NotReactiveWebApplicationCondition)

   RestTemplateAutoConfiguration#restTemplateBuilder matched:
      - @ConditionalOnMissingBean (types: org.springframework.boot.web.client.RestTemplateBuilder; SearchStrategy: all) did not find any beans (OnBeanCondition)

   SecurityAutoConfiguration matched:
      - @ConditionalOnClass found required class 'org.springframework.security.authentication.DefaultAuthenticationEventPublisher' (OnClassCondition)

   SecurityAutoConfiguration#authenticationEventPublisher matched:
      - @ConditionalOnMissingBean (types: org.springframework.security.authentication.AuthenticationEventPublisher; SearchStrategy: all) did not find any beans (OnBeanCondition)

   SecurityFilterAutoConfiguration matched:
      - @ConditionalOnClass found required classes 'org.springframework.security.web.context.AbstractSecurityWebApplicationInitializer', 'org.springframework.security.config.http.SessionCreationPolicy' (OnClassCondition)
      - found 'session' scope (OnWebApplicationCondition)

   SecurityFilterAutoConfiguration#securityFilterChainRegistration matched:
      - @ConditionalOnBean (names: springSecurityFilterChain; SearchStrategy: all) found bean 'springSecurityFilterChain' (OnBeanCondition)

   ServletWebServerFactoryAutoConfiguration matched:
      - @ConditionalOnClass found required class 'jakarta.servlet.ServletRequest' (OnClassCondition)
      - found 'session' scope (OnWebApplicationCondition)

   ServletWebServerFactoryAutoConfiguration#tomcatServletWebServerFactoryCustomizer matched:
      - @ConditionalOnClass found required class 'org.apache.catalina.startup.Tomcat' (OnClassCondition)

   ServletWebServerFactoryConfiguration.EmbeddedTomcat matched:
      - @ConditionalOnClass found required classes 'jakarta.servlet.Servlet', 'org.apache.catalina.startup.Tomcat', 'org.apache.coyote.UpgradeProtocol' (OnClassCondition)
      - @ConditionalOnMissingBean (types: org.springframework.boot.web.servlet.server.ServletWebServerFactory; SearchStrategy: current) did not find any beans (OnBeanCondition)

   SimpleCacheConfiguration matched:
      - Cache org.springframework.boot.autoconfigure.cache.SimpleCacheConfiguration automatic cache type (CacheCondition)

   SpringApplicationAdminJmxAutoConfiguration matched:
      - @ConditionalOnProperty (spring.application.admin.enabled=true) matched (OnPropertyCondition)

   SpringApplicationAdminJmxAutoConfiguration#springApplicationAdminRegistrar matched:
      - @ConditionalOnMissingBean (types: org.springframework.boot.admin.SpringApplicationAdminMXBeanRegistrar; SearchStrategy: all) did not find any beans (OnBeanCondition)

   SpringBootWebSecurityConfiguration matched:
      - found 'session' scope (OnWebApplicationCondition)

   SpringBootWebSecurityConfiguration.WebSecurityEnablerConfiguration matched:
      - @ConditionalOnClass found required class 'org.springframework.security.config.annotation.web.configuration.EnableWebSecurity' (OnClassCondition)
      - @ConditionalOnMissingBean (names: springSecurityFilterChain; SearchStrategy: all) did not find any beans (OnBeanCondition)

   SpringDataWebAutoConfiguration matched:
      - @ConditionalOnClass found required classes 'org.springframework.data.web.PageableHandlerMethodArgumentResolver', 'org.springframework.web.servlet.config.annotation.WebMvcConfigurer' (OnClassCondition)
      - found 'session' scope (OnWebApplicationCondition)
      - @ConditionalOnMissingBean (types: org.springframework.data.web.PageableHandlerMethodArgumentResolver; SearchStrategy: all) did not find any beans (OnBeanCondition)

   SpringDataWebAutoConfiguration#pageableCustomizer matched:
      - @ConditionalOnMissingBean (types: org.springframework.data.web.config.PageableHandlerMethodArgumentResolverCustomizer; SearchStrategy: all) did not find any beans (OnBeanCondition)

   SpringDataWebAutoConfiguration#sortCustomizer matched:
      - @ConditionalOnMissingBean (types: org.springframework.data.web.config.SortHandlerMethodArgumentResolverCustomizer; SearchStrategy: all) did not find any beans (OnBeanCondition)

   SqlInitializationAutoConfiguration matched:
      - @ConditionalOnProperty (spring.sql.init.enabled) matched (OnPropertyCondition)
      - NoneNestedConditions 0 matched 1 did not; NestedCondition on SqlInitializationAutoConfiguration.SqlInitializationModeCondition.ModeIsNever @ConditionalOnProperty (spring.sql.init.mode=never) did not find property 'mode' (SqlInitializationAutoConfiguration.SqlInitializationModeCondition)

   SslAutoConfiguration#sslBundleRegistry matched:
      - @ConditionalOnMissingBean (types: org.springframework.boot.ssl.SslBundleRegistry,org.springframework.boot.ssl.SslBundles; SearchStrategy: all) did not find any beans (OnBeanCondition)

   TaskExecutionAutoConfiguration matched:
      - @ConditionalOnClass found required class 'org.springframework.scheduling.concurrent.ThreadPoolTaskExecutor' (OnClassCondition)

   TaskExecutorConfigurations.SimpleAsyncTaskExecutorBuilderConfiguration#simpleAsyncTaskExecutorBuilder matched:
      - @ConditionalOnMissingBean (types: org.springframework.boot.task.SimpleAsyncTaskExecutorBuilder; SearchStrategy: all) did not find any beans (OnBeanCondition)
      - @ConditionalOnThreading found PLATFORM (OnThreadingCondition)

   TaskExecutorConfigurations.TaskExecutorBuilderConfiguration#taskExecutorBuilder matched:
      - @ConditionalOnMissingBean (types: org.springframework.boot.task.TaskExecutorBuilder; SearchStrategy: all) did not find any beans (OnBeanCondition)

   TaskExecutorConfigurations.TaskExecutorConfiguration matched:
      - @ConditionalOnMissingBean (types: java.util.concurrent.Executor; SearchStrategy: all) did not find any beans (OnBeanCondition)

   TaskExecutorConfigurations.TaskExecutorConfiguration#applicationTaskExecutor matched:
      - @ConditionalOnThreading found PLATFORM (OnThreadingCondition)

   TaskExecutorConfigurations.ThreadPoolTaskExecutorBuilderConfiguration#threadPoolTaskExecutorBuilder matched:
      - @ConditionalOnMissingBean (types: org.springframework.boot.task.TaskExecutorBuilder,org.springframework.boot.task.ThreadPoolTaskExecutorBuilder; SearchStrategy: all) did not find any beans (OnBeanCondition)

   TaskSchedulingAutoConfiguration matched:
      - @ConditionalOnClass found required class 'org.springframework.scheduling.concurrent.ThreadPoolTaskScheduler' (OnClassCondition)

   TaskSchedulingConfigurations.SimpleAsyncTaskSchedulerBuilderConfiguration#simpleAsyncTaskSchedulerBuilder matched:
      - @ConditionalOnMissingBean (types: org.springframework.boot.task.SimpleAsyncTaskSchedulerBuilder; SearchStrategy: all) did not find any beans (OnBeanCondition)
      - @ConditionalOnThreading found PLATFORM (OnThreadingCondition)

   TaskSchedulingConfigurations.TaskSchedulerBuilderConfiguration#taskSchedulerBuilder matched:
      - @ConditionalOnMissingBean (types: org.springframework.boot.task.TaskSchedulerBuilder; SearchStrategy: all) did not find any beans (OnBeanCondition)

   TaskSchedulingConfigurations.ThreadPoolTaskSchedulerBuilderConfiguration#threadPoolTaskSchedulerBuilder matched:
      - @ConditionalOnMissingBean (types: org.springframework.boot.task.TaskSchedulerBuilder,org.springframework.boot.task.ThreadPoolTaskSchedulerBuilder; SearchStrategy: all) did not find any beans (OnBeanCondition)

   TransactionAutoConfiguration matched:
      - @ConditionalOnClass found required class 'org.springframework.transaction.PlatformTransactionManager' (OnClassCondition)

   TransactionAutoConfiguration.EnableTransactionManagementConfiguration matched:
      - @ConditionalOnBean (types: org.springframework.transaction.TransactionManager; SearchStrategy: all) found bean 'transactionManager'; @ConditionalOnMissingBean (types: org.springframework.transaction.annotation.AbstractTransactionManagementConfiguration; SearchStrategy: all) did not find any beans (OnBeanCondition)

   TransactionAutoConfiguration.EnableTransactionManagementConfiguration.CglibAutoProxyConfiguration matched:
      - @ConditionalOnProperty (spring.aop.proxy-target-class=true) matched (OnPropertyCondition)

   TransactionAutoConfiguration.TransactionTemplateConfiguration matched:
      - @ConditionalOnSingleCandidate (types: org.springframework.transaction.PlatformTransactionManager; SearchStrategy: all) found a single bean 'transactionManager' (OnBeanCondition)

   TransactionAutoConfiguration.TransactionTemplateConfiguration#transactionTemplate matched:
      - @ConditionalOnMissingBean (types: org.springframework.transaction.support.TransactionOperations; SearchStrategy: all) did not find any beans (OnBeanCondition)

   TransactionManagerCustomizationAutoConfiguration matched:
      - @ConditionalOnClass found required class 'org.springframework.transaction.PlatformTransactionManager' (OnClassCondition)

   TransactionManagerCustomizationAutoConfiguration#platformTransactionManagerCustomizers matched:
      - @ConditionalOnMissingBean (types: org.springframework.boot.autoconfigure.transaction.TransactionManagerCustomizers; SearchStrategy: all) did not find any beans (OnBeanCondition)

   ValidationAutoConfiguration matched:
      - @ConditionalOnClass found required class 'jakarta.validation.executable.ExecutableValidator' (OnClassCondition)
      - @ConditionalOnResource found location classpath:META-INF/services/jakarta.validation.spi.ValidationProvider (OnResourceCondition)

   ValidationAutoConfiguration#defaultValidator matched:
      - @ConditionalOnMissingBean (types: jakarta.validation.Validator; SearchStrategy: all) did not find any beans (OnBeanCondition)

   ValidationAutoConfiguration#methodValidationPostProcessor matched:
      - @ConditionalOnMissingBean (types: org.springframework.validation.beanvalidation.MethodValidationPostProcessor; SearchStrategy: current) did not find any beans (OnBeanCondition)

   WebMvcAutoConfiguration matched:
      - @ConditionalOnClass found required classes 'jakarta.servlet.Servlet', 'org.springframework.web.servlet.DispatcherServlet', 'org.springframework.web.servlet.config.annotation.WebMvcConfigurer' (OnClassCondition)
      - found 'session' scope (OnWebApplicationCondition)
      - @ConditionalOnMissingBean (types: org.springframework.web.servlet.config.annotation.WebMvcConfigurationSupport; SearchStrategy: all) did not find any beans (OnBeanCondition)

   WebMvcAutoConfiguration#formContentFilter matched:
      - @ConditionalOnProperty (spring.mvc.formcontent.filter.enabled) matched (OnPropertyCondition)
      - @ConditionalOnMissingBean (types: org.springframework.web.filter.FormContentFilter; SearchStrategy: all) did not find any beans (OnBeanCondition)

   WebMvcAutoConfiguration.EnableWebMvcConfiguration#flashMapManager matched:
      - @ConditionalOnMissingBean (names: flashMapManager; SearchStrategy: all) did not find any beans (OnBeanCondition)

   WebMvcAutoConfiguration.EnableWebMvcConfiguration#localeResolver matched:
      - @ConditionalOnMissingBean (names: localeResolver; SearchStrategy: all) did not find any beans (OnBeanCondition)

   WebMvcAutoConfiguration.EnableWebMvcConfiguration#themeResolver matched:
      - @ConditionalOnMissingBean (names: themeResolver; SearchStrategy: all) did not find any beans (OnBeanCondition)

   WebMvcAutoConfiguration.WebMvcAutoConfigurationAdapter#defaultViewResolver matched:
      - @ConditionalOnMissingBean (types: org.springframework.web.servlet.view.InternalResourceViewResolver; SearchStrategy: all) did not find any beans (OnBeanCondition)

   WebMvcAutoConfiguration.WebMvcAutoConfigurationAdapter#requestContextFilter matched:
      - @ConditionalOnMissingBean (types: org.springframework.web.context.request.RequestContextListener,org.springframework.web.filter.RequestContextFilter; SearchStrategy: all) did not find any beans (OnBeanCondition)

   WebMvcAutoConfiguration.WebMvcAutoConfigurationAdapter#viewResolver matched:
      - @ConditionalOnBean (types: org.springframework.web.servlet.ViewResolver; SearchStrategy: all) found beans 'defaultViewResolver', 'beanNameViewResolver', 'mvcViewResolver'; @ConditionalOnMissingBean (names: viewResolver types: org.springframework.web.servlet.view.ContentNegotiatingViewResolver; SearchStrategy: all) did not find any beans (OnBeanCondition)

   WebSocketServletAutoConfiguration matched:
      - @ConditionalOnClass found required classes 'jakarta.servlet.Servlet', 'jakarta.websocket.server.ServerContainer' (OnClassCondition)
      - found 'session' scope (OnWebApplicationCondition)

   WebSocketServletAutoConfiguration.TomcatWebSocketConfiguration matched:
      - @ConditionalOnClass found required classes 'org.apache.catalina.startup.Tomcat', 'org.apache.tomcat.websocket.server.WsSci' (OnClassCondition)

   WebSocketServletAutoConfiguration.TomcatWebSocketConfiguration#websocketServletWebServerCustomizer matched:
      - @ConditionalOnMissingBean (names: websocketServletWebServerCustomizer; SearchStrategy: all) did not find any beans (OnBeanCondition)


Negative matches:
-----------------

   ActiveMQAutoConfiguration:
      Did not match:
         - @ConditionalOnClass did not find required class 'jakarta.jms.ConnectionFactory' (OnClassCondition)

   AopAutoConfiguration.AspectJAutoProxyingConfiguration.JdkDynamicAutoProxyConfiguration:
      Did not match:
         - @ConditionalOnProperty (spring.aop.proxy-target-class=false) did not find property 'proxy-target-class' (OnPropertyCondition)

   AopAutoConfiguration.ClassProxyingConfiguration:
      Did not match:
         - @ConditionalOnMissingClass found unwanted class 'org.aspectj.weaver.Advice' (OnClassCondition)

   ArtemisAutoConfiguration:
      Did not match:
         - @ConditionalOnClass did not find required class 'jakarta.jms.ConnectionFactory' (OnClassCondition)

   BatchAutoConfiguration:
      Did not match:
         - @ConditionalOnClass did not find required class 'org.springframework.batch.core.launch.JobLauncher' (OnClassCondition)

   Cache2kCacheConfiguration:
      Did not match:
         - @ConditionalOnClass did not find required class 'org.cache2k.Cache2kBuilder' (OnClassCondition)

   CacheAutoConfiguration:
      Did not match:
         - @ConditionalOnBean (types: org.springframework.cache.interceptor.CacheAspectSupport; SearchStrategy: all) did not find any beans of type org.springframework.cache.interceptor.CacheAspectSupport (OnBeanCondition)
      Matched:
         - @ConditionalOnClass found required class 'org.springframework.cache.CacheManager' (OnClassCondition)

   CacheAutoConfiguration.CacheManagerEntityManagerFactoryDependsOnPostProcessor:
      Did not match:
         - Ancestor org.springframework.boot.autoconfigure.cache.CacheAutoConfiguration did not match (ConditionEvaluationReport.AncestorsMatchedCondition)
      Matched:
         - @ConditionalOnClass found required class 'org.springframework.orm.jpa.LocalContainerEntityManagerFactoryBean' (OnClassCondition)

   CaffeineCacheConfiguration:
      Did not match:
         - @ConditionalOnClass did not find required class 'com.github.benmanes.caffeine.cache.Caffeine' (OnClassCondition)

   CassandraAutoConfiguration:
      Did not match:
         - @ConditionalOnClass did not find required class 'com.datastax.oss.driver.api.core.CqlSession' (OnClassCondition)

   CassandraDataAutoConfiguration:
      Did not match:
         - @ConditionalOnClass did not find required class 'com.datastax.oss.driver.api.core.CqlSession' (OnClassCondition)

   CassandraReactiveDataAutoConfiguration:
      Did not match:
         - @ConditionalOnClass did not find required class 'com.datastax.oss.driver.api.core.CqlSession' (OnClassCondition)

   CassandraReactiveRepositoriesAutoConfiguration:
      Did not match:
         - @ConditionalOnClass did not find required class 'org.springframework.data.cassandra.ReactiveSession' (OnClassCondition)

   CassandraRepositoriesAutoConfiguration:
      Did not match:
         - @ConditionalOnClass did not find required class 'com.datastax.oss.driver.api.core.CqlSession' (OnClassCondition)

   ClientHttpConnectorAutoConfiguration:
      Did not match:
         - @ConditionalOnClass did not find required class 'org.springframework.web.reactive.function.client.WebClient' (OnClassCondition)

   CodecsAutoConfiguration:
      Did not match:
         - @ConditionalOnClass did not find required class 'org.springframework.web.reactive.function.client.WebClient' (OnClassCondition)

   CouchbaseAutoConfiguration:
      Did not match:
         - @ConditionalOnClass did not find required class 'com.couchbase.client.java.Cluster' (OnClassCondition)

   CouchbaseCacheConfiguration:
      Did not match:
         - @ConditionalOnClass did not find required class 'com.couchbase.client.java.Cluster' (OnClassCondition)

   CouchbaseDataAutoConfiguration:
      Did not match:
         - @ConditionalOnClass did not find required class 'com.couchbase.client.java.Bucket' (OnClassCondition)

   CouchbaseReactiveDataAutoConfiguration:
      Did not match:
         - @ConditionalOnClass did not find required class 'com.couchbase.client.java.Cluster' (OnClassCondition)

   CouchbaseReactiveRepositoriesAutoConfiguration:
      Did not match:
         - @ConditionalOnClass did not find required class 'com.couchbase.client.java.Cluster' (OnClassCondition)

   CouchbaseRepositoriesAutoConfiguration:
      Did not match:
         - @ConditionalOnClass did not find required class 'com.couchbase.client.java.Bucket' (OnClassCondition)

   DataSourceAutoConfiguration.EmbeddedDatabaseConfiguration:
      Did not match:
         - EmbeddedDataSource spring.datasource.url is set (DataSourceAutoConfiguration.EmbeddedDatabaseCondition)

   DataSourceCheckpointRestoreConfiguration:
      Did not match:
         - @ConditionalOnClass did not find required class 'org.crac.Resource' (OnClassCondition)

   DataSourceConfiguration.Dbcp2:
      Did not match:
         - @ConditionalOnClass did not find required class 'org.apache.commons.dbcp2.BasicDataSource' (OnClassCondition)

   DataSourceConfiguration.Generic:
      Did not match:
         - @ConditionalOnProperty (spring.datasource.type) did not find property 'spring.datasource.type' (OnPropertyCondition)

   DataSourceConfiguration.OracleUcp:
      Did not match:
         - @ConditionalOnClass did not find required classes 'oracle.ucp.jdbc.PoolDataSourceImpl', 'oracle.jdbc.OracleConnection' (OnClassCondition)

   DataSourceConfiguration.Tomcat:
      Did not match:
         - @ConditionalOnClass did not find required class 'org.apache.tomcat.jdbc.pool.DataSource' (OnClassCondition)

   DataSourceJmxConfiguration.TomcatDataSourceJmxConfiguration:
      Did not match:
         - @ConditionalOnClass did not find required class 'org.apache.tomcat.jdbc.pool.DataSourceProxy' (OnClassCondition)

   DataSourcePoolMetadataProvidersConfiguration.CommonsDbcp2PoolDataSourceMetadataProviderConfiguration:
      Did not match:
         - @ConditionalOnClass did not find required class 'org.apache.commons.dbcp2.BasicDataSource' (OnClassCondition)

   DataSourcePoolMetadataProvidersConfiguration.OracleUcpPoolDataSourceMetadataProviderConfiguration:
      Did not match:
         - @ConditionalOnClass did not find required classes 'oracle.ucp.jdbc.PoolDataSource', 'oracle.jdbc.OracleConnection' (OnClassCondition)

   DataSourcePoolMetadataProvidersConfiguration.TomcatDataSourcePoolMetadataProviderConfiguration:
      Did not match:
         - @ConditionalOnClass did not find required class 'org.apache.tomcat.jdbc.pool.DataSource' (OnClassCondition)

   DataSourceTransactionManagerAutoConfiguration.JdbcTransactionManagerConfiguration#transactionManager:
      Did not match:
         - @ConditionalOnMissingBean (types: org.springframework.transaction.TransactionManager; SearchStrategy: all) found beans of type 'org.springframework.transaction.TransactionManager' transactionManager (OnBeanCondition)

   DispatcherServletAutoConfiguration.DispatcherServletConfiguration#multipartResolver:
      Did not match:
         - @ConditionalOnBean (types: org.springframework.web.multipart.MultipartResolver; SearchStrategy: all) did not find any beans of type org.springframework.web.multipart.MultipartResolver (OnBeanCondition)

   ElasticsearchClientAutoConfiguration:
      Did not match:
         - @ConditionalOnClass did not find required class 'co.elastic.clients.elasticsearch.ElasticsearchClient' (OnClassCondition)

   ElasticsearchDataAutoConfiguration:
      Did not match:
         - @ConditionalOnClass did not find required class 'org.springframework.data.elasticsearch.client.elc.ElasticsearchTemplate' (OnClassCondition)

   ElasticsearchRepositoriesAutoConfiguration:
      Did not match:
         - @ConditionalOnClass did not find required class 'org.springframework.data.elasticsearch.repository.ElasticsearchRepository' (OnClassCondition)

   ElasticsearchRestClientAutoConfiguration:
      Did not match:
         - @ConditionalOnClass did not find required class 'org.elasticsearch.client.RestClientBuilder' (OnClassCondition)

   EmbeddedLdapAutoConfiguration:
      Did not match:
         - @ConditionalOnClass did not find required class 'com.unboundid.ldap.listener.InMemoryDirectoryServer' (OnClassCondition)

   EmbeddedWebServerFactoryCustomizerAutoConfiguration.JettyWebServerFactoryCustomizerConfiguration:
      Did not match:
         - @ConditionalOnClass did not find required classes 'org.eclipse.jetty.server.Server', 'org.eclipse.jetty.util.Loader', 'org.eclipse.jetty.ee10.webapp.WebAppContext' (OnClassCondition)

   EmbeddedWebServerFactoryCustomizerAutoConfiguration.NettyWebServerFactoryCustomizerConfiguration:
      Did not match:
         - @ConditionalOnClass did not find required class 'reactor.netty.http.server.HttpServer' (OnClassCondition)

   EmbeddedWebServerFactoryCustomizerAutoConfiguration.TomcatWebServerFactoryCustomizerConfiguration#tomcatVirtualThreadsProtocolHandlerCustomizer:
      Did not match:
         - @ConditionalOnThreading did not find VIRTUAL (OnThreadingCondition)

   EmbeddedWebServerFactoryCustomizerAutoConfiguration.UndertowWebServerFactoryCustomizerConfiguration:
      Did not match:
         - @ConditionalOnClass did not find required classes 'io.undertow.Undertow', 'org.xnio.SslClientAuthMode' (OnClassCondition)

   ErrorWebFluxAutoConfiguration:
      Did not match:
         - @ConditionalOnClass did not find required class 'org.springframework.web.reactive.config.WebFluxConfigurer' (OnClassCondition)

   FlywayAutoConfiguration:
      Did not match:
         - @ConditionalOnClass did not find required class 'org.flywaydb.core.Flyway' (OnClassCondition)

   FreeMarkerAutoConfiguration:
      Did not match:
         - @ConditionalOnClass did not find required class 'freemarker.template.Configuration' (OnClassCondition)

   GraphQlAutoConfiguration:
      Did not match:
         - @ConditionalOnClass did not find required class 'graphql.GraphQL' (OnClassCondition)

   GraphQlQueryByExampleAutoConfiguration:
      Did not match:
         - @ConditionalOnClass did not find required class 'graphql.GraphQL' (OnClassCondition)

   GraphQlQuerydslAutoConfiguration:
      Did not match:
         - @ConditionalOnClass did not find required class 'com.querydsl.core.Query' (OnClassCondition)

   GraphQlRSocketAutoConfiguration:
      Did not match:
         - @ConditionalOnClass did not find required class 'graphql.GraphQL' (OnClassCondition)

   GraphQlReactiveQueryByExampleAutoConfiguration:
      Did not match:
         - @ConditionalOnClass did not find required class 'graphql.GraphQL' (OnClassCondition)

   GraphQlReactiveQuerydslAutoConfiguration:
      Did not match:
         - @ConditionalOnClass did not find required class 'com.querydsl.core.Query' (OnClassCondition)

   GraphQlWebFluxAutoConfiguration:
      Did not match:
         - @ConditionalOnClass did not find required class 'graphql.GraphQL' (OnClassCondition)

   GraphQlWebFluxSecurityAutoConfiguration:
      Did not match:
         - @ConditionalOnClass did not find required class 'graphql.GraphQL' (OnClassCondition)

   GraphQlWebMvcAutoConfiguration:
      Did not match:
         - @ConditionalOnClass did not find required class 'graphql.GraphQL' (OnClassCondition)

   GraphQlWebMvcSecurityAutoConfiguration:
      Did not match:
         - @ConditionalOnClass did not find required class 'graphql.GraphQL' (OnClassCondition)

   GroovyTemplateAutoConfiguration:
      Did not match:
         - @ConditionalOnClass did not find required class 'groovy.text.markup.MarkupTemplateEngine' (OnClassCondition)

   GsonAutoConfiguration:
      Did not match:
         - @ConditionalOnClass did not find required class 'com.google.gson.Gson' (OnClassCondition)

   GsonHttpMessageConvertersConfiguration:
      Did not match:
         - @ConditionalOnClass did not find required class 'com.google.gson.Gson' (OnClassCondition)

   H2ConsoleAutoConfiguration:
      Did not match:
         - @ConditionalOnClass did not find required class 'org.h2.server.web.JakartaWebServlet' (OnClassCondition)

   HazelcastAutoConfiguration:
      Did not match:
         - @ConditionalOnClass did not find required class 'com.hazelcast.core.HazelcastInstance' (OnClassCondition)

   HazelcastCacheConfiguration:
      Did not match:
         - @ConditionalOnClass did not find required class 'com.hazelcast.core.HazelcastInstance' (OnClassCondition)

   HazelcastJpaDependencyAutoConfiguration:
      Did not match:
         - @ConditionalOnClass did not find required class 'com.hazelcast.core.HazelcastInstance' (OnClassCondition)

   HttpHandlerAutoConfiguration:
      Did not match:
         - @ConditionalOnClass did not find required class 'org.springframework.web.reactive.DispatcherHandler' (OnClassCondition)

   HypermediaAutoConfiguration:
      Did not match:
         - @ConditionalOnClass did not find required class 'org.springframework.hateoas.EntityModel' (OnClassCondition)

   InfinispanCacheConfiguration:
      Did not match:
         - @ConditionalOnClass did not find required class 'org.infinispan.spring.embedded.provider.SpringEmbeddedCacheManager' (OnClassCondition)

   InfluxDbAutoConfiguration:
      Did not match:
         - @ConditionalOnClass did not find required class 'org.influxdb.InfluxDB' (OnClassCondition)

   IntegrationAutoConfiguration:
      Did not match:
         - @ConditionalOnClass did not find required class 'org.springframework.integration.config.EnableIntegration' (OnClassCondition)

   JCacheCacheConfiguration:
      Did not match:
         - @ConditionalOnClass did not find required class 'javax.cache.Caching' (OnClassCondition)

   JacksonHttpMessageConvertersConfiguration.MappingJackson2XmlHttpMessageConverterConfiguration:
      Did not match:
         - @ConditionalOnClass did not find required class 'com.fasterxml.jackson.dataformat.xml.XmlMapper' (OnClassCondition)

   JdbcRepositoriesAutoConfiguration:
      Did not match:
         - @ConditionalOnClass did not find required class 'org.springframework.data.jdbc.repository.config.AbstractJdbcConfiguration' (OnClassCondition)

   JerseyAutoConfiguration:
      Did not match:
         - @ConditionalOnClass did not find required class 'org.glassfish.jersey.server.spring.SpringComponentProvider' (OnClassCondition)

   JmsAutoConfiguration:
      Did not match:
         - @ConditionalOnClass did not find required class 'jakarta.jms.Message' (OnClassCondition)

   JndiConnectionFactoryAutoConfiguration:
      Did not match:
         - @ConditionalOnClass did not find required class 'org.springframework.jms.core.JmsTemplate' (OnClassCondition)

   JndiDataSourceAutoConfiguration:
      Did not match:
         - @ConditionalOnProperty (spring.datasource.jndi-name) did not find property 'jndi-name' (OnPropertyCondition)
      Matched:
         - @ConditionalOnClass found required classes 'javax.sql.DataSource', 'org.springframework.jdbc.datasource.embedded.EmbeddedDatabaseType' (OnClassCondition)

   JndiJtaConfiguration:
      Did not match:
         - @ConditionalOnJndi JNDI environment is not available (OnJndiCondition)
      Matched:
         - @ConditionalOnClass found required class 'org.springframework.transaction.jta.JtaTransactionManager' (OnClassCondition)

   JooqAutoConfiguration:
      Did not match:
         - @ConditionalOnClass did not find required class 'org.jooq.DSLContext' (OnClassCondition)

   JpaRepositoriesAutoConfiguration#entityManagerFactoryBootstrapExecutorCustomizer:
      Did not match:
         - AnyNestedCondition 0 matched 2 did not; NestedCondition on JpaRepositoriesAutoConfiguration.BootstrapExecutorCondition.LazyBootstrapMode @ConditionalOnProperty (spring.data.jpa.repositories.bootstrap-mode=lazy) did not find property 'bootstrap-mode'; NestedCondition on JpaRepositoriesAutoConfiguration.BootstrapExecutorCondition.DeferredBootstrapMode @ConditionalOnProperty (spring.data.jpa.repositories.bootstrap-mode=deferred) did not find property 'bootstrap-mode' (JpaRepositoriesAutoConfiguration.BootstrapExecutorCondition)

   JsonbAutoConfiguration:
      Did not match:
         - @ConditionalOnClass did not find required class 'jakarta.json.bind.Jsonb' (OnClassCondition)

   JsonbHttpMessageConvertersConfiguration:
      Did not match:
         - @ConditionalOnClass did not find required class 'jakarta.json.bind.Jsonb' (OnClassCondition)

   KafkaAutoConfiguration:
      Did not match:
         - @ConditionalOnClass did not find required class 'org.springframework.kafka.core.KafkaTemplate' (OnClassCondition)

   LdapAutoConfiguration:
      Did not match:
         - @ConditionalOnClass did not find required class 'org.springframework.ldap.core.ContextSource' (OnClassCondition)

   LdapRepositoriesAutoConfiguration:
      Did not match:
         - @ConditionalOnClass did not find required class 'org.springframework.data.ldap.repository.LdapRepository' (OnClassCondition)

   LiquibaseAutoConfiguration:
      Did not match:
         - @ConditionalOnClass did not find required class 'liquibase.change.DatabaseChange' (OnClassCondition)

   MailSenderAutoConfiguration:
      Did not match:
         - @ConditionalOnClass did not find required class 'jakarta.mail.internet.MimeMessage' (OnClassCondition)

   MailSenderValidatorAutoConfiguration:
      Did not match:
         - @ConditionalOnSingleCandidate did not find required type 'org.springframework.mail.javamail.JavaMailSenderImpl' (OnBeanCondition)

   MessageSourceAutoConfiguration:
      Did not match:
         - ResourceBundle did not find bundle with basename messages (MessageSourceAutoConfiguration.ResourceBundleCondition)

   MongoAutoConfiguration:
      Did not match:
         - @ConditionalOnClass did not find required class 'com.mongodb.client.MongoClient' (OnClassCondition)

   MongoDataAutoConfiguration:
      Did not match:
         - @ConditionalOnClass did not find required class 'com.mongodb.client.MongoClient' (OnClassCondition)

   MongoReactiveAutoConfiguration:
      Did not match:
         - @ConditionalOnClass did not find required class 'com.mongodb.reactivestreams.client.MongoClient' (OnClassCondition)

   MongoReactiveDataAutoConfiguration:
      Did not match:
         - @ConditionalOnClass did not find required class 'com.mongodb.reactivestreams.client.MongoClient' (OnClassCondition)

   MongoReactiveRepositoriesAutoConfiguration:
      Did not match:
         - @ConditionalOnClass did not find required class 'com.mongodb.reactivestreams.client.MongoClient' (OnClassCondition)

   MongoRepositoriesAutoConfiguration:
      Did not match:
         - @ConditionalOnClass did not find required class 'com.mongodb.client.MongoClient' (OnClassCondition)

   MustacheAutoConfiguration:
      Did not match:
         - @ConditionalOnClass did not find required class 'com.samskivert.mustache.Mustache' (OnClassCondition)

   Neo4jAutoConfiguration:
      Did not match:
         - @ConditionalOnClass did not find required class 'org.neo4j.driver.Driver' (OnClassCondition)

   Neo4jDataAutoConfiguration:
      Did not match:
         - @ConditionalOnClass did not find required class 'org.neo4j.driver.Driver' (OnClassCondition)

   Neo4jReactiveDataAutoConfiguration:
      Did not match:
         - @ConditionalOnClass did not find required class 'org.neo4j.driver.Driver' (OnClassCondition)

   Neo4jReactiveRepositoriesAutoConfiguration:
      Did not match:
         - @ConditionalOnClass did not find required class 'org.neo4j.driver.Driver' (OnClassCondition)

   Neo4jRepositoriesAutoConfiguration:
      Did not match:
         - @ConditionalOnClass did not find required class 'org.neo4j.driver.Driver' (OnClassCondition)

   NettyAutoConfiguration:
      Did not match:
         - @ConditionalOnClass did not find required class 'io.netty.util.NettyRuntime' (OnClassCondition)

   OAuth2AuthorizationServerAutoConfiguration:
      Did not match:
         - @ConditionalOnClass did not find required class 'org.springframework.security.oauth2.server.authorization.OAuth2Authorization' (OnClassCondition)

   OAuth2AuthorizationServerJwtAutoConfiguration:
      Did not match:
         - @ConditionalOnClass did not find required class 'org.springframework.security.oauth2.server.authorization.OAuth2Authorization' (OnClassCondition)

   OAuth2ClientAutoConfiguration:
      Did not match:
         - @ConditionalOnClass did not find required class 'org.springframework.security.oauth2.client.registration.ClientRegistration' (OnClassCondition)

   OAuth2ResourceServerAutoConfiguration:
      Did not match:
         - @ConditionalOnClass did not find required class 'org.springframework.security.oauth2.server.resource.authentication.BearerTokenAuthenticationToken' (OnClassCondition)

   ProjectInfoAutoConfiguration#buildProperties:
      Did not match:
         - @ConditionalOnResource did not find resource '${spring.info.build.location:classpath:META-INF/build-info.properties}' (OnResourceCondition)

   ProjectInfoAutoConfiguration#gitProperties:
      Did not match:
         - GitResource did not find git info at classpath:git.properties (ProjectInfoAutoConfiguration.GitResourceAvailableCondition)

   PulsarAutoConfiguration:
      Did not match:
         - @ConditionalOnClass did not find required class 'org.apache.pulsar.client.api.PulsarClient' (OnClassCondition)

   PulsarReactiveAutoConfiguration:
      Did not match:
         - @ConditionalOnClass did not find required class 'org.apache.pulsar.client.api.PulsarClient' (OnClassCondition)

   QuartzAutoConfiguration:
      Did not match:
         - @ConditionalOnClass did not find required class 'org.quartz.Scheduler' (OnClassCondition)

   R2dbcAutoConfiguration:
      Did not match:
         - @ConditionalOnClass did not find required class 'io.r2dbc.spi.ConnectionFactory' (OnClassCondition)

   R2dbcDataAutoConfiguration:
      Did not match:
         - @ConditionalOnClass did not find required class 'org.springframework.data.r2dbc.core.R2dbcEntityTemplate' (OnClassCondition)

   R2dbcInitializationConfiguration:
      Did not match:
         - @ConditionalOnClass did not find required classes 'io.r2dbc.spi.ConnectionFactory', 'org.springframework.r2dbc.connection.init.DatabasePopulator' (OnClassCondition)

   R2dbcRepositoriesAutoConfiguration:
      Did not match:
         - @ConditionalOnClass did not find required class 'io.r2dbc.spi.ConnectionFactory' (OnClassCondition)

   R2dbcTransactionManagerAutoConfiguration:
      Did not match:
         - @ConditionalOnClass did not find required class 'org.springframework.r2dbc.connection.R2dbcTransactionManager' (OnClassCondition)

   RSocketGraphQlClientAutoConfiguration:
      Did not match:
         - @ConditionalOnClass did not find required class 'graphql.GraphQL' (OnClassCondition)

   RSocketMessagingAutoConfiguration:
      Did not match:
         - @ConditionalOnClass did not find required class 'io.rsocket.RSocket' (OnClassCondition)

   RSocketRequesterAutoConfiguration:
      Did not match:
         - @ConditionalOnClass did not find required class 'io.rsocket.RSocket' (OnClassCondition)

   RSocketSecurityAutoConfiguration:
      Did not match:
         - @ConditionalOnClass did not find required class 'org.springframework.security.rsocket.core.SecuritySocketAcceptorInterceptor' (OnClassCondition)

   RSocketServerAutoConfiguration:
      Did not match:
         - @ConditionalOnClass did not find required class 'io.rsocket.core.RSocketServer' (OnClassCondition)

   RSocketStrategiesAutoConfiguration:
      Did not match:
         - @ConditionalOnClass did not find required class 'io.netty.buffer.PooledByteBufAllocator' (OnClassCondition)

   RabbitAutoConfiguration:
      Did not match:
         - @ConditionalOnClass did not find required class 'com.rabbitmq.client.Channel' (OnClassCondition)

   ReactiveElasticsearchClientAutoConfiguration:
      Did not match:
         - @ConditionalOnClass did not find required class 'co.elastic.clients.transport.ElasticsearchTransport' (OnClassCondition)

   ReactiveElasticsearchRepositoriesAutoConfiguration:
      Did not match:
         - @ConditionalOnClass did not find required class 'org.springframework.data.elasticsearch.client.elc.ReactiveElasticsearchClient' (OnClassCondition)

   ReactiveMultipartAutoConfiguration:
      Did not match:
         - @ConditionalOnClass did not find required class 'org.springframework.web.reactive.config.WebFluxConfigurer' (OnClassCondition)

   ReactiveOAuth2ClientAutoConfiguration:
      Did not match:
         - @ConditionalOnClass did not find required class 'reactor.core.publisher.Flux' (OnClassCondition)

   ReactiveOAuth2ResourceServerAutoConfiguration:
      Did not match:
         - @ConditionalOnWebApplication did not find reactive web application classes (OnWebApplicationCondition)

   ReactiveSecurityAutoConfiguration:
      Did not match:
         - @ConditionalOnClass did not find required class 'reactor.core.publisher.Flux' (OnClassCondition)

   ReactiveUserDetailsServiceAutoConfiguration:
      Did not match:
         - AnyNestedCondition 0 matched 2 did not; NestedCondition on ReactiveUserDetailsServiceAutoConfiguration.RSocketEnabledOrReactiveWebApplication.ReactiveWebApplicationCondition did not find reactive web application classes; NestedCondition on ReactiveUserDetailsServiceAutoConfiguration.RSocketEnabledOrReactiveWebApplication.RSocketSecurityEnabledCondition @ConditionalOnBean (types: org.springframework.messaging.rsocket.annotation.support.RSocketMessageHandler; SearchStrategy: all) did not find any beans of type org.springframework.messaging.rsocket.annotation.support.RSocketMessageHandler (ReactiveUserDetailsServiceAutoConfiguration.RSocketEnabledOrReactiveWebApplication)
      Matched:
         - @ConditionalOnClass found required class 'org.springframework.security.authentication.ReactiveAuthenticationManager' (OnClassCondition)
         - AnyNestedCondition 1 matched 2 did not; NestedCondition on ReactiveUserDetailsServiceAutoConfiguration.MissingAlternativeOrUserPropertiesConfigured.PasswordConfigured @ConditionalOnProperty (spring.security.user.password) did not find property 'password'; NestedCondition on ReactiveUserDetailsServiceAutoConfiguration.MissingAlternativeOrUserPropertiesConfigured.NameConfigured @ConditionalOnProperty (spring.security.user.name) did not find property 'name'; NestedCondition on ReactiveUserDetailsServiceAutoConfiguration.MissingAlternativeOrUserPropertiesConfigured.MissingAlternative @ConditionalOnMissingClass did not find unwanted classes 'org.springframework.security.oauth2.client.registration.ClientRegistrationRepository', 'org.springframework.security.oauth2.server.resource.introspection.ReactiveOpaqueTokenIntrospector' (ReactiveUserDetailsServiceAutoConfiguration.MissingAlternativeOrUserPropertiesConfigured)

   ReactiveWebServerFactoryAutoConfiguration:
      Did not match:
         - @ConditionalOnWebApplication did not find reactive web application classes (OnWebApplicationCondition)

   ReactorAutoConfiguration:
      Did not match:
         - @ConditionalOnClass did not find required class 'reactor.core.publisher.Hooks' (OnClassCondition)

   RedisAutoConfiguration:
      Did not match:
         - @ConditionalOnClass did not find required class 'org.springframework.data.redis.core.RedisOperations' (OnClassCondition)

   RedisCacheConfiguration:
      Did not match:
         - @ConditionalOnClass did not find required class 'org.springframework.data.redis.connection.RedisConnectionFactory' (OnClassCondition)

   RedisReactiveAutoConfiguration:
      Did not match:
         - @ConditionalOnClass did not find required class 'reactor.core.publisher.Flux' (OnClassCondition)

   RedisRepositoriesAutoConfiguration:
      Did not match:
         - @ConditionalOnClass did not find required class 'org.springframework.data.redis.repository.configuration.EnableRedisRepositories' (OnClassCondition)

   RepositoryRestMvcAutoConfiguration:
      Did not match:
         - @ConditionalOnClass did not find required class 'org.springframework.data.rest.webmvc.config.RepositoryRestMvcConfiguration' (OnClassCondition)

   Saml2RelyingPartyAutoConfiguration:
      Did not match:
         - @ConditionalOnClass did not find required class 'org.springframework.security.saml2.provider.service.registration.RelyingPartyRegistrationRepository' (OnClassCondition)

   SecurityDataConfiguration:
      Did not match:
         - @ConditionalOnClass did not find required class 'org.springframework.security.data.repository.query.SecurityEvaluationContextExtension' (OnClassCondition)

   SendGridAutoConfiguration:
      Did not match:
         - @ConditionalOnClass did not find required class 'com.sendgrid.SendGrid' (OnClassCondition)

   ServletWebServerFactoryAutoConfiguration.ForwardedHeaderFilterConfiguration:
      Did not match:
         - @ConditionalOnProperty (server.forward-headers-strategy=framework) did not find property 'server.forward-headers-strategy' (OnPropertyCondition)

   ServletWebServerFactoryConfiguration.EmbeddedJetty:
      Did not match:
         - @ConditionalOnClass did not find required classes 'org.eclipse.jetty.server.Server', 'org.eclipse.jetty.util.Loader', 'org.eclipse.jetty.ee10.webapp.WebAppContext' (OnClassCondition)

   ServletWebServerFactoryConfiguration.EmbeddedUndertow:
      Did not match:
         - @ConditionalOnClass did not find required classes 'io.undertow.Undertow', 'org.xnio.SslClientAuthMode' (OnClassCondition)

   SessionAutoConfiguration:
      Did not match:
         - @ConditionalOnClass did not find required class 'org.springframework.session.Session' (OnClassCondition)

   SpringBootWebSecurityConfiguration.SecurityFilterChainConfiguration:
      Did not match:
         - AllNestedConditions 1 matched 1 did not; NestedCondition on DefaultWebSecurityCondition.Beans @ConditionalOnMissingBean (types: org.springframework.security.web.SecurityFilterChain; SearchStrategy: all) found beans of type 'org.springframework.security.web.SecurityFilterChain' securityFilterChain; NestedCondition on DefaultWebSecurityCondition.Classes @ConditionalOnClass found required classes 'org.springframework.security.web.SecurityFilterChain', 'org.springframework.security.config.annotation.web.builders.HttpSecurity' (DefaultWebSecurityCondition)

   TaskExecutorConfigurations.SimpleAsyncTaskExecutorBuilderConfiguration#simpleAsyncTaskExecutorBuilderVirtualThreads:
      Did not match:
         - @ConditionalOnMissingBean (types: org.springframework.boot.task.SimpleAsyncTaskExecutorBuilder; SearchStrategy: all) found beans of type 'org.springframework.boot.task.SimpleAsyncTaskExecutorBuilder' simpleAsyncTaskExecutorBuilder (OnBeanCondition)

   TaskExecutorConfigurations.TaskExecutorConfiguration#applicationTaskExecutorVirtualThreads:
      Did not match:
         - @ConditionalOnThreading did not find VIRTUAL (OnThreadingCondition)

   TaskSchedulingAutoConfiguration#scheduledBeanLazyInitializationExcludeFilter:
      Did not match:
         - @ConditionalOnBean (names: org.springframework.context.annotation.internalScheduledAnnotationProcessor; SearchStrategy: all) did not find any beans named org.springframework.context.annotation.internalScheduledAnnotationProcessor (OnBeanCondition)

   TaskSchedulingConfigurations.SimpleAsyncTaskSchedulerBuilderConfiguration#simpleAsyncTaskSchedulerBuilderVirtualThreads:
      Did not match:
         - @ConditionalOnMissingBean (types: org.springframework.boot.task.SimpleAsyncTaskSchedulerBuilder; SearchStrategy: all) found beans of type 'org.springframework.boot.task.SimpleAsyncTaskSchedulerBuilder' simpleAsyncTaskSchedulerBuilder (OnBeanCondition)

   TaskSchedulingConfigurations.TaskSchedulerConfiguration:
      Did not match:
         - @ConditionalOnBean (names: org.springframework.context.annotation.internalScheduledAnnotationProcessor; SearchStrategy: all) did not find any beans named org.springframework.context.annotation.internalScheduledAnnotationProcessor (OnBeanCondition)

   ThymeleafAutoConfiguration:
      Did not match:
         - @ConditionalOnClass did not find required class 'org.thymeleaf.spring6.SpringTemplateEngine' (OnClassCondition)

   TransactionAutoConfiguration#transactionalOperator:
      Did not match:
         - @ConditionalOnSingleCandidate (types: org.springframework.transaction.ReactiveTransactionManager; SearchStrategy: all) did not find any beans (OnBeanCondition)

   TransactionAutoConfiguration.AspectJTransactionManagementConfiguration:
      Did not match:
         - @ConditionalOnBean (types: org.springframework.transaction.aspectj.AbstractTransactionAspect; SearchStrategy: all) did not find any beans of type org.springframework.transaction.aspectj.AbstractTransactionAspect (OnBeanCondition)

   TransactionAutoConfiguration.EnableTransactionManagementConfiguration.JdkDynamicAutoProxyConfiguration:
      Did not match:
         - @ConditionalOnProperty (spring.aop.proxy-target-class=false) did not find property 'proxy-target-class' (OnPropertyCondition)

   UserDetailsServiceAutoConfiguration:
      Did not match:
         - @ConditionalOnMissingBean (types: org.springframework.security.authentication.AuthenticationManager,org.springframework.security.authentication.AuthenticationProvider,org.springframework.security.core.userdetails.UserDetailsService,org.springframework.security.authentication.AuthenticationManagerResolver,org.springframework.security.oauth2.jwt.JwtDecoder; SearchStrategy: all) found beans of type 'org.springframework.security.authentication.AuthenticationManager' authenticationManager and found beans of type 'org.springframework.security.core.userdetails.UserDetailsService' customUserDetailsService (OnBeanCondition)
      Matched:
         - @ConditionalOnClass found required class 'org.springframework.security.authentication.AuthenticationManager' (OnClassCondition)
         - AnyNestedCondition 1 matched 2 did not; NestedCondition on UserDetailsServiceAutoConfiguration.MissingAlternativeOrUserPropertiesConfigured.PasswordConfigured @ConditionalOnProperty (spring.security.user.password) did not find property 'password'; NestedCondition on UserDetailsServiceAutoConfiguration.MissingAlternativeOrUserPropertiesConfigured.NameConfigured @ConditionalOnProperty (spring.security.user.name) did not find property 'name'; NestedCondition on UserDetailsServiceAutoConfiguration.MissingAlternativeOrUserPropertiesConfigured.MissingAlternative @ConditionalOnMissingClass did not find unwanted classes 'org.springframework.security.oauth2.client.registration.ClientRegistrationRepository', 'org.springframework.security.oauth2.server.resource.introspection.OpaqueTokenIntrospector', 'org.springframework.security.saml2.provider.service.registration.RelyingPartyRegistrationRepository' (UserDetailsServiceAutoConfiguration.MissingAlternativeOrUserPropertiesConfigured)

   WebClientAutoConfiguration:
      Did not match:
         - @ConditionalOnClass did not find required class 'org.springframework.web.reactive.function.client.WebClient' (OnClassCondition)

   WebFluxAutoConfiguration:
      Did not match:
         - @ConditionalOnClass did not find required class 'org.springframework.web.reactive.config.WebFluxConfigurer' (OnClassCondition)

   WebMvcAutoConfiguration#hiddenHttpMethodFilter:
      Did not match:
         - @ConditionalOnProperty (spring.mvc.hiddenmethod.filter.enabled) did not find property 'enabled' (OnPropertyCondition)

   WebMvcAutoConfiguration.ProblemDetailsErrorHandlingConfiguration:
      Did not match:
         - @ConditionalOnProperty (spring.mvc.problemdetails.enabled=true) did not find property 'enabled' (OnPropertyCondition)

   WebMvcAutoConfiguration.ResourceChainCustomizerConfiguration:
      Did not match:
         - @ConditionalOnEnabledResourceChain did not find class org.webjars.WebJarAssetLocator (OnEnabledResourceChainCondition)

   WebMvcAutoConfiguration.WebMvcAutoConfigurationAdapter#beanNameViewResolver:
      Did not match:
         - @ConditionalOnMissingBean (types: org.springframework.web.servlet.view.BeanNameViewResolver; SearchStrategy: all) found beans of type 'org.springframework.web.servlet.view.BeanNameViewResolver' beanNameViewResolver (OnBeanCondition)

   WebServiceTemplateAutoConfiguration:
      Did not match:
         - @ConditionalOnClass did not find required class 'org.springframework.oxm.Marshaller' (OnClassCondition)

   WebServicesAutoConfiguration:
      Did not match:
         - @ConditionalOnClass did not find required class 'org.springframework.ws.transport.http.MessageDispatcherServlet' (OnClassCondition)

   WebSessionIdResolverAutoConfiguration:
      Did not match:
         - @ConditionalOnClass did not find required class 'reactor.core.publisher.Mono' (OnClassCondition)

   WebSocketMessagingAutoConfiguration:
      Did not match:
         - @ConditionalOnClass did not find required class 'org.springframework.web.socket.config.annotation.WebSocketMessageBrokerConfigurer' (OnClassCondition)

   WebSocketReactiveAutoConfiguration:
      Did not match:
         - @ConditionalOnWebApplication did not find reactive web application classes (OnWebApplicationCondition)

   WebSocketServletAutoConfiguration.JettyWebSocketConfiguration:
      Did not match:
         - @ConditionalOnClass did not find required class 'org.eclipse.jetty.ee10.websocket.jakarta.server.config.JakartaWebSocketServletContainerInitializer' (OnClassCondition)

   WebSocketServletAutoConfiguration.UndertowWebSocketConfiguration:
      Did not match:
         - @ConditionalOnClass did not find required class 'io.undertow.websockets.jsr.Bootstrap' (OnClassCondition)

   XADataSourceAutoConfiguration:
      Did not match:
         - @ConditionalOnBean (types: org.springframework.boot.jdbc.XADataSourceWrapper; SearchStrategy: all) did not find any beans of type org.springframework.boot.jdbc.XADataSourceWrapper (OnBeanCondition)
      Matched:
         - @ConditionalOnClass found required classes 'javax.sql.DataSource', 'jakarta.transaction.TransactionManager', 'org.springframework.jdbc.datasource.embedded.EmbeddedDatabaseType' (OnClassCondition)


Exclusions:
-----------

    None


Unconditional classes:
----------------------

    org.springframework.boot.autoconfigure.context.ConfigurationPropertiesAutoConfiguration

    org.springframework.boot.autoconfigure.ssl.SslAutoConfiguration

    org.springframework.boot.autoconfigure.context.LifecycleAutoConfiguration

    org.springframework.boot.autoconfigure.context.PropertyPlaceholderAutoConfiguration

    org.springframework.boot.autoconfigure.availability.ApplicationAvailabilityAutoConfiguration

    org.springframework.boot.autoconfigure.info.ProjectInfoAutoConfiguration



2026-02-18T03:28:23.766+02:00  INFO 8552 --- [medical-crm] [main] c.m.backend.MedicalCrmApplication        : Started MedicalCrmApplication in 7.62 seconds (process running for 8.486)
2026-02-18T03:28:23.767+02:00 DEBUG 8552 --- [medical-crm] [main] o.s.b.a.ApplicationAvailabilityBean      : Application availability state LivenessState changed to CORRECT
2026-02-18T03:28:23.769+02:00 DEBUG 8552 --- [medical-crm] [main] o.s.b.a.ApplicationAvailabilityBean      : Application availability state ReadinessState changed to ACCEPTING_TRAFFIC
2026-02-18T03:28:43.734+02:00 DEBUG 8552 --- [medical-crm] [SpringApplicationShutdownHook] o.s.b.a.ApplicationAvailabilityBean      : Application availability state ReadinessState changed from ACCEPTING_TRAFFIC to REFUSING_TRAFFIC
2026-02-18T03:28:43.735+02:00 DEBUG 8552 --- [medical-crm] [SpringApplicationShutdownHook] ConfigServletWebServerApplicationContext : Closing org.springframework.boot.web.servlet.context.AnnotationConfigServletWebServerApplicationContext@2dc995f4, started on Wed Feb 18 03:28:16 EET 2026
2026-02-18T03:28:43.737+02:00 DEBUG 8552 --- [medical-crm] [SpringApplicationShutdownHook] o.s.c.support.DefaultLifecycleProcessor  : Stopping beans in phase 2147483647
2026-02-18T03:28:43.737+02:00 DEBUG 8552 --- [medical-crm] [SpringApplicationShutdownHook] o.s.c.support.DefaultLifecycleProcessor  : Bean 'applicationTaskExecutor' completed its stop procedure
2026-02-18T03:28:43.737+02:00 DEBUG 8552 --- [medical-crm] [SpringApplicationShutdownHook] o.s.c.support.DefaultLifecycleProcessor  : Stopping beans in phase 2147482623
2026-02-18T03:28:43.738+02:00 DEBUG 8552 --- [medical-crm] [SpringApplicationShutdownHook] o.s.c.support.DefaultLifecycleProcessor  : Bean 'webServerGracefulShutdown' completed its stop procedure
2026-02-18T03:28:43.738+02:00 DEBUG 8552 --- [medical-crm] [SpringApplicationShutdownHook] o.s.c.support.DefaultLifecycleProcessor  : Stopping beans in phase 2147481599
2026-02-18T03:28:43.754+02:00 DEBUG 8552 --- [medical-crm] [SpringApplicationShutdownHook] o.s.c.support.DefaultLifecycleProcessor  : Bean 'webServerStartStop' completed its stop procedure
2026-02-18T03:28:43.754+02:00 DEBUG 8552 --- [medical-crm] [SpringApplicationShutdownHook] o.s.c.support.DefaultLifecycleProcessor  : Stopping beans in phase -2147483647
2026-02-18T03:28:43.754+02:00 DEBUG 8552 --- [medical-crm] [SpringApplicationShutdownHook] o.s.c.support.DefaultLifecycleProcessor  : Bean 'springBootLoggingLifecycle' completed its stop procedure
2026-02-18T03:28:43.754+02:00 DEBUG 8552 --- [medical-crm] [SpringApplicationShutdownHook] o.s.j.e.a.AnnotationMBeanExporter        : Unregistering JMX-exposed beans on shutdown
2026-02-18T03:28:43.755+02:00 DEBUG 8552 --- [medical-crm] [SpringApplicationShutdownHook] o.s.j.e.a.AnnotationMBeanExporter        : Unregistering JMX-exposed beans
2026-02-18T03:28:43.755+02:00 DEBUG 8552 --- [medical-crm] [SpringApplicationShutdownHook] o.s.s.concurrent.ThreadPoolTaskExecutor  : Shutting down ExecutorService 'applicationTaskExecutor'
2026-02-18T03:28:43.757+02:00  INFO 8552 --- [medical-crm] [SpringApplicationShutdownHook] j.LocalContainerEntityManagerFactoryBean : Closing JPA EntityManagerFactory for persistence unit 'default'
2026-02-18T03:28:43.758+02:00  INFO 8552 --- [medical-crm] [SpringApplicationShutdownHook] com.zaxxer.hikari.HikariDataSource       : HikariPool-1 - Shutdown initiated...
2026-02-18T03:28:43.762+02:00  INFO 8552 --- [medical-crm] [SpringApplicationShutdownHook] com.zaxxer.hikari.HikariDataSource       : HikariPool-1 - Shutdown completed.
